City,,Day_of_Week,Ride_Distance_KM,Ride_Type,Weather,Available_Drivers,Demand_Level,Hour_of_Day,Is_Weekend,Ride_Priority,Time_of_Day,Surge_Multiplier
Cần Thơ,,1,6.76,Xe Máy,Nhiều Mây,0.940635,0.408931,5,0,96.17,Chiều,1
Hồ Chí Minh,,3,3.34,Ô Tô 4 Chỗ,Mưa Bão,0.236479,0.818456,4,0,85.79,Cao điểm Sáng,3.18
Đà Nẵng,,5,8.86,Xe ViP,Mưa,0.916087,0.837136,23,1,94.6,Chiều,1.3
Hồ Chí Minh,,6,15.95,Xe ViP,Nhiều Mây,0.977525,0.933445,15,1,87.14,Cao điểm Tối,1.29
Hải Phòng,,1,19.5,Ô Tô 4 Chỗ,Nắng,0.843581,0.807745,12,0,84.91,Cao điểm Tối,1.39
Hà Nội,,3,16.48,Ô Tô 4 Chỗ,Nắng,0.466766,0.840493,17,0,84.57,Chiều,1.56
Hà Nội,,0,1.93,Xe ViP,Nắng,0.697425,0.593713,2,0,93.32,Đêm,1
Hà Nội,,6,13.51,Ô Tô 4 Chỗ,Mưa,0.294377,0.990464,12,1,88.98,Cao điểm Sáng,3.2
Đà Nẵng,,2,11.78,Ô Tô 4 Chỗ,Mưa Bão,0.579559,0.920623,4,0,94.86,Đêm,1.86
Cần Thơ,,5,7.33,Xe ViP,Nắng,0.768717,0.96086,19,1,89.24,Đêm,1.2
Đà Nẵng,,5,16.28,Ô Tô 4 Chỗ,Nắng,0.430289,0.537023,4,1,88.64,Chiều,1
Đà Nẵng,,6,7.65,Xe Máy,Mưa,0.328377,0.475942,0,1,91.95,Đêm,1.5
Hồ Chí Minh,,3,7.36,Xe Máy,Mưa Bão,0.599046,0.466938,6,0,85.25,Cao điểm Sáng,2.05
Hải Phòng,,1,13.87,Ô Tô 4 Chỗ,Mưa,0.681147,0.8452,9,0,97.67,Chiều,1.48
Đà Nẵng,,2,5.81,Ô Tô 4 Chỗ,Mưa,0.698497,0.724975,10,0,97.72,Chiều,1.3
Hải Phòng,,1,5.32,Ô Tô 4 Chỗ,Mưa Bão,0.817621,0.64386,1,0,89.79,Chiều,1.34
Hà Nội,,2,11.12,Xe ViP,Mưa,0.917067,0.442632,8,0,91.11,Đêm,1.3
Hải Phòng,,1,18.72,Xe Máy,Mưa,0.513326,0.848308,18,0,92.09,Cao điểm Tối,2.3
Hải Phòng,,4,1.04,Ô Tô 4 Chỗ,Nắng,0.521567,0.846507,20,0,93.29,Cao điểm Sáng,1.79
Hồ Chí Minh,,0,7.21,Ô Tô 4 Chỗ,Mưa,0.786823,0.406468,16,0,91.94,Chiều,1.2
Hà Nội,,2,0.64,Ô Tô 4 Chỗ,Nhiều Mây,0.601262,0.485763,14,0,93.89,Cao điểm Tối,1.1
Cần Thơ,,0,17.83,Xe Máy,Mưa Bão,0.865954,0.714748,17,0,96.14,Đêm,1.37
Cần Thơ,,4,1.36,Ô Tô 4 Chỗ,Mưa,0.209548,0.669883,22,0,98.17,Cao điểm Sáng,2.78
Hồ Chí Minh,,1,3.54,Xe ViP,Nắng,0.204128,0.905168,5,0,91.88,Cao điểm Tối,2.2
Hồ Chí Minh,,4,12.23,Xe Máy,Nắng,0.396884,0.616969,12,0,88.12,Chiều,1.33
Đà Nẵng,,1,2.71,Xe Máy,Nắng,0.401023,0.54696,15,0,87.48,Cao điểm Tối,1.39
Hà Nội,,6,6.41,Xe ViP,Mưa Bão,0.7322,0.699181,13,1,93.22,Đêm,1.12
Cần Thơ,,6,16.36,Ô Tô 4 Chỗ,Mưa,0.304491,0.585577,11,1,94.87,Cao điểm Sáng,2.33
Hồ Chí Minh,,5,10.65,Ô Tô 4 Chỗ,Mưa Bão,0.435916,0.904355,19,1,84.35,Cao điểm Tối,2.37
Đà Nẵng,,0,13.13,Xe ViP,Mưa,0.608527,0.475289,7,0,85.91,Cao điểm Sáng,2.24
Đà Nẵng,,5,19.69,Xe Máy,Nhiều Mây,0.534893,0.647199,5,1,90.26,Cao điểm Tối,1.26
Cần Thơ,,6,16.52,Xe ViP,Nắng,0.734388,0.773907,22,1,87.75,Cao điểm Tối,1.37
Cần Thơ,,0,1.05,Xe Máy,Mưa,0.765711,0.401799,18,0,95.17,Cao điểm Tối,2.42
Hà Nội,,4,4.11,Xe Máy,Nhiều Mây,0.419702,0.939973,5,0,91.03,Đêm,1.78
Cần Thơ,,1,5.12,Ô Tô 4 Chỗ,Nắng,0.224311,0.923008,14,0,96.29,Chiều,2.05
Hải Phòng,,1,6.19,Xe Máy,Mưa Bão,0.96901,0.52106,7,0,92.39,Chiều,1.34
Hà Nội,,1,19.04,Xe Máy,Mưa,0.314544,0.857543,18,0,89.79,Cao điểm Sáng,2.46
Đà Nẵng,,6,10.66,Ô Tô 4 Chỗ,Nhiều Mây,0.247247,0.535105,9,1,93.06,Cao điểm Sáng,1.57
Hà Nội,,3,3.94,Xe Máy,Mưa Bão,0.63149,0.552736,8,0,86.04,Chiều,1.12
Đà Nẵng,,2,5.09,Xe Máy,Nắng,0.699584,0.891865,14,0,95.16,Đêm,1.29
Hà Nội,,2,1.76,Xe ViP,Mưa Bão,0.595613,0.696363,12,0,91.99,Cao điểm Tối,2.3
Cần Thơ,,2,3.55,Xe Máy,Mưa Bão,0.90644,0.685429,8,0,93.13,Chiều,1.37
Hồ Chí Minh,,3,19.74,Ô Tô 4 Chỗ,Mưa,0.571061,0.639253,9,0,91.59,Cao điểm Sáng,2.53
Đà Nẵng,,4,2.36,Ô Tô 4 Chỗ,Mưa,0.732815,0.516448,2,0,87.01,Cao điểm Tối,2.39
Hải Phòng,,0,6.98,Xe ViP,Nắng,0.292707,0.517247,3,0,90.43,Chiều,1.34
Cần Thơ,,3,8.71,Xe Máy,Mưa Bão,0.363715,0.74244,13,0,94.87,Cao điểm Sáng,2.13
Hải Phòng,,2,18.74,Xe Máy,Mưa,0.557288,0.825993,15,0,96.3,Cao điểm Sáng,2.74
Hồ Chí Minh,,0,4.66,Xe Máy,Mưa Bão,0.237169,0.516025,6,0,94.22,Cao điểm Tối,2
Hải Phòng,,3,16.05,Ô Tô 4 Chỗ,Mưa Bão,0.246517,0.986722,10,0,96.57,Cao điểm Sáng,3.34
Hà Nội,,3,10.55,Xe ViP,Nhiều Mây,0.984626,0.760566,16,0,96.77,Chiều,1
Hải Phòng,,4,13.27,Xe ViP,Nắng,0.782891,0.994236,10,0,92.41,Chiều,1.32
Hải Phòng,,1,14.13,Xe ViP,Nhiều Mây,0.650402,0.614522,16,0,97.94,Đêm,1
Hà Nội,,3,15.21,Ô Tô 4 Chỗ,Nắng,0.412098,0.944513,9,0,92.16,Cao điểm Tối,2.08
Hà Nội,,5,13.01,Xe ViP,Mưa Bão,0.530867,0.636592,23,1,88.05,Đêm,1.36
Hải Phòng,,6,0.97,Xe ViP,Nắng,0.608657,0.490542,15,1,95.83,Chiều,1
Hải Phòng,,3,6.06,Ô Tô 4 Chỗ,Mưa Bão,0.846632,0.794292,20,0,83.6,Cao điểm Sáng,2
Hải Phòng,,1,15.08,Xe Máy,Mưa Bão,0.606806,0.504581,8,0,88.38,Đêm,1.14
Cần Thơ,,6,18.66,Xe ViP,Mưa Bão,0.263828,0.628418,14,1,89.85,Đêm,1.76
Hải Phòng,,5,8.78,Ô Tô 4 Chỗ,Nắng,0.411724,0.714506,4,1,94,Đêm,1.3
Cần Thơ,,3,3.73,Xe ViP,Mưa,0.327452,0.569175,17,0,94.15,Cao điểm Sáng,2.2
Cần Thơ,,2,1.1,Ô Tô 4 Chỗ,Mưa Bão,0.616954,0.943859,16,0,97.79,Cao điểm Tối,2.88
Hồ Chí Minh,,4,3.82,Ô Tô 4 Chỗ,Mưa,0.816736,0.982736,10,0,98.04,Cao điểm Sáng,2.75
Cần Thơ,,0,18.03,Xe Máy,Nắng,0.321886,0.930228,5,0,88.84,Đêm,1.91
Đà Nẵng,,0,12.56,Ô Tô 4 Chỗ,Mưa Bão,0.518395,0.987933,1,0,85.97,Chiều,2.09
Cần Thơ,,4,15.26,Xe ViP,Nắng,0.624271,0.722945,10,0,92.09,Cao điểm Tối,1.43
Hồ Chí Minh,,1,3.68,Xe ViP,Mưa,0.624424,0.594039,16,0,91.76,Đêm,1.14
Đà Nẵng,,6,3.96,Xe Máy,Nắng,0.432735,0.899571,11,1,90.61,Đêm,1.55
Hải Phòng,,2,6.88,Xe Máy,Nắng,0.753669,0.498341,19,0,94.64,Cao điểm Tối,1.34
Hà Nội,,6,19.63,Ô Tô 4 Chỗ,Nắng,0.35482,0.791153,19,1,97.42,Đêm,1.65
Hà Nội,,2,16.4,Ô Tô 4 Chỗ,Mưa Bão,0.535055,0.879321,20,0,90.04,Chiều,1.78
Hồ Chí Minh,,0,19.24,Xe Máy,Mưa,0.419381,0.773927,10,0,89.48,Chiều,1.76
Hồ Chí Minh,,2,17.39,Xe Máy,Mưa Bão,0.747239,0.698894,14,0,87.5,Chiều,1.34
Hải Phòng,,5,4.45,Xe ViP,Mưa,0.369585,0.5943,11,1,96.11,Cao điểm Sáng,2.19
Hồ Chí Minh,,6,14.22,Xe ViP,Nhiều Mây,0.444783,0.581041,7,1,94.12,Chiều,1.2
Hà Nội,,6,8.86,Ô Tô 4 Chỗ,Mưa Bão,0.501374,0.582877,10,1,95.51,Cao điểm Sáng,2.48
Hải Phòng,,5,16.41,Xe ViP,Nhiều Mây,0.923878,0.730239,7,1,86.24,Cao điểm Sáng,1.28
Cần Thơ,,1,8.91,Ô Tô 4 Chỗ,Nắng,0.816639,0.799256,19,0,87.57,Cao điểm Tối,1.12
Hải Phòng,,0,9.8,Xe Máy,Nhiều Mây,0.538443,0.931645,19,0,87.69,Cao điểm Tối,1.7
Hải Phòng,,2,9.26,Ô Tô 4 Chỗ,Nắng,0.472492,0.720981,17,0,98.12,Đêm,1.37
Cần Thơ,,1,17.37,Ô Tô 4 Chỗ,Nhiều Mây,0.693211,0.428395,1,0,93.17,Chiều,1
Hồ Chí Minh,,3,11.09,Xe Máy,Mưa,0.342231,0.772313,7,0,98.02,Chiều,1.83
Hồ Chí Minh,,5,0.77,Xe Máy,Mưa Bão,0.859666,0.664724,19,1,96,Chiều,1.12
Hồ Chí Minh,,2,0.83,Xe Máy,Nắng,0.373843,0.92533,10,0,87.47,Cao điểm Tối,2.12
Cần Thơ,,2,14.71,Xe Máy,Mưa Bão,0.726814,0.974328,12,0,97.99,Cao điểm Tối,2.43
Hà Nội,,4,11.05,Ô Tô 4 Chỗ,Mưa Bão,0.63012,0.772581,7,0,94.5,Cao điểm Sáng,2.24
Cần Thơ,,5,16.26,Xe Máy,Mưa Bão,0.234359,0.575622,6,1,93.98,Chiều,1.8
Hà Nội,,3,7.25,Ô Tô 4 Chỗ,Nhiều Mây,0.441422,0.713892,5,0,98.79,Đêm,1.41
Cần Thơ,,6,17.22,Xe ViP,Nắng,0.839211,0.814782,0,1,88.03,Đêm,1
Hồ Chí Minh,,0,6.02,Xe Máy,Mưa,0.6023,0.432226,13,0,94.84,Cao điểm Sáng,1.82
Cần Thơ,,5,19.87,Xe ViP,Nhiều Mây,0.714521,0.647449,18,1,88.07,Đêm,1
Đà Nẵng,,1,9.95,Xe Máy,Mưa Bão,0.912587,0.865366,19,0,86.59,Cao điểm Sáng,2.28
Hải Phòng,,3,13.71,Ô Tô 4 Chỗ,Nắng,0.523666,0.672192,8,0,99.43,Cao điểm Sáng,1.43
Đà Nẵng,,4,17.19,Xe ViP,Mưa,0.37655,0.542192,1,0,93.22,Cao điểm Tối,2.41
Cần Thơ,,1,13.21,Ô Tô 4 Chỗ,Mưa Bão,0.716332,0.905914,20,0,89.82,Cao điểm Sáng,2.06
Hà Nội,,1,6.28,Xe Máy,Mưa,0.739858,0.86623,15,0,97.53,Cao điểm Sáng,2.42
Hồ Chí Minh,,1,10.88,Ô Tô 4 Chỗ,Mưa Bão,0.398331,0.751213,12,0,97.47,Cao điểm Sáng,2.92
Đà Nẵng,,6,4.93,Xe Máy,Nắng,0.669203,0.724414,18,1,91.79,Cao điểm Tối,1.12
Hà Nội,,5,6.23,Xe Máy,Mưa,0.360087,0.993338,8,1,95.43,Cao điểm Sáng,2.93
Hải Phòng,,5,15.67,Xe ViP,Nắng,0.841036,0.949778,20,1,86.41,Đêm,1.03
Hồ Chí Minh,,1,9.45,Xe ViP,Nhiều Mây,0.778313,0.467562,20,0,89.86,Cao điểm Sáng,1.28
Đà Nẵng,,4,17.25,Xe ViP,Nhiều Mây,0.546096,0.604022,21,0,91.84,Cao điểm Sáng,1.27
Hà Nội,,2,3.97,Ô Tô 4 Chỗ,Nắng,0.260884,0.622405,5,0,98.03,Cao điểm Sáng,1.73
Cần Thơ,,6,2.86,Xe ViP,Nắng,0.588592,0.622645,13,1,92.35,Chiều,1
Hồ Chí Minh,,0,13.37,Ô Tô 4 Chỗ,Nắng,0.332121,0.496857,13,0,95.22,Cao điểm Tối,1.35
Hà Nội,,3,13.17,Xe Máy,Mưa Bão,0.200887,0.430959,12,0,84.98,Cao điểm Sáng,2.19
Đà Nẵng,,4,3.09,Xe Máy,Nhiều Mây,0.577775,0.556063,20,0,95.42,Chiều,1
Hải Phòng,,2,16.24,Xe Máy,Mưa Bão,0.718088,0.56689,2,0,89.82,Cao điểm Tối,2.32
Hải Phòng,,3,3.91,Xe ViP,Mưa Bão,0.79273,0.617582,12,0,92.14,Chiều,1.3
Hồ Chí Minh,,6,18.02,Ô Tô 4 Chỗ,Nhiều Mây,0.252258,0.997974,23,1,93.26,Chiều,2.12
Đà Nẵng,,3,15.23,Ô Tô 4 Chỗ,Nắng,0.896859,0.924496,0,0,84.91,Cao điểm Sáng,1.27
Hồ Chí Minh,,3,14.51,Xe Máy,Nhiều Mây,0.910634,0.667517,11,0,95.44,Cao điểm Sáng,1.37
Hà Nội,,3,2.94,Xe ViP,Mưa Bão,0.936749,0.87796,12,0,86.93,Cao điểm Tối,1.55
Hà Nội,,3,4.14,Ô Tô 4 Chỗ,Mưa,0.524743,0.609249,3,0,84.53,Đêm,1.29
Đà Nẵng,,1,0.52,Xe ViP,Nắng,0.422522,0.669812,13,0,92.09,Cao điểm Tối,1.54
Hà Nội,,5,11.75,Ô Tô 4 Chỗ,Mưa,0.698949,0.542654,5,1,86.57,Chiều,1.38
Hải Phòng,,6,16.23,Xe ViP,Nhiều Mây,0.805392,0.909948,21,1,94.91,Cao điểm Sáng,1.2
Hà Nội,,6,5.95,Xe ViP,Nắng,0.666668,0.756276,20,1,87.21,Cao điểm Sáng,1.37
Hà Nội,,5,4.92,Xe ViP,Mưa Bão,0.286743,0.607307,11,1,84.89,Đêm,1.76
Hà Nội,,6,8.16,Xe Máy,Nắng,0.591501,0.488315,4,1,88.56,Cao điểm Tối,1.13
Hải Phòng,,6,17.62,Xe ViP,Mưa Bão,0.209496,0.919557,10,1,85.63,Cao điểm Sáng,2.84
Hải Phòng,,1,2.37,Xe ViP,Mưa,0.96404,0.634882,3,0,91.79,Cao điểm Sáng,1.84
Hải Phòng,,2,6.3,Xe ViP,Nhiều Mây,0.345995,0.734079,18,0,94.38,Chiều,1.58
Hải Phòng,,0,9.09,Xe Máy,Mưa,0.623602,0.825504,16,0,91.28,Cao điểm Sáng,2.51
Hải Phòng,,0,18.39,Xe ViP,Mưa Bão,0.217363,0.569434,16,0,93.33,Đêm,1.78
Hà Nội,,2,1.85,Ô Tô 4 Chỗ,Mưa,0.753197,0.955566,21,0,89.75,Cao điểm Sáng,2.46
Hồ Chí Minh,,1,13.43,Xe Máy,Nhiều Mây,0.242268,0.982044,5,0,95.66,Chiều,2.11
Đà Nẵng,,5,12.67,Xe ViP,Mưa,0.819915,0.945651,19,1,89.75,Chiều,1.3
Hồ Chí Minh,,4,2.73,Xe ViP,Mưa Bão,0.899813,0.990243,18,0,93.79,Chiều,1.27
Đà Nẵng,,3,9.06,Xe ViP,Mưa Bão,0.417613,0.445417,7,0,85.3,Đêm,1.17
Hà Nội,,5,3.17,Xe ViP,Nhiều Mây,0.72336,0.904257,15,1,87.33,Đêm,1.27
Hà Nội,,6,18.51,Xe Máy,Mưa Bão,0.466213,0.449407,10,1,96.39,Chiều,1.35
Cần Thơ,,3,9.52,Xe Máy,Mưa Bão,0.885914,0.412449,23,0,94.66,Chiều,1.12
Hồ Chí Minh,,6,5.71,Xe ViP,Mưa Bão,0.200853,0.469204,1,1,95.86,Cao điểm Tối,2.58
Hồ Chí Minh,,4,7.91,Xe ViP,Nắng,0.505757,0.44249,19,0,98.59,Cao điểm Tối,1.16
Hà Nội,,6,4.53,Xe ViP,Mưa,0.399486,0.758904,2,1,87.03,Đêm,1.86
Hà Nội,,2,1.95,Xe Máy,Mưa,0.470997,0.50727,7,0,94.07,Cao điểm Tối,2.44
Hồ Chí Minh,,0,1.56,Ô Tô 4 Chỗ,Nắng,0.290361,0.416837,10,0,86.98,Chiều,1.19
Hà Nội,,6,6.78,Xe ViP,Nắng,0.441019,0.912527,17,1,94.89,Cao điểm Tối,1.85
Hà Nội,,6,10.65,Xe ViP,Nắng,0.740705,0.541843,11,1,91.39,Chiều,1
Hà Nội,,6,6.03,Xe Máy,Mưa,0.858383,0.540965,21,1,84.68,Cao điểm Tối,1.72
Hà Nội,,5,11.79,Ô Tô 4 Chỗ,Mưa Bão,0.657847,0.717035,10,1,84.64,Đêm,1.49
Cần Thơ,,1,16.13,Xe Máy,Nhiều Mây,0.706396,0.698491,22,0,87.25,Cao điểm Sáng,1.36
Hà Nội,,1,0.81,Ô Tô 4 Chỗ,Mưa Bão,0.956923,0.713354,1,0,91.92,Cao điểm Tối,1.51
Hồ Chí Minh,,0,1.56,Xe Máy,Nắng,0.236025,0.599046,13,0,87.3,Cao điểm Sáng,1.66
Đà Nẵng,,5,9.89,Ô Tô 4 Chỗ,Mưa Bão,0.500681,0.572608,20,1,97.97,Cao điểm Sáng,2.52
Hải Phòng,,2,17.94,Ô Tô 4 Chỗ,Mưa Bão,0.368745,0.811316,9,0,94.9,Chiều,1.96
Đà Nẵng,,6,4.12,Ô Tô 4 Chỗ,Nhiều Mây,0.602308,0.834248,18,1,86.54,Cao điểm Sáng,1.41
Hà Nội,,6,13.1,Xe ViP,Nắng,0.71933,0.438682,13,1,87.71,Cao điểm Sáng,1.2
Cần Thơ,,3,6.79,Xe Máy,Nhiều Mây,0.709767,0.746281,1,0,90.19,Cao điểm Sáng,1.34
Hải Phòng,,3,5.47,Ô Tô 4 Chỗ,Nắng,0.524313,0.433289,2,0,92.69,Chiều,1
Hồ Chí Minh,,1,18.4,Xe ViP,Mưa Bão,0.708449,0.783577,15,0,92.04,Đêm,1.37
Hà Nội,,1,9.13,Ô Tô 4 Chỗ,Nắng,0.431499,0.452355,14,0,97.89,Chiều,1.03
Hải Phòng,,3,11.41,Xe Máy,Mưa,0.653742,0.959047,20,0,93.88,Cao điểm Sáng,2.89
Hồ Chí Minh,,2,11.95,Xe ViP,Mưa,0.342888,0.696589,3,0,89.14,Đêm,1.87
Hồ Chí Minh,,3,5.9,Xe ViP,Nắng,0.298,0.599281,4,0,94.34,Chiều,1.45
Đà Nẵng,,3,19.68,Xe Máy,Nắng,0.761202,0.879352,14,0,87.21,Chiều,1.18
Hải Phòng,,6,5.29,Xe ViP,Nhiều Mây,0.990996,0.436972,11,1,86.69,Cao điểm Sáng,1.02
Đà Nẵng,,5,6.06,Xe ViP,Nắng,0.447156,0.480429,21,1,87.59,Chiều,1
Cần Thơ,,4,18.34,Xe ViP,Nhiều Mây,0.935114,0.971129,4,0,88.41,Đêm,1.05
Hà Nội,,4,3.89,Xe ViP,Nắng,0.271892,0.536507,23,0,96.81,Đêm,1.4
Hà Nội,,2,10.12,Xe ViP,Nắng,0.553647,0.489025,18,0,97.35,Cao điểm Tối,1.13
Đà Nẵng,,2,8.88,Ô Tô 4 Chỗ,Nhiều Mây,0.799376,0.837175,8,0,88.52,Cao điểm Tối,1.29
Đà Nẵng,,5,19.61,Ô Tô 4 Chỗ,Nắng,0.657023,0.411413,22,1,88.96,Cao điểm Sáng,1.25
Hải Phòng,,2,13.84,Xe Máy,Mưa,0.606437,0.872155,16,0,98.85,Cao điểm Sáng,2.7
Cần Thơ,,3,11.48,Ô Tô 4 Chỗ,Nắng,0.228625,0.890383,13,0,91.98,Đêm,1.99
Cần Thơ,,2,12.56,Xe ViP,Nắng,0.741009,0.527772,13,0,84.01,Chiều,1
Hà Nội,,6,0.97,Xe Máy,Mưa,0.694522,0.676848,17,1,90.52,Cao điểm Tối,2.41
Đà Nẵng,,5,10.95,Xe ViP,Nắng,0.359785,0.618571,22,1,88.89,Đêm,1.36
Hải Phòng,,6,9.33,Xe ViP,Mưa Bão,0.817096,0.923518,9,1,86.29,Đêm,1.46
Cần Thơ,,3,13.02,Xe ViP,Nắng,0.923595,0.419506,5,0,84.36,Cao điểm Tối,1.15
Đà Nẵng,,6,19.26,Xe Máy,Mưa Bão,0.401252,0.483597,22,1,88.17,Chiều,1.34
Hồ Chí Minh,,6,15.98,Ô Tô 4 Chỗ,Nắng,0.583053,0.466726,5,1,92.94,Đêm,1
Hà Nội,,0,7.92,Xe Máy,Nhiều Mây,0.469696,0.892953,1,0,90.88,Chiều,1.63
Hà Nội,,2,14.21,Xe ViP,Nắng,0.217339,0.734452,1,0,92.33,Đêm,1.78
Hải Phòng,,6,15.29,Ô Tô 4 Chỗ,Nhiều Mây,0.350584,0.847414,2,1,95.68,Đêm,1.54
Hà Nội,,5,7.33,Ô Tô 4 Chỗ,Nhiều Mây,0.810386,0.480001,17,1,91.24,Cao điểm Tối,1.39
Hồ Chí Minh,,0,14.54,Xe ViP,Nắng,0.910973,0.790766,6,0,87.35,Cao điểm Tối,1.15
Hải Phòng,,4,6.65,Xe Máy,Nhiều Mây,0.416521,0.999981,10,0,89.19,Đêm,1.88
Đà Nẵng,,3,19.18,Ô Tô 4 Chỗ,Nhiều Mây,0.731996,0.492481,12,0,88.58,Cao điểm Sáng,1.33
Hải Phòng,,5,0.5,Xe ViP,Nhiều Mây,0.851932,0.625255,13,1,88.52,Chiều,1
Hải Phòng,,1,15.59,Ô Tô 4 Chỗ,Nhiều Mây,0.887073,0.666021,17,0,86.49,Cao điểm Tối,1.38
Hà Nội,,5,10.91,Xe Máy,Mưa Bão,0.686911,0.728829,16,1,93.56,Cao điểm Sáng,2.07
Đà Nẵng,,0,14.34,Xe ViP,Nắng,0.894308,0.438218,14,0,93.42,Cao điểm Sáng,1.36
Hải Phòng,,0,14.19,Xe ViP,Nắng,0.679681,0.877455,10,0,86.95,Cao điểm Sáng,1.7
Cần Thơ,,0,14.37,Ô Tô 4 Chỗ,Nhiều Mây,0.436773,0.934002,6,0,91.03,Đêm,1.75
Đà Nẵng,,0,10.33,Xe ViP,Mưa Bão,0.341742,0.430886,16,0,91.62,Đêm,1.28
Hồ Chí Minh,,1,18.55,Ô Tô 4 Chỗ,Mưa,0.497738,0.844135,0,0,94.26,Đêm,1.84
Cần Thơ,,1,10.46,Xe ViP,Mưa,0.713869,0.996738,0,0,93.77,Cao điểm Sáng,2.4
Cần Thơ,,4,15.8,Xe ViP,Mưa,0.866563,0.532556,4,0,94.12,Chiều,1.35
Hải Phòng,,2,14.61,Ô Tô 4 Chỗ,Mưa Bão,0.2926,0.46197,3,0,97.22,Đêm,1.46
Hồ Chí Minh,,3,13.87,Xe ViP,Mưa Bão,0.569567,0.472527,6,0,88.43,Đêm,1.15
Đà Nẵng,,5,17.68,Xe Máy,Mưa Bão,0.247262,0.65275,9,1,86.91,Cao điểm Tối,2.6
Hà Nội,,1,19.5,Xe ViP,Mưa,0.993131,0.503549,21,0,86.55,Đêm,1.18
Hồ Chí Minh,,5,14.13,Xe ViP,Mưa,0.344164,0.610942,9,1,86.31,Đêm,1.79
Hà Nội,,1,2.94,Ô Tô 4 Chỗ,Mưa,0.345593,0.740792,13,0,87.15,Cao điểm Tối,2.95
Hải Phòng,,2,12.81,Xe Máy,Mưa,0.240943,0.956994,14,0,87.47,Chiều,2.46
Đà Nẵng,,0,2.33,Ô Tô 4 Chỗ,Nhiều Mây,0.325674,0.43647,14,0,92.77,Cao điểm Tối,1.4
Hồ Chí Minh,,4,10.53,Xe ViP,Mưa Bão,0.842141,0.911415,0,0,95.38,Đêm,1.28
Hồ Chí Minh,,0,19.1,Ô Tô 4 Chỗ,Mưa Bão,0.955448,0.65893,18,0,93.43,Đêm,1.19
Hải Phòng,,4,4.75,Xe Máy,Mưa Bão,0.597706,0.941708,7,0,92.44,Chiều,1.63
Hà Nội,,6,10.15,Ô Tô 4 Chỗ,Nắng,0.743491,0.936732,21,1,93.08,Cao điểm Sáng,1.45
Hải Phòng,,2,7.37,Ô Tô 4 Chỗ,Mưa,0.684902,0.994257,17,0,92.12,Cao điểm Sáng,2.1
Hồ Chí Minh,,5,12.32,Xe ViP,Mưa Bão,0.794358,0.97154,8,1,85.64,Cao điểm Tối,2.28
Hồ Chí Minh,,6,5.4,Xe Máy,Nhiều Mây,0.558207,0.488916,20,1,89.74,Chiều,1
Hồ Chí Minh,,5,13.57,Xe Máy,Mưa Bão,0.441887,0.471989,18,1,85.66,Cao điểm Tối,2.35
Hà Nội,,6,2.93,Xe ViP,Mưa,0.642879,0.706328,18,1,93.27,Cao điểm Sáng,1.99
Cần Thơ,,0,1.13,Xe Máy,Mưa,0.292317,0.841306,14,0,95.55,Chiều,2.03
Hồ Chí Minh,,4,6.49,Xe Máy,Mưa Bão,0.745639,0.658623,12,0,95.75,Cao điểm Tối,1.72
Cần Thơ,,1,6.72,Ô Tô 4 Chỗ,Nhiều Mây,0.843932,0.513526,10,0,96.19,Cao điểm Tối,1.27
Đà Nẵng,,3,10.12,Xe ViP,Nhiều Mây,0.673579,0.47331,14,0,92.13,Đêm,1
Đà Nẵng,,2,5.43,Xe ViP,Nhiều Mây,0.829086,0.691886,11,0,95.24,Đêm,1
Hà Nội,,3,16.32,Xe ViP,Mưa Bão,0.388012,0.657092,8,0,90.24,Cao điểm Sáng,2.29
Hồ Chí Minh,,0,5.18,Xe ViP,Nắng,0.598483,0.660053,2,0,88.51,Đêm,1.09
Cần Thơ,,3,9.33,Ô Tô 4 Chỗ,Nắng,0.483159,0.414135,7,0,93.22,Cao điểm Sáng,1.31
Đà Nẵng,,4,2.37,Xe Máy,Nắng,0.409851,0.507,10,0,86.07,Đêm,1.15
Hải Phòng,,3,2.07,Ô Tô 4 Chỗ,Mưa Bão,0.819889,0.953678,0,0,89.8,Chiều,1.4
Đà Nẵng,,5,11.09,Xe ViP,Mưa,0.817226,0.438459,17,1,94.33,Cao điểm Tối,2.12
Hải Phòng,,6,19.64,Xe Máy,Nhiều Mây,0.613097,0.477911,17,1,93.62,Chiều,1
Hải Phòng,,4,11.02,Ô Tô 4 Chỗ,Nhiều Mây,0.781902,0.915012,19,0,92.5,Chiều,1.2
Hà Nội,,6,8.09,Ô Tô 4 Chỗ,Nhiều Mây,0.995208,0.523197,7,1,91.59,Cao điểm Sáng,1.23
Hải Phòng,,0,6.63,Xe ViP,Nhiều Mây,0.26972,0.515099,13,0,86.13,Đêm,1.37
Cần Thơ,,4,18.31,Xe ViP,Nắng,0.460189,0.594927,1,0,85.74,Cao điểm Sáng,1.56
Hải Phòng,,6,15.67,Xe ViP,Nhiều Mây,0.779112,0.700244,11,1,94.32,Cao điểm Tối,1.11
Đà Nẵng,,5,4.06,Xe ViP,Mưa,0.95024,0.961733,1,1,89.54,Cao điểm Tối,2.02
Hà Nội,,0,12.33,Xe Máy,Mưa Bão,0.540442,0.798371,14,0,85.11,Cao điểm Sáng,1.89
Hà Nội,,4,10.39,Xe ViP,Mưa Bão,0.938221,0.621326,2,0,93.88,Chiều,1.36
Hà Nội,,0,3.32,Xe ViP,Mưa,0.759549,0.995112,19,0,91.67,Cao điểm Sáng,2.43
Hồ Chí Minh,,5,1.81,Xe Máy,Mưa,0.852509,0.957079,4,1,96.8,Đêm,1.28
Đà Nẵng,,4,13.07,Xe ViP,Nắng,0.630583,0.930505,14,0,86.18,Đêm,1.45
Hải Phòng,,3,16.09,Xe ViP,Mưa Bão,0.619392,0.857394,2,0,97.26,Đêm,1.64
Hải Phòng,,2,17.19,Xe ViP,Mưa Bão,0.477269,0.894075,1,0,92.42,Chiều,1.96
Cần Thơ,,5,3.5,Xe Máy,Mưa,0.661376,0.675916,2,1,90.38,Cao điểm Sáng,2.37
Hải Phòng,,0,6.4,Xe ViP,Mưa,0.995046,0.669487,19,0,90.23,Đêm,1.39
Hải Phòng,,0,2.16,Xe Máy,Nhiều Mây,0.970236,0.960088,1,0,92.43,Cao điểm Tối,1.14
Hải Phòng,,1,10.41,Ô Tô 4 Chỗ,Nhiều Mây,0.94587,0.767022,10,0,96.48,Chiều,1
Hải Phòng,,6,1.51,Ô Tô 4 Chỗ,Nắng,0.644761,0.940287,10,1,88.48,Cao điểm Sáng,1.65
Cần Thơ,,6,4.96,Ô Tô 4 Chỗ,Nắng,0.278417,0.445593,20,1,86.7,Cao điểm Tối,1.3
Hải Phòng,,2,3.7,Ô Tô 4 Chỗ,Nắng,0.646715,0.457607,23,0,92.8,Chiều,1
Hồ Chí Minh,,4,0.85,Xe Máy,Mưa,0.544963,0.743763,20,0,87.2,Đêm,1.4
Hồ Chí Minh,,1,3.7,Xe ViP,Mưa,0.753332,0.634602,18,0,86.35,Cao điểm Tối,2.45
Hải Phòng,,6,17.47,Xe ViP,Mưa Bão,0.811603,0.403407,4,1,88.7,Chiều,1.11
Đà Nẵng,,4,13.32,Ô Tô 4 Chỗ,Mưa Bão,0.688401,0.520584,2,0,92.54,Cao điểm Tối,2.45
Cần Thơ,,5,15.11,Xe ViP,Mưa,0.837842,0.687053,8,1,91.89,Đêm,1.13
Đà Nẵng,,4,6.01,Ô Tô 4 Chỗ,Mưa,0.76581,0.660593,2,0,96.06,Đêm,1.27
Hồ Chí Minh,,0,8.44,Xe ViP,Nhiều Mây,0.895734,0.880459,16,0,83.83,Đêm,1
Hồ Chí Minh,,3,12.77,Xe Máy,Mưa Bão,0.937406,0.850098,5,0,85.75,Cao điểm Tối,1.53
Hải Phòng,,6,1.02,Ô Tô 4 Chỗ,Nắng,0.928794,0.960031,14,1,93.23,Cao điểm Tối,1
Hà Nội,,5,5.73,Xe Máy,Mưa Bão,0.613027,0.473121,6,1,87.55,Cao điểm Tối,2.32
Đà Nẵng,,5,19.97,Xe Máy,Mưa Bão,0.925925,0.574271,2,1,90.24,Đêm,1.34
Cần Thơ,,6,19.59,Ô Tô 4 Chỗ,Mưa,0.603165,0.621197,10,1,94.81,Chiều,1.25
Hải Phòng,,0,0.79,Xe Máy,Nắng,0.91301,0.532254,4,0,90.24,Đêm,1
Đà Nẵng,,0,12.2,Xe ViP,Mưa Bão,0.509876,0.99031,14,0,91.61,Cao điểm Tối,2.51
Hồ Chí Minh,,0,6.8,Xe Máy,Nhiều Mây,0.770986,0.691405,9,0,88.93,Cao điểm Sáng,1.37
Hà Nội,,1,15.48,Xe ViP,Nắng,0.85142,0.857913,14,0,87.28,Cao điểm Tối,1.35
Đà Nẵng,,0,15.44,Ô Tô 4 Chỗ,Mưa Bão,0.569817,0.609444,4,0,89.41,Chiều,1.28
Hà Nội,,0,15.62,Xe ViP,Nắng,0.451277,0.414743,6,0,88.76,Cao điểm Sáng,1.22
Cần Thơ,,1,2.54,Ô Tô 4 Chỗ,Mưa,0.6236,0.978659,7,0,87.53,Chiều,1.77
Hà Nội,,1,18.83,Xe ViP,Nắng,0.531776,0.946879,22,0,90.88,Cao điểm Sáng,1.78
Hồ Chí Minh,,3,11.88,Ô Tô 4 Chỗ,Mưa Bão,0.749658,0.744791,1,0,89.52,Cao điểm Tối,1.57
Hà Nội,,0,15.05,Xe ViP,Nắng,0.841433,0.446031,1,0,97.8,Cao điểm Tối,1.33
Hà Nội,,5,13.98,Xe ViP,Nhiều Mây,0.938775,0.565534,21,1,95.76,Cao điểm Sáng,1.29
Cần Thơ,,6,14.4,Ô Tô 4 Chỗ,Mưa,0.392734,0.603203,7,1,95.47,Cao điểm Tối,2.13
Đà Nẵng,,2,4.26,Ô Tô 4 Chỗ,Nhiều Mây,0.929197,0.764198,15,0,86.78,Cao điểm Sáng,1.37
Hải Phòng,,3,16.97,Xe ViP,Nhiều Mây,0.912014,0.72767,5,0,91.41,Đêm,1
Hải Phòng,,3,11.65,Xe Máy,Mưa,0.52155,0.643958,14,0,97.23,Đêm,1.53
Cần Thơ,,4,6.2,Xe ViP,Mưa,0.321453,0.887104,16,0,95.56,Chiều,1.97
Hồ Chí Minh,,1,15.76,Ô Tô 4 Chỗ,Mưa Bão,0.420379,0.634906,12,0,87.46,Chiều,1.7
Đà Nẵng,,1,5.93,Xe ViP,Nắng,0.539485,0.862049,18,0,98.93,Cao điểm Sáng,1.64
Hồ Chí Minh,,2,14.72,Xe Máy,Nắng,0.535842,0.754323,9,0,88.63,Chiều,1.33
Hà Nội,,3,13.43,Ô Tô 4 Chỗ,Nắng,0.282871,0.484844,4,0,95.08,Đêm,1.3
Đà Nẵng,,1,9.49,Xe Máy,Nhiều Mây,0.218447,0.655993,19,0,88,Đêm,1.66
Hồ Chí Minh,,2,9.29,Xe Máy,Nắng,0.450445,0.773144,17,0,86.03,Đêm,1.48
Hải Phòng,,1,8.16,Ô Tô 4 Chỗ,Nắng,0.700156,0.951965,5,0,93.38,Chiều,1.38
Hồ Chí Minh,,2,0.83,Ô Tô 4 Chỗ,Nắng,0.918584,0.820458,15,0,94,Chiều,1
Cần Thơ,,4,17.83,Ô Tô 4 Chỗ,Mưa,0.284456,0.472812,21,0,87.59,Chiều,1.47
Hải Phòng,,2,1.3,Xe ViP,Nhiều Mây,0.587442,0.892195,9,0,96.63,Chiều,1.46
Cần Thơ,,5,9.23,Ô Tô 4 Chỗ,Mưa Bão,0.808841,0.535332,20,1,94.12,Cao điểm Sáng,2.41
Hà Nội,,0,16.98,Ô Tô 4 Chỗ,Nhiều Mây,0.435401,0.613556,13,0,89.6,Cao điểm Tối,1.45
Hà Nội,,5,7.58,Ô Tô 4 Chỗ,Mưa,0.3749,0.447164,18,1,91.63,Đêm,1.3
Đà Nẵng,,2,16.19,Xe ViP,Mưa,0.520651,0.536722,23,0,89.74,Đêm,1.27
Cần Thơ,,6,0.6,Ô Tô 4 Chỗ,Nhiều Mây,0.649223,0.473796,0,1,96.49,Đêm,1
Đà Nẵng,,3,16.81,Xe ViP,Nhiều Mây,0.902473,0.532372,10,0,91.02,Cao điểm Tối,1.37
Đà Nẵng,,0,1.82,Ô Tô 4 Chỗ,Nhiều Mây,0.794375,0.61604,10,0,92.03,Cao điểm Sáng,1.14
Đà Nẵng,,1,0.9,Xe Máy,Nhiều Mây,0.861311,0.743271,6,0,92.09,Chiều,1
Hồ Chí Minh,,0,11.9,Ô Tô 4 Chỗ,Mưa,0.879374,0.668925,18,0,96.29,Đêm,1.3
Hồ Chí Minh,,2,3.68,Xe Máy,Nhiều Mây,0.557701,0.732086,3,0,94.6,Cao điểm Tối,1.51
Đà Nẵng,,1,10.85,Ô Tô 4 Chỗ,Mưa,0.570441,0.841448,6,0,91.43,Chiều,1.8
Hà Nội,,2,18.56,Xe ViP,Mưa Bão,0.335948,0.780547,15,0,89.06,Chiều,1.83
Hải Phòng,,3,16.58,Ô Tô 4 Chỗ,Mưa,0.688491,0.837666,23,0,95.84,Đêm,1.54
Hà Nội,,4,11.9,Xe Máy,Nắng,0.875809,0.952619,15,0,87.45,Cao điểm Sáng,1.35
Cần Thơ,,4,4.32,Ô Tô 4 Chỗ,Nhiều Mây,0.362757,0.507661,19,0,99.22,Cao điểm Sáng,1.5
Hà Nội,,0,7.74,Xe Máy,Nhiều Mây,0.560787,0.492626,0,0,89.07,Cao điểm Tối,1.3
Cần Thơ,,6,12.81,Xe Máy,Nhiều Mây,0.415842,0.872674,10,1,96.75,Cao điểm Tối,1.99
Hồ Chí Minh,,0,1.37,Xe Máy,Nắng,0.945147,0.570822,1,0,92.93,Đêm,1
Cần Thơ,,5,0.78,Ô Tô 4 Chỗ,Nắng,0.930181,0.784346,5,1,89.2,Đêm,1
Đà Nẵng,,1,3.27,Ô Tô 4 Chỗ,Nhiều Mây,0.304039,0.424779,2,0,94.6,Cao điểm Tối,1.43
Hải Phòng,,2,15.2,Xe Máy,Mưa Bão,0.30153,0.636872,23,0,90.41,Chiều,1.8
Cần Thơ,,0,9.98,Xe Máy,Nhiều Mây,0.827777,0.741154,4,0,88.54,Đêm,1
Cần Thơ,,5,13.21,Ô Tô 4 Chỗ,Nắng,0.308401,0.530475,3,1,92.82,Cao điểm Sáng,1.5
Hà Nội,,2,12.55,Xe ViP,Nắng,0.713513,0.785948,21,0,88.2,Cao điểm Tối,1.44
Hà Nội,,4,2.15,Xe Máy,Nhiều Mây,0.994333,0.536121,1,0,95.91,Đêm,1
Đà Nẵng,,4,13.89,Xe Máy,Nắng,0.424636,0.742626,0,0,90.05,Đêm,1.48
Hồ Chí Minh,,2,12.95,Xe ViP,Nhiều Mây,0.439074,0.702116,16,0,95.32,Cao điểm Sáng,1.5
Hà Nội,,6,18.79,Ô Tô 4 Chỗ,Mưa,0.931573,0.852901,19,1,90.19,Cao điểm Sáng,2.15
Cần Thơ,,1,8.82,Xe ViP,Mưa Bão,0.792568,0.94345,13,0,96.1,Chiều,1.55
Cần Thơ,,3,7.13,Xe ViP,Mưa Bão,0.392876,0.845468,6,0,90.09,Cao điểm Tối,3.05
Cần Thơ,,4,1.43,Ô Tô 4 Chỗ,Nhiều Mây,0.339518,0.693136,9,0,83.88,Đêm,1.53
Cần Thơ,,5,1.89,Xe Máy,Mưa Bão,0.235811,0.840002,19,1,97.42,Chiều,2.27
Hà Nội,,6,7.14,Xe ViP,Mưa Bão,0.926603,0.793264,22,1,90.4,Chiều,1.21
Hà Nội,,4,9.66,Ô Tô 4 Chỗ,Nắng,0.865224,0.885067,10,0,90.94,Chiều,1.03
Hà Nội,,5,15.46,Xe Máy,Mưa Bão,0.273843,0.585753,4,1,90.51,Chiều,1.85
Cần Thơ,,5,5.73,Xe ViP,Nhiều Mây,0.907548,0.461626,21,1,86.49,Cao điểm Tối,1.27
Hà Nội,,2,16.3,Xe Máy,Nhiều Mây,0.68791,0.456613,0,0,87.65,Chiều,1
Đà Nẵng,,2,12.05,Xe ViP,Nhiều Mây,0.233979,0.789875,23,0,95.81,Chiều,1.83
Hà Nội,,3,18.26,Xe ViP,Nhiều Mây,0.338722,0.728871,4,0,86.91,Cao điểm Tối,1.88
Hải Phòng,,1,8.23,Xe Máy,Nhiều Mây,0.616474,0.641523,10,0,92.88,Cao điểm Tối,1.17
Cần Thơ,,3,19.06,Xe Máy,Mưa,0.980565,0.618865,5,0,92.34,Cao điểm Sáng,2.14
Cần Thơ,,3,8.7,Xe ViP,Mưa,0.870258,0.81242,8,0,85.54,Cao điểm Sáng,2.24
Hà Nội,,5,9.02,Ô Tô 4 Chỗ,Mưa Bão,0.479356,0.686119,4,1,90.37,Cao điểm Tối,1.85
Đà Nẵng,,3,5.72,Ô Tô 4 Chỗ,Nhiều Mây,0.912979,0.825424,5,0,83.42,Chiều,1
Hà Nội,,2,2.72,Xe ViP,Nắng,0.585448,0.879903,8,0,96.42,Đêm,1.44
Hải Phòng,,4,14.96,Xe Máy,Mưa Bão,0.859274,0.921305,5,0,93.49,Cao điểm Sáng,2.29
Hải Phòng,,2,12.89,Ô Tô 4 Chỗ,Mưa,0.201765,0.888281,0,0,95.47,Cao điểm Sáng,2.67
Hồ Chí Minh,,5,7.24,Xe Máy,Mưa Bão,0.59876,0.841491,14,1,86.1,Cao điểm Sáng,2.62
Cần Thơ,,2,0.93,Xe Máy,Nhiều Mây,0.32384,0.679382,0,0,90.47,Chiều,1.53
Hồ Chí Minh,,1,18.21,Xe Máy,Mưa,0.249909,0.863032,20,0,86.32,Cao điểm Sáng,2.43
Đà Nẵng,,3,8.62,Xe Máy,Mưa Bão,0.746889,0.905175,4,0,88.69,Cao điểm Tối,1.84
Cần Thơ,,2,14.7,Ô Tô 4 Chỗ,Mưa Bão,0.36183,0.565716,14,0,95.75,Cao điểm Tối,2.28
Hải Phòng,,4,10.09,Xe Máy,Nắng,0.369081,0.698694,13,0,94.91,Cao điểm Sáng,1.68
Cần Thơ,,1,5.98,Xe ViP,Mưa,0.507007,0.824323,17,0,87.7,Đêm,1.7
Hồ Chí Minh,,6,1.42,Xe Máy,Nắng,0.986485,0.996836,12,1,86.55,Chiều,1.02
Hồ Chí Minh,,6,8.43,Xe Máy,Mưa,0.313644,0.422159,8,1,91.56,Chiều,1.48
Hồ Chí Minh,,5,4.44,Xe Máy,Nắng,0.37651,0.838675,19,1,95.98,Cao điểm Sáng,2.01
Hải Phòng,,2,2.55,Xe Máy,Nắng,0.824523,0.85758,18,0,96.08,Đêm,1.05
Cần Thơ,,1,9.51,Xe Máy,Nhiều Mây,0.380453,0.425584,20,0,86.17,Đêm,1.07
Hà Nội,,0,2.47,Xe ViP,Mưa Bão,0.540351,0.93893,9,0,89.28,Đêm,1.92
Cần Thơ,,3,13.21,Xe Máy,Mưa,0.471709,0.5655,22,0,89.79,Cao điểm Tối,2.58
Hồ Chí Minh,,5,15.16,Xe Máy,Nhiều Mây,0.312945,0.568282,10,1,86.78,Cao điểm Sáng,1.55
Hà Nội,,1,15.57,Xe ViP,Nhiều Mây,0.583531,0.646193,12,0,99.55,Cao điểm Tối,1.23
Đà Nẵng,,4,8.44,Xe Máy,Nhiều Mây,0.428506,0.988765,17,0,97.16,Chiều,1.84
Đà Nẵng,,2,2.12,Xe Máy,Mưa,0.689069,0.976127,6,0,89.53,Chiều,1.68
Đà Nẵng,,5,10.68,Xe Máy,Nhiều Mây,0.785453,0.452646,15,1,88.1,Đêm,1
Hải Phòng,,4,17.87,Xe ViP,Nhiều Mây,0.394259,0.906705,21,0,93.6,Cao điểm Sáng,1.96
Hồ Chí Minh,,3,1.62,Ô Tô 4 Chỗ,Nhiều Mây,0.961538,0.502331,19,0,90.45,Chiều,1
Hà Nội,,0,3.61,Xe Máy,Mưa,0.998316,0.883386,17,0,98.26,Cao điểm Tối,2.14
Hà Nội,,6,4.95,Ô Tô 4 Chỗ,Nắng,0.951801,0.593001,18,1,95.67,Đêm,1
Cần Thơ,,3,0.56,Xe Máy,Nắng,0.300198,0.480988,6,0,97.36,Đêm,1.27
Cần Thơ,,0,8.71,Ô Tô 4 Chỗ,Mưa Bão,0.24727,0.927917,10,0,87.04,Cao điểm Tối,2.68
Cần Thơ,,5,6.68,Xe Máy,Nắng,0.867995,0.758134,17,1,90.2,Đêm,1
Cần Thơ,,1,5.79,Ô Tô 4 Chỗ,Nắng,0.285011,0.575139,19,0,98.97,Đêm,1.44
Hải Phòng,,0,11.2,Xe Máy,Nhiều Mây,0.374526,0.945127,17,0,83.83,Chiều,1.86
Hải Phòng,,3,1.57,Xe ViP,Nắng,0.866079,0.84141,11,0,98.77,Cao điểm Sáng,1.22
Hải Phòng,,2,0.55,Xe ViP,Nhiều Mây,0.641312,0.941291,7,0,88.66,Chiều,1.45
Hải Phòng,,1,12.82,Xe ViP,Mưa Bão,0.434013,0.474317,14,0,94.5,Cao điểm Tối,2.49
Hà Nội,,6,7.39,Xe ViP,Nhiều Mây,0.647388,0.785223,7,1,91.68,Đêm,1.21
Hà Nội,,0,7.95,Ô Tô 4 Chỗ,Mưa,0.932489,0.532738,23,0,84.86,Đêm,1.14
Cần Thơ,,5,9.88,Ô Tô 4 Chỗ,Mưa,0.330932,0.943063,14,1,88.06,Cao điểm Tối,2.79
Hải Phòng,,3,19.11,Ô Tô 4 Chỗ,Mưa Bão,0.643941,0.772044,8,0,97.58,Chiều,1.42
Hồ Chí Minh,,6,13.34,Xe Máy,Mưa,0.774187,0.825742,9,1,85.99,Chiều,1.42
Hải Phòng,,4,3.1,Ô Tô 4 Chỗ,Mưa,0.281499,0.62838,23,0,97.03,Cao điểm Tối,2.08
Cần Thơ,,6,13.71,Xe Máy,Nắng,0.384464,0.501048,22,1,91.33,Chiều,1
Hải Phòng,,5,6.44,Xe ViP,Mưa,0.662608,0.766464,3,1,93.72,Cao điểm Sáng,2.44
Đà Nẵng,,3,3.56,Xe Máy,Nhiều Mây,0.266057,0.624926,17,0,91.36,Chiều,1.54
Hà Nội,,3,3.27,Ô Tô 4 Chỗ,Nhiều Mây,0.45345,0.69455,4,0,86.29,Cao điểm Sáng,1.73
Hồ Chí Minh,,5,3.32,Xe ViP,Mưa Bão,0.370075,0.941129,22,1,91.04,Đêm,2.15
Hải Phòng,,3,3.78,Ô Tô 4 Chỗ,Nhiều Mây,0.575546,0.698535,12,0,87.6,Cao điểm Tối,1.47
Hà Nội,,1,11.71,Xe ViP,Nhiều Mây,0.9437,0.678609,14,0,97.29,Cao điểm Sáng,1.37
Hà Nội,,2,4.27,Xe ViP,Nhiều Mây,0.304099,0.944892,20,0,86.59,Cao điểm Sáng,2.26
Hải Phòng,,0,19.84,Xe ViP,Mưa Bão,0.376354,0.646881,19,0,93.05,Cao điểm Sáng,2.88
Hải Phòng,,2,19.76,Ô Tô 4 Chỗ,Nhiều Mây,0.508374,0.606656,13,0,94.82,Cao điểm Tối,1.42
Hà Nội,,6,19.14,Xe ViP,Nắng,0.6456,0.415869,16,1,85.83,Chiều,1
Đà Nẵng,,3,19.41,Xe ViP,Nắng,0.442196,0.585698,20,0,86.27,Đêm,1.22
Cần Thơ,,2,19.59,Ô Tô 4 Chỗ,Mưa Bão,0.681926,0.769671,16,0,96.4,Đêm,1.5
Cần Thơ,,6,17.49,Xe ViP,Nắng,0.238178,0.574726,5,1,91.93,Cao điểm Sáng,1.52
Cần Thơ,,1,13.37,Ô Tô 4 Chỗ,Mưa Bão,0.793671,0.478355,22,0,95.15,Đêm,1.31
Hồ Chí Minh,,3,1.29,Xe Máy,Nhiều Mây,0.999154,0.808094,9,0,95.4,Cao điểm Tối,1.11
Đà Nẵng,,0,17.17,Xe Máy,Nhiều Mây,0.301065,0.973942,23,0,99.08,Chiều,2.01
Đà Nẵng,,5,7.57,Ô Tô 4 Chỗ,Mưa Bão,0.73984,0.570362,3,1,90.18,Chiều,1.15
Hải Phòng,,3,5.78,Xe Máy,Nhiều Mây,0.748026,0.873772,10,0,86.52,Đêm,1.19
Đà Nẵng,,0,15.72,Xe ViP,Nắng,0.284552,0.429088,0,0,87.26,Đêm,1.22
Cần Thơ,,1,14.87,Xe Máy,Nhiều Mây,0.989343,0.414744,0,0,95.33,Đêm,1
Hồ Chí Minh,,0,14.92,Xe ViP,Mưa,0.952742,0.461643,5,0,85.25,Đêm,1.29
Hà Nội,,1,4.62,Xe ViP,Mưa,0.666149,0.44849,19,0,97.05,Chiều,1.38
Cần Thơ,,0,8.26,Ô Tô 4 Chỗ,Mưa Bão,0.334272,0.822787,11,0,95.71,Cao điểm Sáng,2.56
Hải Phòng,,4,0.78,Xe ViP,Nắng,0.207686,0.47706,11,0,97.47,Cao điểm Sáng,1.76
Hồ Chí Minh,,0,7.63,Xe ViP,Nhiều Mây,0.658474,0.695459,23,0,95.51,Chiều,1.06
Hải Phòng,,2,18.12,Xe ViP,Nhiều Mây,0.682353,0.762364,23,0,92.36,Chiều,1.12
Hà Nội,,4,13.55,Xe ViP,Mưa,0.656033,0.644685,10,0,96.3,Cao điểm Tối,1.51
Hồ Chí Minh,,6,7.27,Xe Máy,Nắng,0.547116,0.968866,12,1,93.43,Chiều,1.63
Cần Thơ,,1,8.8,Xe ViP,Mưa Bão,0.83817,0.923827,14,0,95.71,Chiều,1.4
Hải Phòng,,1,15.35,Ô Tô 4 Chỗ,Nhiều Mây,0.433107,0.964399,6,0,88.98,Đêm,1.8
Hải Phòng,,2,6.33,Ô Tô 4 Chỗ,Mưa,0.872927,0.720232,14,0,93.55,Cao điểm Tối,1.79
Đà Nẵng,,2,10.61,Xe Máy,Mưa Bão,0.458861,0.994793,13,0,86.19,Cao điểm Tối,2.64
Đà Nẵng,,3,10.17,Xe ViP,Nhiều Mây,0.267061,0.447374,0,0,97.7,Cao điểm Sáng,1.38
Hồ Chí Minh,,5,19.25,Xe Máy,Nhiều Mây,0.520728,0.630054,22,1,90.03,Cao điểm Tối,1.35
Hà Nội,,0,14.11,Xe ViP,Nắng,0.528323,0.42147,3,0,87.09,Cao điểm Tối,1.19
Hồ Chí Minh,,6,0.89,Xe ViP,Mưa Bão,0.635045,0.618857,13,1,98.49,Chiều,1.37
Hồ Chí Minh,,2,4.76,Xe ViP,Nhiều Mây,0.479446,0.90644,7,0,90.92,Chiều,1.64
Hồ Chí Minh,,5,6.41,Xe ViP,Nắng,0.880049,0.942785,22,1,86.81,Chiều,1.09
Hải Phòng,,5,14.67,Xe ViP,Mưa Bão,0.253986,0.869436,8,1,87,Chiều,2.16
Đà Nẵng,,6,14.65,Xe Máy,Mưa,0.800636,0.821209,5,1,86.23,Đêm,1.21
Hà Nội,,0,19.61,Xe Máy,Nhiều Mây,0.366133,0.581021,2,0,86.38,Cao điểm Tối,1.53
Đà Nẵng,,4,1.09,Ô Tô 4 Chỗ,Mưa,0.947153,0.626203,23,0,88.69,Chiều,1.36
Đà Nẵng,,5,12.65,Xe ViP,Mưa,0.847184,0.913054,22,1,90.26,Chiều,1.27
Hải Phòng,,1,7.07,Ô Tô 4 Chỗ,Mưa,0.851189,0.55529,17,0,93.58,Cao điểm Tối,1.78
Cần Thơ,,6,6.53,Xe ViP,Mưa,0.72072,0.725582,9,1,84.1,Cao điểm Sáng,2
Đà Nẵng,,6,18.51,Xe Máy,Mưa,0.696946,0.703518,11,1,97.99,Cao điểm Sáng,2.09
Hải Phòng,,1,17.54,Xe Máy,Mưa,0.332093,0.431325,13,0,90.6,Đêm,1.32
Hồ Chí Minh,,1,6.77,Xe ViP,Mưa Bão,0.447686,0.631619,6,0,92.7,Cao điểm Tối,2.62
Cần Thơ,,4,3.44,Xe ViP,Mưa,0.261392,0.751826,20,0,87.72,Cao điểm Sáng,2.35
Hà Nội,,4,18.18,Xe ViP,Nhiều Mây,0.893434,0.581403,4,0,83.87,Cao điểm Tối,1.2
Hà Nội,,4,0.7,Xe Máy,Mưa Bão,0.664192,0.442429,5,0,85.34,Đêm,1.13
Hà Nội,,4,9.53,Xe Máy,Nhiều Mây,0.500012,0.904501,12,0,85.99,Chiều,1.61
Hải Phòng,,6,9.76,Xe Máy,Mưa,0.568711,0.761255,19,1,89.94,Đêm,1.66
Hồ Chí Minh,,3,11.86,Ô Tô 4 Chỗ,Mưa Bão,0.285335,0.606382,12,0,88.95,Đêm,1.76
Cần Thơ,,3,13.74,Xe Máy,Nhiều Mây,0.337064,0.946581,3,0,90.08,Cao điểm Sáng,2.03
Đà Nẵng,,4,13.18,Xe Máy,Mưa Bão,0.837003,0.416685,0,0,93.33,Chiều,1.18
Hà Nội,,6,9.63,Xe Máy,Mưa Bão,0.765374,0.666353,7,1,85.21,Cao điểm Tối,1.77
Hải Phòng,,3,15.76,Xe ViP,Nắng,0.814659,0.748075,11,0,85.82,Đêm,1
Hải Phòng,,2,3.76,Xe ViP,Nhiều Mây,0.891875,0.701107,21,0,94.71,Cao điểm Sáng,1.13
Cần Thơ,,3,13.78,Xe Máy,Mưa,0.880814,0.65062,17,0,92.34,Cao điểm Sáng,1.76
Hải Phòng,,0,12.7,Ô Tô 4 Chỗ,Nắng,0.623994,0.524999,13,0,96.55,Cao điểm Sáng,1.13
Hà Nội,,3,6.82,Xe Máy,Mưa Bão,0.924879,0.863816,17,0,96.61,Cao điểm Tối,1.79
Hải Phòng,,5,8.7,Xe ViP,Mưa,0.555651,0.968283,8,1,87.83,Cao điểm Tối,3.06
Cần Thơ,,3,17.9,Ô Tô 4 Chỗ,Nhiều Mây,0.346783,0.555569,14,0,90.3,Đêm,1.31
Hồ Chí Minh,,1,18.22,Ô Tô 4 Chỗ,Nắng,0.700367,0.886113,4,0,96.94,Cao điểm Tối,1.39
Cần Thơ,,3,10.12,Xe ViP,Nhiều Mây,0.695078,0.874097,8,0,84.26,Đêm,1.27
Hải Phòng,,2,18.14,Xe ViP,Mưa,0.885182,0.870967,20,0,96.81,Cao điểm Sáng,2.33
Hà Nội,,2,13.44,Xe Máy,Mưa,0.625173,0.632931,6,0,94.74,Đêm,1.36
Đà Nẵng,,3,13.89,Xe ViP,Mưa Bão,0.75109,0.84213,4,0,88.52,Cao điểm Tối,2.1
Hải Phòng,,1,2.21,Ô Tô 4 Chỗ,Mưa Bão,0.586025,0.796174,0,0,88.08,Cao điểm Sáng,2.81
Cần Thơ,,4,13.96,Xe ViP,Nhiều Mây,0.914124,0.474001,13,0,86.25,Cao điểm Tối,1.27
Hải Phòng,,5,9.29,Xe ViP,Mưa Bão,0.460112,0.695386,15,1,85.68,Chiều,1.47
Hồ Chí Minh,,3,11.44,Xe Máy,Nắng,0.771245,0.96631,20,0,95.11,Chiều,1.29
Cần Thơ,,4,12.09,Ô Tô 4 Chỗ,Nhiều Mây,0.680481,0.69622,11,0,93.43,Đêm,1.02
Hải Phòng,,6,18.27,Xe ViP,Nhiều Mây,0.486365,0.937412,19,1,92.48,Cao điểm Sáng,2.05
Hải Phòng,,4,4.29,Xe Máy,Mưa,0.736403,0.661084,7,0,87.82,Đêm,1.14
Hải Phòng,,4,6.87,Ô Tô 4 Chỗ,Mưa Bão,0.339491,0.938929,22,0,93.08,Đêm,2.01
Đà Nẵng,,3,11.01,Xe ViP,Nhiều Mây,0.983036,0.470851,1,0,94.45,Cao điểm Sáng,1.36
Hải Phòng,,1,17.33,Ô Tô 4 Chỗ,Mưa,0.943231,0.562576,12,0,89.92,Chiều,1.24
Hải Phòng,,6,8.79,Xe Máy,Nhiều Mây,0.456757,0.61784,19,1,93.81,Cao điểm Sáng,1.39
Hồ Chí Minh,,4,15.16,Ô Tô 4 Chỗ,Nhiều Mây,0.735822,0.981746,19,0,92.01,Đêm,1.37
Đà Nẵng,,5,19.83,Xe ViP,Nhiều Mây,0.939792,0.991235,5,1,84.82,Cao điểm Tối,1.06
Cần Thơ,,0,7.24,Xe Máy,Mưa,0.863641,0.858219,17,0,90.12,Chiều,1.16
Hồ Chí Minh,,5,8.52,Xe Máy,Nắng,0.594548,0.705977,7,1,92.09,Cao điểm Tối,1.47
Hà Nội,,2,13.62,Xe Máy,Nắng,0.392967,0.785844,18,0,88.95,Đêm,1.59
Hải Phòng,,3,12.39,Xe ViP,Nhiều Mây,0.385972,0.792763,7,0,93.12,Chiều,1.61
Cần Thơ,,5,15.28,Xe Máy,Mưa,0.211559,0.757312,18,1,85.81,Cao điểm Sáng,2.56
Đà Nẵng,,0,2.87,Xe Máy,Nắng,0.355387,0.915269,12,0,95.88,Cao điểm Sáng,2.09
Đà Nẵng,,6,1.29,Ô Tô 4 Chỗ,Mưa,0.369585,0.892085,5,1,85.55,Đêm,2.11
Hải Phòng,,2,6.1,Xe ViP,Nắng,0.406417,0.812306,16,0,88.1,Đêm,1.61
Cần Thơ,,4,18.89,Xe Máy,Nắng,0.383402,0.860348,10,0,97.63,Cao điểm Sáng,2.11
Cần Thơ,,4,12.22,Xe ViP,Mưa Bão,0.377284,0.465308,19,0,95.51,Chiều,1.43
Hà Nội,,3,1.98,Xe Máy,Mưa,0.868966,0.674145,7,0,87.62,Cao điểm Tối,1.75
Hải Phòng,,6,6.84,Xe ViP,Mưa,0.764853,0.77029,4,1,94.93,Đêm,1.32
Hà Nội,,6,11.99,Ô Tô 4 Chỗ,Nắng,0.5123,0.511506,4,1,91.64,Cao điểm Tối,1.39
Hà Nội,,4,13.28,Xe Máy,Mưa,0.346819,0.640173,18,0,94.83,Đêm,1.77
Hồ Chí Minh,,0,17.44,Ô Tô 4 Chỗ,Mưa Bão,0.281165,0.804169,11,0,97.23,Chiều,2.02
Đà Nẵng,,0,11.47,Xe Máy,Mưa Bão,0.735197,0.513217,9,0,84.88,Cao điểm Sáng,1.83
Đà Nẵng,,2,0.82,Ô Tô 4 Chỗ,Nhiều Mây,0.925195,0.836106,14,0,95.42,Cao điểm Tối,1.37
Đà Nẵng,,3,7.74,Xe Máy,Nắng,0.207797,0.419676,7,0,97.42,Cao điểm Sáng,1.71
Hồ Chí Minh,,5,19.14,Xe Máy,Nhiều Mây,0.751004,0.566972,9,1,85.49,Cao điểm Sáng,1.36
Hồ Chí Minh,,6,14.07,Xe Máy,Nắng,0.316962,0.714892,22,1,85.04,Cao điểm Sáng,1.78
Hồ Chí Minh,,1,7.79,Ô Tô 4 Chỗ,Nắng,0.381621,0.988637,17,0,88.3,Đêm,1.91
Cần Thơ,,1,4.37,Xe ViP,Mưa Bão,0.504147,0.695705,19,0,94.76,Đêm,1.41
Cần Thơ,,5,5.09,Xe ViP,Mưa,0.58255,0.560118,13,1,98.47,Chiều,1.12
Hà Nội,,4,12.42,Xe ViP,Mưa Bão,0.970528,0.970622,23,0,92.36,Cao điểm Sáng,2.09
Cần Thơ,,2,5.79,Xe ViP,Nhiều Mây,0.559855,0.845043,4,0,89.87,Chiều,1.43
Hải Phòng,,0,1.04,Xe Máy,Mưa Bão,0.607567,0.519836,4,0,96.06,Cao điểm Sáng,2.47
Hồ Chí Minh,,5,4.3,Xe Máy,Nắng,0.853305,0.445412,9,1,93.05,Chiều,1
Hồ Chí Minh,,3,17.13,Xe Máy,Mưa,0.299622,0.717486,6,0,87.92,Cao điểm Tối,2.65
Hà Nội,,1,2.84,Xe ViP,Nắng,0.815577,0.620896,19,0,91.94,Cao điểm Sáng,1.19
Hà Nội,,6,2.3,Xe Máy,Mưa,0.556437,0.940509,10,1,85.94,Cao điểm Sáng,2.44
Hà Nội,,6,8.98,Xe Máy,Mưa Bão,0.3345,0.788088,5,1,94.63,Đêm,1.79
Cần Thơ,,0,11.36,Ô Tô 4 Chỗ,Mưa,0.347204,0.44046,4,0,91.18,Cao điểm Tối,1.74
Đà Nẵng,,3,11.76,Xe ViP,Nắng,0.415417,0.682234,3,0,92.6,Đêm,1.4
Cần Thơ,,2,10.27,Xe ViP,Mưa Bão,0.407116,0.933182,11,0,91.87,Đêm,2.03
Đà Nẵng,,0,12.91,Xe Máy,Nắng,0.935167,0.664948,17,0,97.49,Chiều,1
Đà Nẵng,,2,14.13,Xe Máy,Nhiều Mây,0.840875,0.708846,2,0,96.48,Cao điểm Sáng,1.18
Hà Nội,,4,19.82,Xe Máy,Mưa Bão,0.977999,0.953997,12,0,85.79,Cao điểm Tối,1.94
Hà Nội,,3,0.66,Xe ViP,Nắng,0.574298,0.714167,20,0,87,Đêm,1.21
Đà Nẵng,,2,19.57,Xe Máy,Mưa,0.467021,0.512147,16,0,93.88,Đêm,1.45
Hà Nội,,1,12.42,Ô Tô 4 Chỗ,Nắng,0.326802,0.948859,10,0,94.87,Chiều,1.93
Hà Nội,,4,5.96,Xe ViP,Nhiều Mây,0.948213,0.827235,7,0,90.19,Cao điểm Sáng,1.39
Hải Phòng,,3,12.72,Ô Tô 4 Chỗ,Nhiều Mây,0.919057,0.476957,1,0,94.32,Cao điểm Sáng,1.11
Hồ Chí Minh,,0,6.37,Xe ViP,Nắng,0.976498,0.545289,19,0,88.15,Cao điểm Tối,1.16
Cần Thơ,,2,16.44,Xe Máy,Mưa,0.673805,0.80626,5,0,91.17,Đêm,1.43
Cần Thơ,,2,19.08,Xe ViP,Mưa Bão,0.853484,0.968211,10,0,85.83,Cao điểm Tối,2.5
Hà Nội,,5,18.78,Xe ViP,Nhiều Mây,0.763195,0.930541,2,1,87.11,Cao điểm Tối,1.4
Đà Nẵng,,4,11.52,Xe ViP,Mưa,0.373328,0.77312,16,0,95.98,Chiều,1.9
Hà Nội,,4,9.06,Xe Máy,Nhiều Mây,0.336366,0.967877,10,0,87.59,Đêm,1.95
Cần Thơ,,6,17.33,Xe Máy,Mưa,0.983736,0.771841,0,1,85.77,Cao điểm Tối,1.9
Hồ Chí Minh,,3,2.75,Xe ViP,Mưa,0.590008,0.987372,5,0,93.61,Chiều,1.9
Hà Nội,,1,15.15,Ô Tô 4 Chỗ,Nắng,0.85049,0.834213,11,0,91.97,Cao điểm Sáng,1.12
Hà Nội,,1,11.04,Xe Máy,Mưa,0.290316,0.903966,8,0,91.18,Chiều,2.09
Đà Nẵng,,6,4.07,Ô Tô 4 Chỗ,Nhiều Mây,0.638551,0.898512,22,1,92.29,Đêm,1.35
Hồ Chí Minh,,0,11.67,Xe Máy,Mưa Bão,0.996542,0.940728,15,0,97.52,Đêm,1.22
Hà Nội,,5,13.42,Xe ViP,Nhiều Mây,0.27669,0.664975,9,1,90.15,Cao điểm Sáng,1.78
Hà Nội,,6,16.36,Xe ViP,Nắng,0.793138,0.427003,11,1,96.99,Đêm,1
Cần Thơ,,3,6.53,Xe Máy,Mưa,0.311234,0.429291,5,0,95.1,Đêm,1.37
Hà Nội,,6,18.94,Xe Máy,Mưa Bão,0.643593,0.480569,7,1,88.04,Chiều,1.13
Hải Phòng,,1,10.41,Xe Máy,Nhiều Mây,0.260781,0.632464,3,0,95.43,Chiều,1.56
Hải Phòng,,4,5.11,Ô Tô 4 Chỗ,Mưa Bão,0.377648,0.41863,6,0,92.32,Cao điểm Tối,1.91
Hồ Chí Minh,,2,9.24,Xe Máy,Nhiều Mây,0.288785,0.740943,20,0,88.27,Cao điểm Tối,1.94
Hải Phòng,,5,9.55,Xe Máy,Mưa Bão,0.329193,0.750739,5,1,94.36,Cao điểm Tối,2.52
Hải Phòng,,4,9.32,Xe Máy,Nắng,0.386165,0.786049,9,0,96.36,Cao điểm Sáng,1.95
Hồ Chí Minh,,3,13.23,Xe Máy,Nhiều Mây,0.241585,0.439224,14,0,87.97,Cao điểm Tối,1.51
Hồ Chí Minh,,4,8.66,Xe ViP,Mưa Bão,0.30381,0.618233,0,0,94.94,Đêm,1.61
Cần Thơ,,4,7.32,Xe Máy,Mưa,0.870168,0.802603,14,0,97.1,Cao điểm Sáng,1.99
Hồ Chí Minh,,6,3.61,Ô Tô 4 Chỗ,Nhiều Mây,0.918191,0.458964,19,1,93.94,Đêm,1
Hải Phòng,,0,11.53,Xe ViP,Mưa,0.673304,0.770528,1,0,93.68,Cao điểm Tối,2.09
Hồ Chí Minh,,6,14.43,Xe ViP,Mưa Bão,0.576185,0.685891,21,1,86.57,Cao điểm Sáng,1.87
Hà Nội,,0,8.24,Xe ViP,Nhiều Mây,0.364733,0.465441,3,0,89.55,Cao điểm Sáng,1.48
Đà Nẵng,,1,16.07,Ô Tô 4 Chỗ,Nắng,0.224455,0.978905,11,0,86.58,Chiều,2.13
Cần Thơ,,3,10.67,Ô Tô 4 Chỗ,Mưa,0.460529,0.576611,7,0,98.36,Chiều,1.29
Hải Phòng,,3,14.08,Xe Máy,Mưa Bão,0.356946,0.637173,5,0,87.27,Chiều,1.68
Hồ Chí Minh,,2,13.77,Xe ViP,Mưa Bão,0.925412,0.80144,7,0,84.09,Chiều,1.16
Đà Nẵng,,6,4.41,Xe ViP,Nắng,0.589264,0.828534,20,1,94.09,Cao điểm Sáng,1.59
Hồ Chí Minh,,4,15.21,Ô Tô 4 Chỗ,Nhiều Mây,0.386566,0.901093,12,0,96.17,Cao điểm Sáng,2.14
Hải Phòng,,0,17.9,Xe Máy,Mưa Bão,0.336502,0.496429,1,0,95.1,Cao điểm Tối,2.68
Đà Nẵng,,4,12.5,Xe Máy,Nắng,0.638083,0.456404,14,0,98.84,Cao điểm Sáng,1.14
Cần Thơ,,4,4.89,Xe Máy,Mưa,0.699071,0.481047,11,0,89.59,Đêm,1.36
Hồ Chí Minh,,0,11.91,Xe Máy,Mưa,0.226018,0.4226,5,0,86.14,Đêm,1.67
Hồ Chí Minh,,0,10.42,Xe ViP,Nắng,0.248074,0.992499,11,0,84.07,Chiều,2.12
Hải Phòng,,4,18.62,Ô Tô 4 Chỗ,Nhiều Mây,0.764467,0.788515,23,0,96.07,Cao điểm Tối,1.33
Hồ Chí Minh,,6,14.78,Xe Máy,Mưa Bão,0.332258,0.873012,2,1,95.51,Chiều,1.98
Hồ Chí Minh,,0,4.35,Xe Máy,Mưa,0.741259,0.952089,5,0,97.06,Đêm,1.64
Hà Nội,,1,5.8,Xe ViP,Mưa Bão,0.815844,0.765942,21,0,95.04,Đêm,1.11
Cần Thơ,,5,1.21,Ô Tô 4 Chỗ,Nắng,0.235427,0.997587,9,1,91.41,Cao điểm Sáng,2.09
Cần Thơ,,3,10.64,Xe ViP,Mưa,0.716528,0.643349,14,0,93.12,Cao điểm Tối,2.05
Đà Nẵng,,5,5.24,Xe ViP,Mưa Bão,0.72093,0.793563,23,1,92.75,Đêm,1.32
Hải Phòng,,0,18.16,Xe ViP,Nắng,0.896073,0.83187,2,0,88.63,Chiều,1
Hải Phòng,,0,2.42,Xe Máy,Mưa Bão,0.223814,0.425972,9,0,95.55,Chiều,1.67
Đà Nẵng,,0,9.6,Xe ViP,Nắng,0.603178,0.602445,18,0,95.53,Đêm,1
Cần Thơ,,3,8.93,Ô Tô 4 Chỗ,Nhiều Mây,0.698596,0.919424,11,0,94.55,Chiều,1.33
Hải Phòng,,1,16.93,Ô Tô 4 Chỗ,Mưa Bão,0.815232,0.590232,15,0,85.41,Cao điểm Sáng,2.35
Đà Nẵng,,5,13.34,Ô Tô 4 Chỗ,Nắng,0.380399,0.59032,6,1,96.83,Đêm,1.12
Đà Nẵng,,2,15.8,Ô Tô 4 Chỗ,Mưa,0.517634,0.521479,0,0,94.28,Cao điểm Sáng,2.34
Hải Phòng,,0,8.19,Xe Máy,Mưa Bão,0.622031,0.64454,6,0,87.4,Cao điểm Sáng,1.78
Cần Thơ,,0,11.81,Ô Tô 4 Chỗ,Nhiều Mây,0.590504,0.928169,18,0,98.06,Đêm,1.51
Cần Thơ,,5,7.19,Xe Máy,Nắng,0.227,0.495957,2,1,90.77,Cao điểm Tối,1.39
Đà Nẵng,,6,12.31,Ô Tô 4 Chỗ,Mưa Bão,0.62149,0.661536,21,1,94.97,Đêm,1.35
Hải Phòng,,4,10.19,Xe Máy,Mưa,0.829323,0.631907,10,0,84.23,Cao điểm Tối,2.28
Đà Nẵng,,6,0.91,Ô Tô 4 Chỗ,Nhiều Mây,0.927656,0.897628,0,1,91.14,Đêm,1
Hải Phòng,,3,9.7,Ô Tô 4 Chỗ,Mưa Bão,0.699532,0.686075,5,0,88.73,Chiều,1.27
Hồ Chí Minh,,4,17.38,Xe ViP,Mưa Bão,0.6811,0.688263,9,0,87.26,Cao điểm Tối,2.26
Cần Thơ,,6,17.44,Xe ViP,Nhiều Mây,0.72666,0.642871,2,1,93.52,Đêm,1
Hải Phòng,,4,2.73,Xe Máy,Nhiều Mây,0.283484,0.714904,1,0,85.69,Cao điểm Tối,1.81
Đà Nẵng,,5,1.65,Ô Tô 4 Chỗ,Mưa Bão,0.667229,0.768275,0,1,84.38,Đêm,1.54
Cần Thơ,,5,2.43,Ô Tô 4 Chỗ,Mưa Bão,0.465396,0.536683,4,1,89.65,Chiều,1.32
Hà Nội,,5,9.6,Xe Máy,Nắng,0.268793,0.683859,13,1,91.81,Cao điểm Sáng,1.74
Đà Nẵng,,5,17.05,Ô Tô 4 Chỗ,Nhiều Mây,0.818724,0.898168,3,1,96.8,Cao điểm Tối,1.15
Hà Nội,,6,8.06,Xe ViP,Mưa,0.651196,0.712233,18,1,87.88,Cao điểm Tối,1.62
Hải Phòng,,6,12.56,Ô Tô 4 Chỗ,Nhiều Mây,0.377861,0.500096,1,1,89.14,Chiều,1.04
Hà Nội,,2,19.53,Ô Tô 4 Chỗ,Mưa,0.716601,0.893048,10,0,90.02,Cao điểm Sáng,2.28
Hà Nội,,3,2.99,Xe Máy,Nhiều Mây,0.35504,0.860812,9,0,96.04,Đêm,1.76
Cần Thơ,,3,16.07,Xe Máy,Mưa Bão,0.491411,0.575665,14,0,90.79,Cao điểm Sáng,2.24
Cần Thơ,,5,11.74,Xe ViP,Nhiều Mây,0.935558,0.750075,0,1,93.63,Chiều,1
Cần Thơ,,4,13.39,Xe ViP,Mưa,0.442887,0.421815,20,0,85,Cao điểm Tối,2.22
Cần Thơ,,2,7.49,Xe ViP,Nhiều Mây,0.750593,0.887907,13,0,95.01,Cao điểm Tối,1.51
Hà Nội,,6,9.82,Xe ViP,Mưa Bão,0.872334,0.658059,12,1,95.05,Cao điểm Sáng,2.28
Hồ Chí Minh,,6,11.6,Xe ViP,Nắng,0.774694,0.795859,17,1,94.81,Cao điểm Sáng,1.42
Hải Phòng,,0,7.27,Xe Máy,Mưa,0.719956,0.869109,20,0,95.79,Chiều,1.35
Hải Phòng,,0,9.13,Xe ViP,Mưa,0.403546,0.855485,9,0,98.57,Cao điểm Sáng,3.06
Hà Nội,,3,5.79,Xe ViP,Mưa Bão,0.417922,0.544584,16,0,94.05,Cao điểm Sáng,1.77
Đà Nẵng,,2,4.27,Xe ViP,Mưa Bão,0.900041,0.421244,12,0,94.65,Đêm,1.23
Hồ Chí Minh,,4,8.43,Xe Máy,Nắng,0.440886,0.881799,13,0,87.56,Chiều,1.66
Hà Nội,,1,15.02,Xe Máy,Mưa Bão,0.942801,0.619392,15,0,92.6,Chiều,1.35
Hồ Chí Minh,,2,12.2,Xe ViP,Mưa Bão,0.300184,0.947585,4,0,92.63,Cao điểm Sáng,3.39
Hà Nội,,1,16.07,Xe ViP,Nhiều Mây,0.667287,0.816623,4,0,96.37,Đêm,1.22
Hải Phòng,,1,10.21,Ô Tô 4 Chỗ,Mưa,0.806366,0.801861,10,0,88.21,Đêm,1.13
Hồ Chí Minh,,5,12.95,Ô Tô 4 Chỗ,Mưa,0.29341,0.597397,0,1,87.44,Chiều,1.78
Đà Nẵng,,5,13.73,Xe Máy,Nắng,0.593256,0.766713,12,1,96.4,Đêm,1
Hà Nội,,1,12.32,Ô Tô 4 Chỗ,Mưa Bão,0.501344,0.856782,6,0,96.61,Cao điểm Sáng,2.93
Cần Thơ,,3,1.85,Ô Tô 4 Chỗ,Mưa Bão,0.669338,0.409105,4,0,84.92,Đêm,1.36
Hà Nội,,3,8.13,Xe ViP,Mưa,0.652177,0.56516,18,0,89.3,Cao điểm Tối,2.21
Hà Nội,,2,10.1,Ô Tô 4 Chỗ,Mưa,0.656133,0.550985,7,0,91.91,Đêm,1.12
Hà Nội,,2,5.81,Xe ViP,Nắng,0.3232,0.490782,3,0,91.02,Cao điểm Sáng,1.41
Hà Nội,,2,19.29,Xe ViP,Nhiều Mây,0.272843,0.640015,20,0,84.41,Đêm,1.55
Đà Nẵng,,4,2.87,Xe Máy,Mưa Bão,0.693824,0.795427,10,0,89.26,Cao điểm Tối,2.46
Hà Nội,,4,16.34,Ô Tô 4 Chỗ,Mưa Bão,0.733576,0.934076,4,0,89.54,Cao điểm Sáng,2.26
Hải Phòng,,0,19.29,Ô Tô 4 Chỗ,Nhiều Mây,0.544627,0.789874,7,0,95.06,Cao điểm Tối,1.64
Đà Nẵng,,2,10.77,Xe Máy,Mưa Bão,0.696551,0.445815,15,0,83.61,Cao điểm Sáng,1.78
Hải Phòng,,1,8.25,Ô Tô 4 Chỗ,Mưa,0.462195,0.70173,23,0,90.88,Cao điểm Sáng,2.59
Cần Thơ,,1,15.84,Ô Tô 4 Chỗ,Nhiều Mây,0.529849,0.739314,17,0,84.74,Đêm,1.31
Hải Phòng,,0,8.58,Xe ViP,Mưa,0.911757,0.968504,3,0,94.89,Chiều,1.35
Cần Thơ,,4,11.91,Ô Tô 4 Chỗ,Mưa,0.462933,0.767252,7,0,96.63,Đêm,1.81
Hải Phòng,,3,6.81,Xe ViP,Mưa Bão,0.234868,0.984047,7,0,96.13,Đêm,2.36
Đà Nẵng,,6,13.41,Xe Máy,Mưa,0.776474,0.700168,19,1,92.95,Cao điểm Tối,2.08
Hà Nội,,6,19.08,Xe Máy,Mưa Bão,0.21355,0.768516,23,1,90.96,Cao điểm Tối,2.41
Đà Nẵng,,0,17,Xe Máy,Mưa Bão,0.456826,0.615012,15,0,89.8,Đêm,1.5
Hà Nội,,0,8.52,Xe ViP,Mưa Bão,0.727968,0.420634,4,0,96.68,Chiều,1.17
Hồ Chí Minh,,2,16.69,Xe Máy,Nắng,0.27352,0.733584,8,0,93.52,Cao điểm Tối,2.08
Hồ Chí Minh,,5,6.2,Ô Tô 4 Chỗ,Mưa,0.369233,0.550324,0,1,92,Chiều,1.57
Đà Nẵng,,4,9.97,Xe ViP,Mưa Bão,0.476085,0.929007,20,0,90.69,Cao điểm Sáng,2.61
Cần Thơ,,1,17.2,Xe Máy,Nhiều Mây,0.551076,0.439893,4,0,95.03,Cao điểm Sáng,1.13
Cần Thơ,,4,2.82,Xe Máy,Mưa,0.469323,0.441727,13,0,94,Cao điểm Sáng,1.84
Hà Nội,,4,15.96,Xe ViP,Mưa Bão,0.544059,0.449923,6,0,96.97,Cao điểm Sáng,2.04
Hà Nội,,1,15.81,Xe ViP,Mưa,0.835582,0.812437,14,0,87.66,Cao điểm Sáng,1.7
Hà Nội,,4,3.6,Xe Máy,Mưa,0.962155,0.802804,10,0,91.15,Đêm,1.25
Đà Nẵng,,5,3.48,Xe ViP,Nắng,0.732712,0.415236,18,1,89.01,Chiều,1
Hải Phòng,,2,1.51,Xe Máy,Nhiều Mây,0.316941,0.93799,20,0,85.83,Chiều,1.93
Hà Nội,,5,11.65,Xe ViP,Mưa Bão,0.795113,0.522325,1,1,92.69,Đêm,1.15
Hồ Chí Minh,,1,10.02,Xe ViP,Mưa Bão,0.635181,0.894838,21,0,89.22,Cao điểm Tối,2.81
Cần Thơ,,6,16.37,Ô Tô 4 Chỗ,Mưa,0.652521,0.88932,9,1,93.61,Cao điểm Sáng,2.72
Hải Phòng,,0,16.62,Ô Tô 4 Chỗ,Mưa,0.978958,0.52165,18,0,94.27,Cao điểm Sáng,2.3
Đà Nẵng,,0,3.9,Xe ViP,Mưa,0.529729,0.960032,14,0,88.85,Chiều,1.84
Cần Thơ,,5,2.48,Ô Tô 4 Chỗ,Nhiều Mây,0.852289,0.961535,18,1,93.88,Chiều,1.08
Đà Nẵng,,0,11.66,Xe ViP,Mưa,0.316948,0.403005,6,0,91.81,Đêm,1.41
Hồ Chí Minh,,4,15.94,Xe Máy,Mưa,0.356481,0.798086,15,0,89.3,Chiều,1.8
Hà Nội,,1,17.17,Xe Máy,Mưa,0.217661,0.584691,23,0,86.78,Cao điểm Sáng,2.9
Hà Nội,,5,3.96,Xe Máy,Nhiều Mây,0.359888,0.668827,12,1,93.35,Chiều,1.46
Hà Nội,,4,9.68,Xe ViP,Nhiều Mây,0.2101,0.831804,9,0,95.29,Chiều,1.93
Hà Nội,,4,15.64,Xe ViP,Nhiều Mây,0.928735,0.422213,16,0,91,Cao điểm Tối,1.16
Đà Nẵng,,1,19.24,Xe Máy,Nắng,0.288393,0.551989,3,0,88.81,Cao điểm Tối,1.62
Hải Phòng,,6,14.26,Xe Máy,Mưa,0.647778,0.55878,15,1,86.72,Đêm,1.34
Hải Phòng,,0,1.23,Ô Tô 4 Chỗ,Mưa Bão,0.695478,0.952879,13,0,94.51,Cao điểm Tối,2.48
Đà Nẵng,,6,13.59,Xe ViP,Mưa,0.954021,0.42523,11,1,89.66,Đêm,1.17
Hồ Chí Minh,,2,3.16,Xe Máy,Mưa,0.644389,0.611501,18,0,85.88,Chiều,1.18
Hà Nội,,3,10.91,Ô Tô 4 Chỗ,Mưa Bão,0.771399,0.450225,11,0,88.51,Đêm,1.35
Hồ Chí Minh,,3,9.34,Xe Máy,Nắng,0.901065,0.551407,4,0,84.94,Chiều,1
Cần Thơ,,4,4.93,Xe Máy,Mưa Bão,0.548797,0.727859,14,0,99.01,Đêm,1.37
Hồ Chí Minh,,1,2.16,Xe ViP,Nắng,0.364754,0.854826,17,0,91.17,Chiều,1.74
Cần Thơ,,3,6.1,Xe ViP,Nắng,0.905967,0.714641,18,0,92.68,Đêm,1
Hà Nội,,5,2.08,Xe Máy,Mưa Bão,0.403311,0.797931,16,1,94.88,Cao điểm Sáng,3.02
Đà Nẵng,,1,8.24,Ô Tô 4 Chỗ,Nắng,0.869718,0.493991,14,0,85.84,Cao điểm Tối,1.25
Hà Nội,,1,11.31,Ô Tô 4 Chỗ,Mưa Bão,0.291609,0.468233,4,0,91.85,Đêm,1.41
Hà Nội,,4,16.41,Xe ViP,Mưa Bão,0.976597,0.899229,13,0,85.42,Đêm,1.21
Hà Nội,,2,2.1,Xe ViP,Mưa,0.428058,0.813947,10,0,87.39,Cao điểm Sáng,2.44
Cần Thơ,,5,18.07,Xe Máy,Nắng,0.893432,0.5059,21,1,89.16,Chiều,1
Hà Nội,,4,14.25,Xe Máy,Nhiều Mây,0.303245,0.664619,20,0,96.82,Cao điểm Sáng,1.89
Đà Nẵng,,0,19.5,Ô Tô 4 Chỗ,Nhiều Mây,0.934143,0.910157,11,0,93.36,Đêm,1
Hà Nội,,2,1.72,Xe Máy,Mưa,0.96012,0.406532,10,0,92.27,Chiều,1.15
Cần Thơ,,5,19.59,Xe Máy,Nắng,0.971471,0.447907,15,1,85.74,Cao điểm Sáng,1.25
Hà Nội,,2,1.54,Ô Tô 4 Chỗ,Nắng,0.971247,0.969588,1,0,94.75,Cao điểm Tối,1.13
Hà Nội,,2,8.02,Xe ViP,Mưa Bão,0.788956,0.878172,12,0,91.29,Đêm,1.29
Hải Phòng,,6,11.15,Xe ViP,Mưa Bão,0.451744,0.905549,5,1,90.98,Cao điểm Tối,2.89
Hải Phòng,,0,18.86,Xe Máy,Mưa Bão,0.67037,0.966139,10,0,88.42,Cao điểm Sáng,2.21
Cần Thơ,,4,18.9,Xe Máy,Nắng,0.768118,0.708845,14,0,85.55,Chiều,1
Cần Thơ,,0,17.94,Ô Tô 4 Chỗ,Mưa,0.946147,0.761399,7,0,87.72,Cao điểm Tối,2.26
Cần Thơ,,5,18.01,Xe Máy,Mưa,0.328727,0.503824,14,1,98.84,Cao điểm Tối,1.98
Đà Nẵng,,1,1.36,Ô Tô 4 Chỗ,Mưa,0.76953,0.582627,12,0,92.68,Chiều,1.18
Cần Thơ,,6,7.98,Xe Máy,Mưa Bão,0.73578,0.825783,23,1,89.87,Cao điểm Sáng,2.25
Cần Thơ,,0,13.18,Xe ViP,Mưa,0.371373,0.507881,4,0,95.88,Cao điểm Sáng,1.93
Hà Nội,,5,2.32,Xe Máy,Mưa Bão,0.282564,0.71039,18,1,84.36,Cao điểm Sáng,2.92
Hồ Chí Minh,,0,7.83,Xe ViP,Nắng,0.485593,0.760823,6,0,91.57,Cao điểm Sáng,1.64
Hải Phòng,,5,13.98,Xe ViP,Nhiều Mây,0.389403,0.532678,19,1,94.13,Chiều,1
Đà Nẵng,,3,15.97,Xe ViP,Nhiều Mây,0.566355,0.685774,21,0,86.2,Cao điểm Sáng,1.5
Cần Thơ,,1,16.47,Xe ViP,Nắng,0.891823,0.636545,16,0,83.36,Cao điểm Sáng,1.37
Hồ Chí Minh,,4,11.87,Ô Tô 4 Chỗ,Nắng,0.365487,0.597277,16,0,94.1,Chiều,1.35
Hồ Chí Minh,,0,16.94,Xe ViP,Nhiều Mây,0.356172,0.948985,15,0,89.4,Cao điểm Sáng,2.03
Hồ Chí Minh,,4,4.22,Xe ViP,Nhiều Mây,0.316946,0.83436,3,0,92.13,Đêm,1.78
Hà Nội,,6,12.8,Ô Tô 4 Chỗ,Nắng,0.425509,0.571888,2,1,85.65,Đêm,1.22
Đà Nẵng,,5,2.86,Xe ViP,Nắng,0.834743,0.872501,5,1,90.01,Cao điểm Tối,1.15
Đà Nẵng,,2,12.79,Xe Máy,Mưa Bão,0.658417,0.673764,3,0,93.75,Chiều,1.17
Hà Nội,,2,17.22,Xe ViP,Mưa,0.892165,0.911199,2,0,91.52,Chiều,1.14
Đà Nẵng,,5,3.69,Ô Tô 4 Chỗ,Nhiều Mây,0.897822,0.605433,12,1,97.84,Cao điểm Tối,1
Hải Phòng,,4,5.12,Ô Tô 4 Chỗ,Mưa Bão,0.791362,0.930928,19,0,94.19,Đêm,1.46
Cần Thơ,,4,2.85,Xe ViP,Mưa Bão,0.429944,0.906243,16,0,87.22,Đêm,1.9
Đà Nẵng,,1,9.25,Xe Máy,Nắng,0.84609,0.984027,3,0,94.64,Chiều,1.21
Đà Nẵng,,3,5.17,Ô Tô 4 Chỗ,Mưa,0.775528,0.7184,8,0,90.52,Cao điểm Tối,1.73
Hải Phòng,,6,10.19,Ô Tô 4 Chỗ,Mưa,0.337182,0.677928,13,1,92.84,Đêm,1.82
Hà Nội,,4,12.15,Ô Tô 4 Chỗ,Mưa Bão,0.394609,0.404156,3,0,96.66,Đêm,1.26
Hà Nội,,1,2.87,Ô Tô 4 Chỗ,Nắng,0.610742,0.814761,20,0,88.46,Đêm,1.31
Hải Phòng,,5,7.82,Xe Máy,Nắng,0.650063,0.529557,8,1,98.96,Cao điểm Sáng,1.32
Đà Nẵng,,0,14.32,Xe Máy,Nắng,0.236019,0.865627,21,0,91.01,Chiều,1.94
Đà Nẵng,,5,17,Xe Máy,Nhiều Mây,0.267883,0.916639,2,1,93.61,Đêm,1.9
Hà Nội,,2,14.4,Xe Máy,Mưa Bão,0.884562,0.60897,21,0,90.47,Đêm,1.36
Cần Thơ,,2,1.4,Ô Tô 4 Chỗ,Mưa,0.71628,0.679162,12,0,94.65,Cao điểm Sáng,2.2
Hà Nội,,0,18.39,Ô Tô 4 Chỗ,Mưa Bão,0.469039,0.491678,16,0,85.14,Cao điểm Sáng,1.63
Hà Nội,,2,10.59,Xe ViP,Mưa Bão,0.328192,0.57149,19,0,86.17,Cao điểm Sáng,1.96
Đà Nẵng,,5,14.82,Ô Tô 4 Chỗ,Nhiều Mây,0.716951,0.481084,5,1,94.57,Đêm,1
Hải Phòng,,0,9.13,Xe Máy,Mưa Bão,0.626711,0.982561,19,0,86.88,Chiều,1.86
Hồ Chí Minh,,1,19.02,Xe ViP,Mưa Bão,0.502827,0.505134,23,0,89.18,Cao điểm Sáng,1.65
Cần Thơ,,0,17.98,Xe Máy,Mưa,0.986992,0.44439,18,0,94.54,Đêm,1.39
Hồ Chí Minh,,3,3.09,Xe ViP,Mưa Bão,0.631881,0.925208,16,0,85.55,Cao điểm Sáng,2.71
Cần Thơ,,1,2.15,Ô Tô 4 Chỗ,Mưa Bão,0.768174,0.702569,17,0,94.47,Chiều,1.39
Hà Nội,,0,6.22,Xe Máy,Nắng,0.542125,0.512053,11,0,94.79,Chiều,1
Hải Phòng,,2,2.14,Xe ViP,Mưa Bão,0.534671,0.552408,15,0,83.82,Chiều,1.25
Hà Nội,,1,10.46,Xe Máy,Mưa Bão,0.434375,0.452241,16,0,97.68,Cao điểm Tối,1.66
Cần Thơ,,4,12.1,Ô Tô 4 Chỗ,Nắng,0.946231,0.561326,20,0,86.64,Cao điểm Sáng,1.25
Hải Phòng,,3,2.19,Xe ViP,Nhiều Mây,0.32041,0.40931,18,0,85.52,Đêm,1.13
Hà Nội,,0,4.02,Xe Máy,Mưa Bão,0.202256,0.718606,1,0,95.53,Chiều,2.05
Hồ Chí Minh,,6,0.79,Xe Máy,Nhiều Mây,0.279711,0.745232,19,1,88.35,Đêm,1.7
Hồ Chí Minh,,0,16.82,Xe Máy,Nắng,0.887833,0.962438,15,0,93.7,Cao điểm Sáng,1.39
Hải Phòng,,6,10.75,Xe Máy,Mưa Bão,0.63581,0.550188,18,1,87.09,Cao điểm Tối,1.93
Cần Thơ,,2,18.27,Xe Máy,Nắng,0.819861,0.679218,9,0,85.59,Cao điểm Tối,1.3
Cần Thơ,,3,1.69,Xe Máy,Mưa,0.384753,0.827773,21,0,87.16,Chiều,1.82
Hồ Chí Minh,,5,16.06,Ô Tô 4 Chỗ,Nhiều Mây,0.427347,0.728477,18,1,97.19,Chiều,1.45
Hà Nội,,4,16.61,Xe ViP,Mưa Bão,0.862231,0.546856,14,0,95.59,Cao điểm Sáng,2.11
Cần Thơ,,2,15.23,Xe ViP,Mưa,0.514032,0.619225,13,0,98.31,Chiều,1.43
Cần Thơ,,2,15.56,Xe Máy,Nhiều Mây,0.624776,0.556646,6,0,97.13,Đêm,1
Hồ Chí Minh,,3,16.25,Xe Máy,Mưa,0.598728,0.718584,23,0,92.74,Chiều,1.48
Đà Nẵng,,3,6.97,Xe ViP,Mưa,0.872306,0.432865,3,0,96.4,Đêm,1.16
Đà Nẵng,,3,3.73,Xe ViP,Mưa,0.722643,0.47908,18,0,93.89,Đêm,1.15
Hà Nội,,6,2.94,Xe ViP,Nhiều Mây,0.797182,0.62126,19,1,89.59,Đêm,1
Đà Nẵng,,3,17.28,Xe ViP,Mưa Bão,0.270333,0.491128,19,0,87.79,Đêm,1.73
Cần Thơ,,1,5.52,Ô Tô 4 Chỗ,Mưa Bão,0.849855,0.931639,15,0,94.01,Đêm,1.51
Đà Nẵng,,5,7.9,Xe ViP,Mưa Bão,0.816516,0.742074,19,1,91.05,Cao điểm Sáng,1.71
Hà Nội,,4,17.52,Ô Tô 4 Chỗ,Mưa Bão,0.364512,0.904245,3,0,92.44,Chiều,2.1
Cần Thơ,,2,1.51,Ô Tô 4 Chỗ,Nhiều Mây,0.904094,0.735747,12,0,95.21,Cao điểm Sáng,1.19
Hà Nội,,4,19.49,Ô Tô 4 Chỗ,Nắng,0.323099,0.992006,5,0,93.85,Chiều,2
Hà Nội,,5,5.85,Xe Máy,Mưa,0.506007,0.915709,13,1,95.48,Cao điểm Tối,3
Hà Nội,,3,9.59,Ô Tô 4 Chỗ,Nhiều Mây,0.261079,0.682463,23,0,96.35,Cao điểm Sáng,1.78
Hà Nội,,3,8.5,Xe ViP,Nhiều Mây,0.844503,0.723005,8,0,95.28,Cao điểm Sáng,1.29
Đà Nẵng,,0,9.24,Xe Máy,Mưa Bão,0.914176,0.816659,22,0,93.61,Chiều,1.35
Cần Thơ,,0,14.76,Ô Tô 4 Chỗ,Mưa,0.59704,0.95036,21,0,89.93,Đêm,1.83
Đà Nẵng,,2,11.7,Ô Tô 4 Chỗ,Nhiều Mây,0.386696,0.435927,18,0,88.16,Cao điểm Sáng,1.19
Hải Phòng,,1,10,Ô Tô 4 Chỗ,Nhiều Mây,0.582726,0.417656,2,0,86.93,Đêm,1
Hồ Chí Minh,,2,10.01,Ô Tô 4 Chỗ,Nhiều Mây,0.74275,0.59226,2,0,97.67,Chiều,1
Hải Phòng,,2,13.42,Ô Tô 4 Chỗ,Nắng,0.996517,0.704463,7,0,96.32,Chiều,1
Hải Phòng,,1,11.22,Ô Tô 4 Chỗ,Nhiều Mây,0.309344,0.581307,23,0,91.5,Cao điểm Tối,1.64
Hải Phòng,,4,10.64,Xe Máy,Nắng,0.942977,0.778739,10,0,93.03,Chiều,1
Hà Nội,,4,6.15,Xe Máy,Mưa Bão,0.904917,0.961457,16,0,88.42,Chiều,1.36
Hà Nội,,5,18.42,Xe ViP,Mưa,0.520274,0.642493,2,1,88.3,Cao điểm Sáng,1.95
Đà Nẵng,,2,3.49,Xe ViP,Mưa Bão,0.654466,0.893769,11,0,93.77,Đêm,1.56
Hồ Chí Minh,,6,13.68,Xe ViP,Nhiều Mây,0.860197,0.674978,18,1,86.85,Cao điểm Sáng,1.24
Hà Nội,,6,15.8,Ô Tô 4 Chỗ,Nhiều Mây,0.370399,0.627616,0,1,88.72,Cao điểm Tối,1.57
Hải Phòng,,2,9.88,Xe Máy,Mưa Bão,0.209617,0.750681,4,0,91.09,Đêm,2.02
Hồ Chí Minh,,0,3.06,Xe ViP,Nắng,0.568427,0.737885,19,0,98.09,Cao điểm Sáng,1.37
Đà Nẵng,,2,0.65,Xe Máy,Nhiều Mây,0.451917,0.7042,11,0,91.78,Đêm,1.38
Đà Nẵng,,1,16.11,Ô Tô 4 Chỗ,Mưa Bão,0.626027,0.523648,20,0,95.65,Cao điểm Tối,1.67
Cần Thơ,,1,15.45,Ô Tô 4 Chỗ,Mưa,0.790502,0.494672,5,0,88.14,Đêm,1.39
Hồ Chí Minh,,1,2.4,Xe Máy,Nhiều Mây,0.570628,0.886005,14,0,86.02,Đêm,1.47
Hải Phòng,,2,18.4,Ô Tô 4 Chỗ,Nhiều Mây,0.292761,0.526284,3,0,92.69,Cao điểm Sáng,1.49
Đà Nẵng,,1,2.2,Xe ViP,Mưa,0.840267,0.728135,23,0,95.98,Cao điểm Sáng,2.04
Hồ Chí Minh,,0,11.19,Xe ViP,Nhiều Mây,0.460422,0.443231,10,0,94.19,Cao điểm Tối,1.11
Cần Thơ,,6,3.17,Ô Tô 4 Chỗ,Mưa,0.897214,0.786121,17,1,96.59,Đêm,1.32
Hải Phòng,,2,7.27,Xe Máy,Nắng,0.761215,0.607964,16,0,99.57,Cao điểm Tối,1.36
Hà Nội,,4,19.22,Xe Máy,Mưa,0.715284,0.695033,7,0,93.69,Cao điểm Sáng,1.65
Hồ Chí Minh,,4,0.62,Ô Tô 4 Chỗ,Nhiều Mây,0.507301,0.461144,18,0,91.13,Đêm,1
Cần Thơ,,0,18.85,Ô Tô 4 Chỗ,Mưa Bão,0.267392,0.644021,7,0,90.06,Cao điểm Sáng,2.82
Đà Nẵng,,1,15.29,Xe ViP,Mưa Bão,0.232845,0.693682,5,0,84.34,Đêm,1.99
Cần Thơ,,2,19.27,Xe Máy,Mưa,0.700202,0.873842,16,0,85.09,Chiều,1.39
Cần Thơ,,1,18.62,Ô Tô 4 Chỗ,Mưa,0.672509,0.521662,6,0,86.64,Cao điểm Tối,2.28
Hồ Chí Minh,,5,4.63,Xe Máy,Nắng,0.806672,0.760576,21,1,95.83,Cao điểm Tối,1.4
Cần Thơ,,6,9.72,Xe Máy,Mưa,0.69531,0.87748,1,1,98.96,Cao điểm Tối,2.62
Cần Thơ,,2,4.41,Xe ViP,Mưa,0.313909,0.601672,10,0,93.12,Cao điểm Sáng,1.97
Hồ Chí Minh,,6,1.68,Xe ViP,Mưa,0.819229,0.880241,6,1,96.02,Cao điểm Tối,1.87
Hà Nội,,2,17.41,Xe ViP,Mưa,0.882861,0.532779,7,0,90.99,Chiều,1.29
Hồ Chí Minh,,4,5.12,Xe Máy,Nắng,0.754043,0.546304,17,0,89.12,Cao điểm Sáng,1.36
Cần Thơ,,3,2.35,Xe ViP,Mưa,0.77335,0.885252,5,0,94.46,Đêm,1.56
Hồ Chí Minh,,4,7.04,Ô Tô 4 Chỗ,Mưa Bão,0.48881,0.807902,6,0,90.22,Cao điểm Sáng,2.93
Hồ Chí Minh,,6,16.68,Xe ViP,Mưa Bão,0.388017,0.985048,11,1,86.85,Cao điểm Sáng,2.56
Hải Phòng,,2,3.82,Xe Máy,Mưa Bão,0.985515,0.444837,1,0,84.69,Chiều,1.27
Cần Thơ,,2,18.15,Xe Máy,Mưa,0.676626,0.940557,5,0,93.51,Chiều,1.68
Cần Thơ,,3,14.04,Ô Tô 4 Chỗ,Nắng,0.405763,0.657117,6,0,95.51,Đêm,1.38
Hà Nội,,4,2.73,Ô Tô 4 Chỗ,Nhiều Mây,0.246583,0.633475,15,0,87.7,Cao điểm Sáng,1.79
Cần Thơ,,1,8.22,Xe Máy,Nhiều Mây,0.248997,0.448418,19,0,94.07,Chiều,1.3
Hải Phòng,,5,9.05,Ô Tô 4 Chỗ,Mưa Bão,0.661072,0.591073,9,1,87.16,Chiều,1.25
Đà Nẵng,,4,1.93,Xe ViP,Nhiều Mây,0.483584,0.465873,9,0,86.34,Cao điểm Tối,1.29
Hà Nội,,6,16.86,Xe ViP,Nhiều Mây,0.958903,0.479956,1,1,92.71,Cao điểm Tối,1.4
Hà Nội,,1,8.9,Ô Tô 4 Chỗ,Mưa Bão,0.733345,0.532376,10,0,90.18,Chiều,1.18
Hồ Chí Minh,,3,17.62,Xe ViP,Nắng,0.500976,0.474139,16,0,91.74,Cao điểm Tối,1.25
Hà Nội,,6,1.64,Xe Máy,Nắng,0.927504,0.876721,18,1,89.66,Cao điểm Sáng,1.13
Cần Thơ,,6,13.05,Xe ViP,Nhiều Mây,0.39108,0.436424,17,1,83.9,Chiều,1.02
Hà Nội,,2,12.52,Xe Máy,Mưa Bão,0.770676,0.944029,23,0,88.37,Cao điểm Tối,1.79
Hồ Chí Minh,,6,17.84,Xe ViP,Nhiều Mây,0.870528,0.574955,8,1,86.09,Cao điểm Sáng,1.13
Hải Phòng,,0,9.87,Ô Tô 4 Chỗ,Mưa,0.756156,0.905531,16,0,96.1,Đêm,1.58
Hải Phòng,,5,17.07,Xe ViP,Nhiều Mây,0.557505,0.740303,12,1,96.24,Cao điểm Tối,1.37
Hải Phòng,,4,2.82,Xe Máy,Nhiều Mây,0.528627,0.630934,18,0,85.45,Đêm,1.15
Hà Nội,,0,5.42,Xe ViP,Mưa Bão,0.976028,0.603669,2,0,90.19,Chiều,1.22
Hải Phòng,,2,8.31,Ô Tô 4 Chỗ,Mưa Bão,0.278889,0.530105,6,0,87.47,Chiều,1.63
Hà Nội,,2,18.23,Xe ViP,Nhiều Mây,0.397307,0.584835,6,0,89.81,Chiều,1.28
Hà Nội,,1,4.2,Xe Máy,Nhiều Mây,0.209849,0.968488,3,0,98.49,Đêm,2.14
Hải Phòng,,2,8.85,Xe ViP,Nắng,0.353493,0.714611,14,0,90.05,Cao điểm Tối,1.89
Hải Phòng,,2,4.18,Xe ViP,Nắng,0.946283,0.89066,8,0,97.25,Cao điểm Tối,1.15
Hải Phòng,,2,3.79,Ô Tô 4 Chỗ,Mưa Bão,0.309815,0.927746,10,0,92.19,Chiều,2.08
Hồ Chí Minh,,0,3.01,Xe ViP,Nắng,0.616826,0.702589,18,0,87.69,Đêm,1.13
Đà Nẵng,,5,13.72,Xe Máy,Nhiều Mây,0.876204,0.502929,6,1,98.54,Đêm,1
Hải Phòng,,0,2.19,Xe ViP,Nắng,0.47261,0.449748,9,0,96.31,Đêm,1
Hải Phòng,,4,17.66,Xe Máy,Mưa,0.800641,0.434423,12,0,84.29,Đêm,1.31
Cần Thơ,,6,4.05,Xe Máy,Nắng,0.764411,0.409332,0,1,87.59,Chiều,1
Đà Nẵng,,3,4.21,Ô Tô 4 Chỗ,Nhiều Mây,0.461694,0.678938,16,0,95.58,Chiều,1.33
Cần Thơ,,4,17.95,Xe ViP,Mưa Bão,0.470346,0.621478,15,0,90.63,Cao điểm Sáng,1.81
Hải Phòng,,2,14.74,Ô Tô 4 Chỗ,Nhiều Mây,0.948764,0.495038,1,0,86.75,Cao điểm Sáng,1.39
Cần Thơ,,4,19.53,Xe ViP,Mưa,0.445845,0.421312,15,0,89.02,Cao điểm Tối,1.99
Cần Thơ,,0,14.73,Xe Máy,Mưa,0.602127,0.488841,0,0,85.27,Cao điểm Tối,2.41
Đà Nẵng,,0,11.6,Ô Tô 4 Chỗ,Nắng,0.699984,0.872378,19,0,95.95,Cao điểm Sáng,1.36
Hải Phòng,,6,18.13,Xe Máy,Mưa Bão,0.619138,0.486824,14,1,86.12,Chiều,1.36
Hồ Chí Minh,,0,19.45,Ô Tô 4 Chỗ,Mưa,0.56948,0.73901,13,0,94.55,Cao điểm Sáng,1.99
Cần Thơ,,3,12.75,Xe ViP,Mưa Bão,0.689647,0.481583,9,0,92.17,Cao điểm Sáng,2.21
Cần Thơ,,0,6.2,Xe Máy,Mưa Bão,0.653087,0.664853,21,0,91.19,Chiều,1.24
Hà Nội,,3,13.19,Xe ViP,Nhiều Mây,0.519891,0.657692,17,0,86.69,Đêm,1.21
Hà Nội,,3,0.72,Xe ViP,Mưa,0.758646,0.560685,22,0,92.72,Đêm,1.26
Hồ Chí Minh,,0,3.49,Ô Tô 4 Chỗ,Mưa Bão,0.261764,0.815049,16,0,98.92,Đêm,2.13
Cần Thơ,,1,17.72,Ô Tô 4 Chỗ,Mưa,0.457404,0.707457,17,0,85.01,Đêm,1.55
Hồ Chí Minh,,4,15.28,Xe Máy,Nắng,0.620669,0.68568,7,0,86.08,Cao điểm Sáng,1.3
Cần Thơ,,2,8.94,Xe ViP,Mưa Bão,0.570441,0.904403,14,0,97.15,Đêm,1.72
Hà Nội,,1,8.03,Xe ViP,Mưa,0.254091,0.743863,0,0,96.58,Đêm,1.87
Hải Phòng,,4,2.24,Xe Máy,Nắng,0.989185,0.912621,7,0,92.06,Đêm,1
Hải Phòng,,3,8.45,Ô Tô 4 Chỗ,Nắng,0.432766,0.462265,22,0,87.3,Chiều,1.04
Hồ Chí Minh,,1,8.77,Xe Máy,Nắng,0.688632,0.842941,18,0,97.26,Cao điểm Sáng,1.42
Cần Thơ,,3,4.49,Xe Máy,Nhiều Mây,0.831526,0.648561,22,0,96.24,Đêm,1
Hải Phòng,,0,4.14,Xe ViP,Nhiều Mây,0.922022,0.702854,10,0,93.53,Cao điểm Tối,1.27
Đà Nẵng,,3,19.73,Xe Máy,Mưa,0.74558,0.848625,15,0,86.52,Cao điểm Tối,1.68
Hà Nội,,0,8.32,Xe Máy,Nhiều Mây,0.999754,0.576665,22,0,93.88,Đêm,1
Đà Nẵng,,1,18.74,Xe Máy,Nắng,0.913508,0.477879,12,0,97.73,Đêm,1
Hà Nội,,1,16.87,Ô Tô 4 Chỗ,Mưa,0.349024,0.723474,7,0,96.58,Cao điểm Tối,2.93
Cần Thơ,,5,2.79,Xe ViP,Nhiều Mây,0.256699,0.627234,0,1,84.26,Cao điểm Sáng,1.57
Hải Phòng,,1,13.53,Ô Tô 4 Chỗ,Mưa Bão,0.923653,0.559353,7,0,90.69,Cao điểm Tối,1.82
Hải Phòng,,0,13.81,Xe Máy,Mưa Bão,0.669302,0.87409,12,0,90.78,Cao điểm Tối,2.27
Hà Nội,,5,9,Xe ViP,Mưa,0.212381,0.436199,20,1,87.51,Cao điểm Sáng,1.9
Đà Nẵng,,2,6.41,Xe ViP,Nắng,0.618452,0.698561,21,0,95.61,Đêm,1.12
Hà Nội,,2,12.76,Xe Máy,Mưa Bão,0.264031,0.830963,23,0,87.48,Chiều,2.11
Hải Phòng,,0,9.75,Ô Tô 4 Chỗ,Mưa,0.631273,0.558709,13,0,85.1,Cao điểm Tối,2.27
Cần Thơ,,1,10.64,Xe Máy,Nhiều Mây,0.928366,0.85661,23,0,93.86,Cao điểm Tối,1.22
Cần Thơ,,0,1.61,Ô Tô 4 Chỗ,Mưa Bão,0.606303,0.938158,22,0,91.57,Cao điểm Sáng,2.9
Hà Nội,,0,1.1,Ô Tô 4 Chỗ,Nắng,0.950899,0.878802,16,0,97.24,Chiều,1
Đà Nẵng,,3,12.9,Ô Tô 4 Chỗ,Nhiều Mây,0.580429,0.693094,3,0,88.25,Chiều,1.17
Hồ Chí Minh,,6,7.4,Xe Máy,Mưa,0.53727,0.515316,17,1,88.42,Chiều,1.22
Hải Phòng,,3,1.57,Xe ViP,Nắng,0.508129,0.802142,0,0,86.73,Chiều,1.44
Hồ Chí Minh,,6,1.93,Xe Máy,Mưa,0.808141,0.579028,2,1,95.77,Chiều,1.13
Hải Phòng,,1,5.99,Ô Tô 4 Chỗ,Mưa Bão,0.532857,0.634266,7,0,99.35,Cao điểm Tối,1.94
Hải Phòng,,2,12.42,Xe Máy,Mưa,0.937574,0.993165,19,0,84.99,Cao điểm Tối,2.36
Hà Nội,,6,1.95,Ô Tô 4 Chỗ,Mưa,0.330608,0.766406,7,1,98.42,Đêm,2.02
Cần Thơ,,5,7.61,Ô Tô 4 Chỗ,Mưa,0.922623,0.589778,20,1,91.44,Đêm,1.31
Hà Nội,,5,2.27,Xe ViP,Mưa,0.290508,0.947592,19,1,93.53,Đêm,2.13
Cần Thơ,,5,18.29,Xe ViP,Mưa,0.521171,0.801054,0,1,94.35,Cao điểm Tối,2.86
Hồ Chí Minh,,4,9.41,Xe ViP,Mưa Bão,0.966317,0.60882,4,0,85.09,Chiều,1.39
Hồ Chí Minh,,6,15.43,Ô Tô 4 Chỗ,Mưa,0.467086,0.832941,0,1,84.86,Đêm,1.9
Hải Phòng,,6,13.2,Xe Máy,Mưa,0.526537,0.921808,8,1,94.86,Đêm,1.98
Cần Thơ,,3,4.26,Xe ViP,Mưa Bão,0.761755,0.516747,13,0,96.66,Đêm,1.36
Hà Nội,,2,16.13,Xe Máy,Nắng,0.69184,0.991716,4,0,85.62,Cao điểm Tối,1.75
Cần Thơ,,4,19.8,Ô Tô 4 Chỗ,Mưa Bão,0.957443,0.451283,18,0,91.96,Đêm,1.4
Hồ Chí Minh,,2,16.67,Ô Tô 4 Chỗ,Nắng,0.569881,0.897505,6,0,90.08,Đêm,1.49
Đà Nẵng,,5,16.72,Xe ViP,Nhiều Mây,0.377817,0.8238,17,1,87.44,Đêm,1.61
Đà Nẵng,,6,18.94,Xe Máy,Nhiều Mây,0.322002,0.911097,15,1,87.13,Đêm,1.72
Hồ Chí Minh,,1,18.57,Xe Máy,Nhiều Mây,0.370992,0.954859,17,0,92.31,Chiều,1.88
Hà Nội,,2,10.15,Xe ViP,Mưa,0.454886,0.814835,17,0,86.75,Chiều,1.69
Hồ Chí Minh,,0,2,Xe Máy,Nhiều Mây,0.737888,0.647574,11,0,92.67,Cao điểm Tối,1.33
Đà Nẵng,,4,9.71,Ô Tô 4 Chỗ,Mưa,0.87542,0.607527,14,0,90.94,Cao điểm Tối,2.01
Hà Nội,,0,2.32,Ô Tô 4 Chỗ,Nhiều Mây,0.603249,0.987266,9,0,96.35,Đêm,1.58
Hải Phòng,,6,14.36,Xe Máy,Nhiều Mây,0.723486,0.794525,6,1,86.74,Cao điểm Tối,1.14
Đà Nẵng,,6,17.62,Ô Tô 4 Chỗ,Mưa,0.40433,0.409349,6,1,93.39,Đêm,1.2
Hà Nội,,5,9.55,Ô Tô 4 Chỗ,Nhiều Mây,0.267951,0.525654,4,1,94.27,Chiều,1.39
Cần Thơ,,6,9.06,Xe Máy,Nắng,0.260207,0.409067,1,1,99.16,Đêm,1.13
Hải Phòng,,2,8.79,Xe Máy,Nhiều Mây,0.453374,0.649493,6,0,94.42,Cao điểm Tối,1.63
Đà Nẵng,,2,8.08,Xe Máy,Mưa Bão,0.290426,0.60195,8,0,92.66,Chiều,1.81
Đà Nẵng,,0,18.44,Xe Máy,Mưa,0.269192,0.449559,14,0,93.02,Đêm,1.51
Đà Nẵng,,5,10.92,Ô Tô 4 Chỗ,Nắng,0.916719,0.705463,8,1,89.17,Cao điểm Tối,1.01
Hồ Chí Minh,,4,9.79,Xe Máy,Mưa Bão,0.653614,0.555805,13,0,97.81,Đêm,1.13
Cần Thơ,,1,3.57,Xe Máy,Mưa Bão,0.546131,0.597477,18,0,90.3,Cao điểm Sáng,2.05
Cần Thơ,,6,1.88,Ô Tô 4 Chỗ,Nhiều Mây,0.765888,0.64512,20,1,92.62,Đêm,1
Đà Nẵng,,3,10.67,Xe ViP,Nắng,0.401551,0.419298,0,0,93.36,Cao điểm Sáng,1.39
Cần Thơ,,4,1.43,Ô Tô 4 Chỗ,Nắng,0.234028,0.981227,14,0,97.12,Đêm,2.12
Hồ Chí Minh,,1,14.18,Ô Tô 4 Chỗ,Nắng,0.756315,0.947156,17,0,97.83,Chiều,1.29
Đà Nẵng,,1,0.62,Ô Tô 4 Chỗ,Nhiều Mây,0.287149,0.910076,22,0,92.59,Cao điểm Sáng,2.3
Cần Thơ,,4,8.03,Xe Máy,Mưa Bão,0.313589,0.776865,17,0,85.37,Cao điểm Sáng,2.77
Hải Phòng,,4,15.85,Ô Tô 4 Chỗ,Nắng,0.839521,0.629616,2,0,85.91,Chiều,1
Cần Thơ,,4,19.28,Xe Máy,Nắng,0.787597,0.73832,18,0,91.53,Chiều,1
Hồ Chí Minh,,2,14.24,Ô Tô 4 Chỗ,Mưa,0.536193,0.623867,15,0,92.42,Cao điểm Sáng,2.2
Hà Nội,,5,17.45,Ô Tô 4 Chỗ,Mưa,0.402764,0.879947,19,1,98.95,Đêm,2.07
Hà Nội,,1,4.44,Ô Tô 4 Chỗ,Mưa Bão,0.861359,0.540828,0,0,89.39,Cao điểm Tối,2.02
Đà Nẵng,,0,0.57,Ô Tô 4 Chỗ,Nắng,0.356597,0.406275,8,0,95.42,Cao điểm Tối,1.38
Cần Thơ,,1,13.62,Xe Máy,Mưa,0.716151,0.8749,8,0,97.72,Cao điểm Sáng,2.71
Hải Phòng,,4,15.12,Ô Tô 4 Chỗ,Nắng,0.941698,0.993653,16,0,98.47,Đêm,1.08
Cần Thơ,,1,6.5,Xe ViP,Nắng,0.771222,0.850529,0,0,87.34,Cao điểm Sáng,1.23
Hải Phòng,,6,18.77,Ô Tô 4 Chỗ,Nắng,0.440886,0.85933,17,1,90.83,Chiều,1.35
Hồ Chí Minh,,5,6.64,Ô Tô 4 Chỗ,Nắng,0.727496,0.672037,2,1,97.48,Đêm,1
Cần Thơ,,1,11.86,Xe ViP,Nắng,0.506385,0.767453,22,0,88.31,Cao điểm Tối,1.54
Hải Phòng,,6,5.78,Xe ViP,Mưa,0.311469,0.498499,13,1,97.66,Cao điểm Tối,2
Hà Nội,,2,19.04,Xe Máy,Nhiều Mây,0.462265,0.804567,9,0,85.28,Cao điểm Tối,1.75
Hà Nội,,4,15.15,Xe Máy,Mưa Bão,0.26017,0.662729,9,0,98.22,Cao điểm Sáng,2.68
Cần Thơ,,4,8.51,Xe ViP,Nhiều Mây,0.414132,0.881015,22,0,92.85,Cao điểm Tối,1.9
Hải Phòng,,1,7.76,Ô Tô 4 Chỗ,Nhiều Mây,0.279148,0.90816,13,0,91.69,Chiều,1.94
Hồ Chí Minh,,5,5.44,Xe ViP,Mưa,0.237648,0.564899,22,1,89.91,Chiều,1.74
Hải Phòng,,2,12.57,Xe Máy,Mưa Bão,0.377583,0.54308,19,0,95.88,Cao điểm Sáng,2.44
Cần Thơ,,1,16.95,Ô Tô 4 Chỗ,Nắng,0.437028,0.881729,18,0,83.27,Cao điểm Tối,1.78
Hồ Chí Minh,,1,16.56,Xe Máy,Mưa Bão,0.633909,0.647681,22,0,85.31,Cao điểm Sáng,1.75
Hà Nội,,0,17.66,Ô Tô 4 Chỗ,Mưa,0.552052,0.489298,14,0,97.16,Đêm,1.36
Đà Nẵng,,2,15.33,Xe ViP,Mưa,0.348335,0.858969,8,0,95.94,Cao điểm Tối,2.61
Cần Thơ,,4,10.08,Ô Tô 4 Chỗ,Mưa,0.460546,0.802184,22,0,94.22,Cao điểm Sáng,2.17
Đà Nẵng,,0,16.69,Ô Tô 4 Chỗ,Nhiều Mây,0.304586,0.401359,12,0,92.97,Cao điểm Tối,1.34
Hải Phòng,,5,19.59,Ô Tô 4 Chỗ,Nắng,0.928192,0.881619,3,1,89.07,Cao điểm Tối,1.14
Cần Thơ,,1,10.71,Xe Máy,Mưa Bão,0.749958,0.67059,7,0,96.54,Cao điểm Tối,2.01
Đà Nẵng,,6,1.93,Xe Máy,Nắng,0.902203,0.679635,19,1,91.06,Cao điểm Sáng,1.17
Cần Thơ,,4,16.23,Ô Tô 4 Chỗ,Mưa,0.601617,0.712041,13,0,85.91,Cao điểm Sáng,1.96
Cần Thơ,,1,14.7,Xe Máy,Mưa Bão,0.537851,0.714045,0,0,84.59,Cao điểm Tối,2.6
Hồ Chí Minh,,2,8.69,Xe Máy,Nắng,0.638402,0.407901,19,0,92.54,Chiều,1
Hà Nội,,2,3.63,Ô Tô 4 Chỗ,Mưa,0.351591,0.974288,18,0,93.02,Đêm,2.13
Cần Thơ,,0,15.45,Ô Tô 4 Chỗ,Mưa Bão,0.230916,0.969395,15,0,85.9,Cao điểm Sáng,2.8
Hà Nội,,4,4.41,Xe ViP,Nắng,0.702012,0.548039,8,0,87.64,Cao điểm Sáng,1.33
Hải Phòng,,1,7.45,Ô Tô 4 Chỗ,Mưa Bão,0.833205,0.49538,1,0,87.98,Cao điểm Tối,1.89
Hồ Chí Minh,,3,19.4,Ô Tô 4 Chỗ,Nhiều Mây,0.387743,0.807035,21,0,95.16,Chiều,1.63
Đà Nẵng,,4,5.75,Xe Máy,Nhiều Mây,0.473636,0.711355,23,0,92.58,Cao điểm Tối,1.52
Cần Thơ,,2,19.37,Xe Máy,Nhiều Mây,0.246854,0.897261,18,0,86.41,Cao điểm Sáng,2.12
Hải Phòng,,6,12.84,Xe Máy,Nắng,0.973156,0.727336,6,1,91.63,Chiều,1
Cần Thơ,,2,2.8,Ô Tô 4 Chỗ,Mưa,0.82076,0.534927,10,0,91.01,Đêm,1.38
Đà Nẵng,,0,19.14,Ô Tô 4 Chỗ,Nắng,0.773198,0.520324,6,0,86.37,Chiều,1
Cần Thơ,,0,5.23,Ô Tô 4 Chỗ,Mưa Bão,0.254968,0.861575,15,0,95.24,Cao điểm Tối,3.21
Hà Nội,,6,3.15,Xe Máy,Mưa,0.337023,0.965591,21,1,98.6,Cao điểm Tối,3.09
Cần Thơ,,5,17.17,Xe ViP,Nắng,0.292917,0.857886,9,1,95.7,Chiều,1.75
Hải Phòng,,1,12.25,Ô Tô 4 Chỗ,Mưa Bão,0.329679,0.91436,23,0,87.56,Cao điểm Sáng,2.89
Hồ Chí Minh,,1,16.07,Ô Tô 4 Chỗ,Nắng,0.440532,0.610885,17,0,84.61,Đêm,1.26
Đà Nẵng,,2,19.36,Xe ViP,Nhiều Mây,0.634549,0.576277,7,0,92.98,Chiều,1
Đà Nẵng,,2,5.97,Ô Tô 4 Chỗ,Nhiều Mây,0.345082,0.712283,11,0,95.37,Chiều,1.55
Hà Nội,,1,5.38,Xe ViP,Mưa Bão,0.293516,0.43449,1,0,95.66,Cao điểm Sáng,2.46
Cần Thơ,,4,18.87,Xe Máy,Nhiều Mây,0.332181,0.654611,8,0,91.57,Cao điểm Sáng,1.81
Hồ Chí Minh,,6,5.08,Ô Tô 4 Chỗ,Nắng,0.852091,0.436156,22,1,91.36,Chiều,1
Hồ Chí Minh,,2,5.33,Xe Máy,Mưa Bão,0.710678,0.950746,10,0,95.58,Đêm,1.74
Hà Nội,,4,12.68,Xe ViP,Nắng,0.920899,0.56509,17,0,88.4,Cao điểm Tối,1.23
Hải Phòng,,0,0.6,Xe Máy,Mưa Bão,0.241308,0.511281,8,0,96.36,Chiều,1.7
Cần Thơ,,6,7.27,Xe Máy,Mưa Bão,0.844886,0.546273,0,1,92.81,Cao điểm Sáng,2.29
Hồ Chí Minh,,0,4.36,Xe ViP,Nắng,0.930971,0.692563,19,0,94.54,Đêm,1
Cần Thơ,,3,2.74,Xe Máy,Mưa,0.215871,0.770749,6,0,86.39,Cao điểm Tối,2.78
Hải Phòng,,6,19.73,Xe Máy,Mưa Bão,0.342915,0.667312,17,1,89.01,Đêm,1.6
Hồ Chí Minh,,1,1.48,Ô Tô 4 Chỗ,Mưa,0.508408,0.604499,15,0,89.4,Cao điểm Sáng,2.6
Hải Phòng,,2,5.49,Xe Máy,Nhiều Mây,0.375597,0.686926,22,0,94.63,Chiều,1.47
Hải Phòng,,1,1.84,Xe Máy,Mưa,0.260433,0.554039,21,0,95.24,Cao điểm Sáng,2.03
Hải Phòng,,0,4.62,Ô Tô 4 Chỗ,Nắng,0.468236,0.831407,3,0,85.34,Cao điểm Sáng,1.88
Hà Nội,,3,18.72,Xe Máy,Mưa Bão,0.51166,0.722701,3,0,86.61,Đêm,1.69
Cần Thơ,,2,11.99,Xe Máy,Nắng,0.959883,0.424575,20,0,98.74,Cao điểm Sáng,1.21
Hải Phòng,,6,15.16,Ô Tô 4 Chỗ,Mưa,0.406103,0.523999,15,1,93.47,Chiều,1.37
Hải Phòng,,0,10.54,Xe Máy,Nhiều Mây,0.226978,0.484909,9,0,87.8,Cao điểm Tối,1.79
Cần Thơ,,0,8.85,Ô Tô 4 Chỗ,Mưa,0.407124,0.762371,14,0,97.58,Cao điểm Tối,2.07
Hồ Chí Minh,,6,16.24,Ô Tô 4 Chỗ,Mưa Bão,0.871395,0.988169,15,1,84.69,Cao điểm Tối,2.31
Đà Nẵng,,0,8.95,Xe ViP,Mưa Bão,0.270313,0.690541,13,0,91.05,Chiều,1.98
Đà Nẵng,,5,6.38,Ô Tô 4 Chỗ,Mưa,0.538263,0.731532,14,1,94.35,Cao điểm Sáng,2.26
Đà Nẵng,,6,10.17,Xe ViP,Mưa,0.427334,0.995154,2,1,88.05,Chiều,2.22
Hải Phòng,,4,10.36,Xe Máy,Nắng,0.484024,0.97367,1,0,88.83,Cao điểm Tối,1.94
Hồ Chí Minh,,2,7.88,Xe Máy,Nắng,0.635114,0.634883,7,0,93.63,Cao điểm Tối,1.12
Hồ Chí Minh,,1,12.86,Xe Máy,Mưa Bão,0.846137,0.835113,9,0,94.43,Đêm,1.13
Hà Nội,,2,2.9,Xe Máy,Nắng,0.862921,0.65284,14,0,86.02,Cao điểm Sáng,1.23
Đà Nẵng,,3,16.53,Ô Tô 4 Chỗ,Mưa Bão,0.791857,0.733785,12,0,89.51,Chiều,1.17
Đà Nẵng,,3,1.28,Xe Máy,Nhiều Mây,0.416317,0.569384,3,0,95.7,Cao điểm Sáng,1.43
Hồ Chí Minh,,4,14.63,Xe Máy,Mưa,0.482681,0.67886,18,0,86.89,Đêm,1.62
Đà Nẵng,,6,12.91,Xe ViP,Mưa,0.702892,0.702579,21,1,86.09,Đêm,1.13
Hồ Chí Minh,,4,9.91,Ô Tô 4 Chỗ,Mưa,0.464869,0.530578,1,0,86.03,Cao điểm Tối,1.8
Đà Nẵng,,1,14.04,Xe ViP,Nắng,0.387198,0.797028,17,0,96.23,Chiều,1.61
Cần Thơ,,6,2.14,Xe ViP,Mưa Bão,0.371477,0.826446,1,1,95.18,Đêm,1.95
Hải Phòng,,0,1.48,Xe ViP,Mưa,0.589992,0.80342,11,0,85.11,Cao điểm Tối,2.32
Đà Nẵng,,0,6.61,Xe ViP,Mưa Bão,0.6599,0.652816,3,0,91.01,Đêm,1.32
Cần Thơ,,4,19.38,Xe ViP,Nắng,0.586316,0.728615,19,0,87.69,Cao điểm Tối,1.44
Hải Phòng,,5,12.47,Xe Máy,Mưa Bão,0.683101,0.799111,6,1,93.45,Cao điểm Sáng,2.15
Hà Nội,,5,11.38,Ô Tô 4 Chỗ,Mưa Bão,0.584722,0.793492,23,1,91.86,Cao điểm Sáng,2.19
Đà Nẵng,,5,14.91,Xe ViP,Nắng,0.982877,0.997637,17,1,96.56,Chiều,1
Hải Phòng,,6,4.43,Xe ViP,Mưa Bão,0.518009,0.412127,15,1,93.87,Cao điểm Tối,1.96
Hải Phòng,,1,15.82,Xe ViP,Mưa,0.470532,0.939065,8,0,86.5,Cao điểm Sáng,2.22
Cần Thơ,,5,3.45,Xe ViP,Nhiều Mây,0.333539,0.996051,15,1,91.25,Đêm,1.9
Hà Nội,,6,13.26,Xe Máy,Mưa,0.698605,0.511284,23,1,90.64,Cao điểm Sáng,2.31
Đà Nẵng,,1,7.32,Ô Tô 4 Chỗ,Nắng,0.298759,0.82119,19,0,90.61,Đêm,1.78
Cần Thơ,,1,5.96,Ô Tô 4 Chỗ,Mưa,0.916658,0.649172,23,0,96,Đêm,1.16
Hà Nội,,3,10.27,Xe Máy,Nhiều Mây,0.349061,0.486144,7,0,95.12,Chiều,1.21
Cần Thơ,,6,17.74,Xe Máy,Mưa,0.269372,0.748354,9,1,95.35,Cao điểm Tối,2.74
Đà Nẵng,,5,16.92,Xe Máy,Nắng,0.628035,0.7201,13,1,85.99,Đêm,1.09
Đà Nẵng,,1,18.33,Xe Máy,Mưa Bão,0.764122,0.693608,21,0,93.98,Cao điểm Tối,1.98
Hồ Chí Minh,,3,11.84,Ô Tô 4 Chỗ,Nắng,0.414861,0.64663,11,0,95.34,Đêm,1.35
Hồ Chí Minh,,3,12.56,Xe Máy,Nhiều Mây,0.814539,0.418419,4,0,88.58,Cao điểm Tối,1.16
Đà Nẵng,,5,16.16,Ô Tô 4 Chỗ,Nhiều Mây,0.52778,0.959271,17,1,89.58,Đêm,1.52
Hồ Chí Minh,,3,18.47,Xe Máy,Nhiều Mây,0.355672,0.665498,23,0,86.81,Chiều,1.46
Cần Thơ,,0,1.55,Xe ViP,Mưa,0.919673,0.888711,10,0,89.9,Đêm,1.22
Hồ Chí Minh,,4,12.96,Xe ViP,Mưa Bão,0.236072,0.407909,14,0,97.52,Chiều,1.46
Cần Thơ,,2,1.5,Xe Máy,Mưa,0.393706,0.400601,4,0,92.91,Cao điểm Sáng,1.93
Hồ Chí Minh,,1,10.7,Xe ViP,Nắng,0.562704,0.825735,3,0,93.54,Đêm,1.39
Hà Nội,,0,19,Xe ViP,Nhiều Mây,0.235639,0.627036,4,0,87.9,Chiều,1.59
Cần Thơ,,1,8.56,Xe Máy,Nắng,0.339869,0.498045,20,0,88.7,Đêm,1.24
Hồ Chí Minh,,3,15.07,Xe Máy,Nhiều Mây,0.27886,0.660851,6,0,95.77,Đêm,1.57
Hồ Chí Minh,,6,1.26,Ô Tô 4 Chỗ,Nhiều Mây,0.837382,0.483849,9,1,88.82,Cao điểm Tối,1.36
Hải Phòng,,0,13.45,Xe ViP,Mưa,0.943281,0.789426,21,0,94.16,Cao điểm Sáng,2.03
Cần Thơ,,1,7.36,Xe ViP,Nhiều Mây,0.448868,0.620567,14,0,86.04,Chiều,1.26
Hải Phòng,,2,1.87,Xe ViP,Mưa,0.677842,0.538891,6,0,99.34,Cao điểm Sáng,1.96
Đà Nẵng,,6,16.81,Xe Máy,Mưa Bão,0.339807,0.920346,2,1,91.34,Đêm,2.19
Hồ Chí Minh,,6,10.28,Xe Máy,Nhiều Mây,0.961482,0.915262,4,1,90.16,Đêm,1
Đà Nẵng,,3,13.22,Xe Máy,Nắng,0.878678,0.430048,12,0,87.12,Chiều,1
Hà Nội,,0,18.69,Ô Tô 4 Chỗ,Mưa Bão,0.911353,0.915032,2,0,94.15,Đêm,1.26
Hà Nội,,3,10.95,Ô Tô 4 Chỗ,Nhiều Mây,0.889994,0.570352,16,0,85.03,Chiều,1
Hồ Chí Minh,,2,10.28,Ô Tô 4 Chỗ,Mưa Bão,0.923768,0.903137,1,0,83.68,Cao điểm Tối,1.63
Cần Thơ,,2,13.6,Xe ViP,Nhiều Mây,0.847008,0.537636,9,0,91.64,Đêm,1
Đà Nẵng,,6,4.19,Xe ViP,Nhiều Mây,0.440583,0.450688,19,1,85.78,Cao điểm Sáng,1
Đà Nẵng,,4,8.32,Xe ViP,Mưa,0.459862,0.802387,10,0,86.96,Chiều,1.62
Hải Phòng,,3,1.43,Xe Máy,Mưa,0.846319,0.627291,22,0,90.85,Cao điểm Tối,2.31
Hải Phòng,,5,18.36,Ô Tô 4 Chỗ,Mưa Bão,0.98176,0.529393,3,1,96.33,Cao điểm Sáng,1.9
Cần Thơ,,4,3.91,Ô Tô 4 Chỗ,Nhiều Mây,0.94149,0.411989,23,0,96.39,Chiều,1
Đà Nẵng,,4,6.06,Xe Máy,Nhiều Mây,0.612846,0.665966,21,0,90.63,Cao điểm Tối,1.29
Cần Thơ,,1,6.91,Xe Máy,Mưa,0.883089,0.591626,7,0,91.16,Chiều,1.26
Hà Nội,,5,1.86,Xe ViP,Nắng,0.358102,0.769057,2,1,95.86,Đêm,1.62
Hà Nội,,4,4.35,Ô Tô 4 Chỗ,Mưa Bão,0.219267,0.931613,16,0,87.65,Chiều,2.38
Đà Nẵng,,1,8.94,Xe ViP,Nắng,0.610879,0.582672,20,0,89.87,Cao điểm Sáng,1.22
Cần Thơ,,1,9.05,Xe ViP,Mưa Bão,0.28525,0.658986,17,0,83.95,Cao điểm Sáng,2.37
Hải Phòng,,5,4.56,Xe Máy,Mưa Bão,0.270107,0.666957,1,1,97.94,Cao điểm Tối,2.62
Hồ Chí Minh,,0,9.25,Xe Máy,Mưa Bão,0.825848,0.560388,11,0,84.65,Cao điểm Sáng,1.75
Đà Nẵng,,6,17.03,Ô Tô 4 Chỗ,Nắng,0.648905,0.847611,2,1,93.67,Cao điểm Tối,1.32
Hải Phòng,,4,10.84,Ô Tô 4 Chỗ,Mưa Bão,0.975738,0.450481,18,0,93.86,Cao điểm Sáng,2.31
Hà Nội,,0,11.63,Xe Máy,Mưa Bão,0.277777,0.737655,9,0,95.08,Cao điểm Tối,2.58
Hải Phòng,,3,13.8,Ô Tô 4 Chỗ,Mưa Bão,0.688031,0.525981,10,0,92.56,Đêm,1.31
Hà Nội,,3,15.83,Xe ViP,Nắng,0.587147,0.655827,1,0,92.72,Cao điểm Sáng,1.48
Cần Thơ,,2,7.58,Xe Máy,Mưa,0.737987,0.64821,0,0,93.01,Cao điểm Sáng,1.68
Hà Nội,,0,16.74,Xe ViP,Nhiều Mây,0.553909,0.626299,6,0,85.29,Cao điểm Tối,1.43
Hà Nội,,6,16.21,Xe ViP,Nhiều Mây,0.72213,0.888709,15,1,95.7,Cao điểm Tối,1.5
Hải Phòng,,0,2.99,Xe Máy,Nắng,0.611019,0.927798,7,0,96.1,Chiều,1.48
Hải Phòng,,3,11.08,Xe ViP,Nắng,0.277076,0.668548,3,0,92.85,Cao điểm Tối,1.92
Hải Phòng,,1,1.33,Xe Máy,Mưa,0.857563,0.596072,6,0,94.43,Cao điểm Sáng,2.38
Cần Thơ,,6,13.84,Xe Máy,Mưa,0.627685,0.612727,0,1,88.17,Cao điểm Tối,1.67
Hà Nội,,0,3.49,Xe ViP,Mưa Bão,0.612855,0.848224,8,0,88.51,Chiều,1.62
Cần Thơ,,0,1.95,Xe ViP,Nắng,0.271192,0.855012,4,0,97.78,Cao điểm Sáng,2.12
Đà Nẵng,,2,1.08,Xe Máy,Nhiều Mây,0.390993,0.497361,5,0,94.68,Chiều,1.16
Hà Nội,,5,13.62,Xe Máy,Nắng,0.427042,0.954737,0,1,86.99,Chiều,1.79
Hải Phòng,,1,3.42,Xe Máy,Mưa,0.650134,0.627803,11,0,97.55,Cao điểm Sáng,1.89
Hải Phòng,,1,8.42,Xe Máy,Mưa Bão,0.775997,0.978026,7,0,87.49,Cao điểm Tối,2.03
Hồ Chí Minh,,6,2.48,Ô Tô 4 Chỗ,Mưa,0.429846,0.977587,7,1,98.05,Cao điểm Tối,3
Hồ Chí Minh,,0,11.2,Ô Tô 4 Chỗ,Mưa,0.301897,0.949681,1,0,89.89,Cao điểm Sáng,2.78
Hà Nội,,4,11.9,Ô Tô 4 Chỗ,Mưa,0.612135,0.995907,10,0,95.78,Đêm,1.78
Hải Phòng,,6,2.89,Ô Tô 4 Chỗ,Mưa,0.509696,0.85609,20,1,89.81,Cao điểm Sáng,2.29
Hà Nội,,6,9.76,Xe ViP,Mưa Bão,0.732911,0.694148,4,1,92.51,Đêm,1.15
Hải Phòng,,3,17.58,Ô Tô 4 Chỗ,Mưa Bão,0.766529,0.713519,7,0,91.44,Đêm,1.15
Hà Nội,,1,4.38,Xe Máy,Nhiều Mây,0.799956,0.671415,1,0,87.92,Cao điểm Tối,1.35
Cần Thơ,,5,2.51,Ô Tô 4 Chỗ,Nắng,0.2283,0.715372,23,1,93.59,Chiều,1.73
Đà Nẵng,,2,19.08,Ô Tô 4 Chỗ,Mưa Bão,0.612439,0.693602,15,0,91.96,Cao điểm Tối,1.8
Đà Nẵng,,5,11.21,Xe ViP,Mưa Bão,0.776712,0.548468,5,1,93.17,Chiều,1.12
Hồ Chí Minh,,3,14.52,Xe Máy,Mưa,0.890397,0.661468,16,0,94.86,Chiều,1.26
Hà Nội,,2,7.04,Xe Máy,Mưa,0.925212,0.865941,11,0,97.06,Cao điểm Tối,1.89
Hải Phòng,,5,3.85,Xe Máy,Mưa Bão,0.701847,0.593609,4,1,86.36,Cao điểm Tối,2.15
Hồ Chí Minh,,4,14.28,Ô Tô 4 Chỗ,Nhiều Mây,0.893016,0.454789,15,0,93.53,Cao điểm Tối,1.37
Hà Nội,,2,4.47,Ô Tô 4 Chỗ,Mưa Bão,0.416932,0.408074,22,0,87.77,Cao điểm Sáng,2.25
Hà Nội,,1,5.74,Xe ViP,Mưa Bão,0.220972,0.46568,13,0,98.28,Chiều,1.69
Hồ Chí Minh,,3,19.46,Ô Tô 4 Chỗ,Mưa,0.723657,0.62567,18,0,96.84,Đêm,1.36
Đà Nẵng,,1,7.7,Xe ViP,Mưa,0.650962,0.784801,14,0,93.45,Chiều,1.5
Hải Phòng,,3,8.9,Ô Tô 4 Chỗ,Mưa Bão,0.43439,0.40629,10,0,88.91,Đêm,1.27
Hồ Chí Minh,,0,4.67,Ô Tô 4 Chỗ,Mưa Bão,0.293265,0.401453,9,0,86.86,Chiều,1.47
Hà Nội,,3,17.21,Xe ViP,Nắng,0.524842,0.810536,8,0,86.6,Cao điểm Sáng,1.75
Cần Thơ,,4,19.35,Ô Tô 4 Chỗ,Nắng,0.263052,0.518338,16,0,86.19,Cao điểm Sáng,1.52
Hồ Chí Minh,,0,7.3,Xe ViP,Mưa Bão,0.680326,0.739819,4,0,96.76,Cao điểm Sáng,2.25
Hải Phòng,,0,10.97,Xe Máy,Nhiều Mây,0.952209,0.792137,20,0,96.36,Chiều,1
Hồ Chí Minh,,5,17.84,Xe ViP,Mưa Bão,0.420363,0.419545,18,1,95.21,Chiều,1.19
Hồ Chí Minh,,3,1.81,Xe ViP,Mưa Bão,0.427312,0.456507,19,0,91.88,Cao điểm Sáng,2.06
Đà Nẵng,,6,7.7,Xe Máy,Nắng,0.919908,0.684781,23,1,89.29,Chiều,1
Hải Phòng,,3,18.28,Xe Máy,Mưa Bão,0.952463,0.79034,4,0,96.16,Chiều,1.15
Đà Nẵng,,6,6.07,Xe ViP,Nắng,0.904308,0.840915,11,1,87.26,Chiều,1
Cần Thơ,,2,6.8,Xe Máy,Mưa Bão,0.370851,0.71644,21,0,88.59,Cao điểm Tối,2.77
Đà Nẵng,,5,14.98,Ô Tô 4 Chỗ,Nắng,0.649168,0.485837,15,1,89.26,Cao điểm Sáng,1.13
Hà Nội,,1,19.62,Xe ViP,Mưa,0.908698,0.494186,18,0,89.55,Chiều,1.34
Hồ Chí Minh,,5,16.41,Xe Máy,Mưa Bão,0.715121,0.948979,9,1,93.53,Chiều,1.57
Hà Nội,,1,6.96,Xe Máy,Nhiều Mây,0.830029,0.696142,23,0,97.83,Cao điểm Sáng,1.1
Hồ Chí Minh,,1,12.73,Xe Máy,Nắng,0.462042,0.854197,16,0,87.99,Chiều,1.59
Đà Nẵng,,0,19.65,Xe ViP,Nhiều Mây,0.756024,0.836153,15,0,90.46,Cao điểm Tối,1.27
Hải Phòng,,6,18.21,Xe ViP,Mưa Bão,0.452503,0.994601,13,1,96.06,Cao điểm Sáng,3.17
Cần Thơ,,6,15.54,Ô Tô 4 Chỗ,Mưa Bão,0.99485,0.932527,17,1,93.01,Đêm,1.2
Đà Nẵng,,1,15.58,Ô Tô 4 Chỗ,Mưa Bão,0.621332,0.577639,18,0,89.25,Đêm,1.23
Hải Phòng,,3,11.55,Ô Tô 4 Chỗ,Mưa Bão,0.709844,0.659278,9,0,85.97,Cao điểm Sáng,1.74
Cần Thơ,,6,8.35,Ô Tô 4 Chỗ,Nhiều Mây,0.38367,0.598536,16,1,95.3,Chiều,1.09
Hà Nội,,2,7.13,Xe Máy,Nắng,0.898056,0.948586,11,0,88.8,Chiều,1.08
Hải Phòng,,0,13.47,Xe Máy,Nhiều Mây,0.530825,0.745271,22,0,85.84,Cao điểm Sáng,1.67
Hà Nội,,2,16.57,Ô Tô 4 Chỗ,Nắng,0.518328,0.820466,11,0,95.42,Cao điểm Tối,1.7
Đà Nẵng,,4,15.63,Xe Máy,Nắng,0.672004,0.564399,21,0,88.83,Chiều,1
Hồ Chí Minh,,5,1.72,Xe ViP,Nắng,0.407743,0.763008,9,1,91,Chiều,1.53
Cần Thơ,,3,5.26,Xe Máy,Mưa Bão,0.898857,0.409491,18,0,90.61,Đêm,1.13
Hồ Chí Minh,,0,19.75,Xe ViP,Nhiều Mây,0.323851,0.402739,6,0,98.02,Cao điểm Tối,1.43
Hồ Chí Minh,,4,10.42,Xe ViP,Mưa Bão,0.381283,0.466526,14,0,94.13,Chiều,1.26
Hải Phòng,,1,13.11,Xe Máy,Nhiều Mây,0.596287,0.77922,15,0,97.07,Cao điểm Tối,1.57
Đà Nẵng,,6,6.7,Ô Tô 4 Chỗ,Nhiều Mây,0.847851,0.461979,23,1,90.3,Đêm,1
Hồ Chí Minh,,2,9.1,Ô Tô 4 Chỗ,Nắng,0.850994,0.919895,12,0,92.54,Cao điểm Tối,1.42
Hải Phòng,,0,14.89,Xe ViP,Nắng,0.368347,0.509236,22,0,97.03,Đêm,1.21
Hà Nội,,6,1.95,Xe Máy,Nắng,0.267751,0.766924,13,1,87.58,Cao điểm Sáng,1.9
Đà Nẵng,,4,15.94,Ô Tô 4 Chỗ,Nhiều Mây,0.84541,0.485045,5,0,95.95,Cao điểm Tối,1.36
Đà Nẵng,,2,7.23,Xe ViP,Mưa Bão,0.831145,0.415709,14,0,93.31,Chiều,1.12
Hà Nội,,2,17.54,Xe ViP,Nhiều Mây,0.901151,0.730068,9,0,90.84,Cao điểm Tối,1.34
Đà Nẵng,,1,5.16,Xe Máy,Mưa,0.777642,0.688125,1,0,90.59,Cao điểm Sáng,2.01
Hồ Chí Minh,,3,17.11,Xe ViP,Nhiều Mây,0.537463,0.877893,5,0,95.27,Chiều,1.51
Hồ Chí Minh,,0,2.91,Xe Máy,Mưa,0.869783,0.591968,11,0,90.56,Cao điểm Sáng,1.58
Đà Nẵng,,5,17.81,Xe ViP,Nắng,0.766561,0.806915,0,1,92.85,Cao điểm Tối,1.18
Hà Nội,,0,15.75,Ô Tô 4 Chỗ,Nhiều Mây,0.444175,0.574379,1,0,87.65,Cao điểm Sáng,1.6
Cần Thơ,,2,5.61,Xe ViP,Nắng,0.541148,0.535604,21,0,89.27,Cao điểm Sáng,1.36
Hải Phòng,,2,16.05,Xe Máy,Mưa,0.27583,0.485103,15,0,87.39,Cao điểm Tối,2.61
Hải Phòng,,5,16.92,Ô Tô 4 Chỗ,Mưa Bão,0.94903,0.486769,18,1,95.89,Chiều,1.22
Hải Phòng,,3,4.93,Xe ViP,Nhiều Mây,0.838188,0.784794,18,0,84,Đêm,1
Hải Phòng,,3,8.34,Xe ViP,Mưa,0.307645,0.845776,15,0,92.07,Cao điểm Sáng,2.77
Hồ Chí Minh,,1,13.3,Xe ViP,Nắng,0.444853,0.447849,19,0,93.39,Đêm,1
Hải Phòng,,3,2.89,Ô Tô 4 Chỗ,Nhiều Mây,0.421955,0.972002,16,0,92.43,Cao điểm Tối,1.95
Hà Nội,,5,7.57,Xe ViP,Nắng,0.534089,0.806406,4,1,98.43,Đêm,1.41
Hà Nội,,2,2.79,Xe Máy,Mưa,0.838142,0.981789,9,0,83.8,Chiều,1.46
Đà Nẵng,,0,17.26,Ô Tô 4 Chỗ,Nắng,0.536778,0.984985,13,0,91.06,Chiều,1.67
Cần Thơ,,6,7.53,Xe ViP,Mưa Bão,0.755528,0.522362,1,1,98.8,Chiều,1.19
Cần Thơ,,0,10.12,Xe Máy,Mưa,0.912011,0.713856,18,0,95.53,Cao điểm Sáng,2.2
Hải Phòng,,1,18.44,Ô Tô 4 Chỗ,Nắng,0.599325,0.969523,18,0,93.52,Đêm,1.56
Hải Phòng,,0,7.84,Xe ViP,Nắng,0.381472,0.454301,7,0,97.13,Chiều,1.11
Đà Nẵng,,6,3.16,Ô Tô 4 Chỗ,Nhiều Mây,0.449987,0.491087,21,1,88.83,Cao điểm Tối,1.16
Cần Thơ,,1,13.5,Xe ViP,Mưa Bão,0.981622,0.413385,8,0,97.54,Đêm,1.13
Hải Phòng,,0,19.39,Xe ViP,Mưa Bão,0.666253,0.710251,22,0,84.87,Đêm,1.42
Đà Nẵng,,0,15.32,Xe ViP,Nhiều Mây,0.948522,0.964392,1,0,88.14,Đêm,1.02
Hồ Chí Minh,,3,18.08,Ô Tô 4 Chỗ,Nhiều Mây,0.724044,0.704073,23,0,91.34,Đêm,1
Hồ Chí Minh,,6,5.14,Xe Máy,Mưa,0.531172,0.987215,15,1,98.27,Chiều,1.89
Hải Phòng,,1,19.1,Xe ViP,Mưa Bão,0.815569,0.504621,12,0,87.46,Cao điểm Tối,2.43
Cần Thơ,,5,10.56,Ô Tô 4 Chỗ,Nắng,0.395666,0.426965,5,1,89.36,Cao điểm Tối,1.33
Hải Phòng,,2,19.16,Xe Máy,Nắng,0.211959,0.548362,13,0,91.73,Cao điểm Sáng,1.62
Hồ Chí Minh,,2,12.37,Ô Tô 4 Chỗ,Mưa,0.357203,0.985233,9,0,87.91,Cao điểm Sáng,2.5
Hà Nội,,4,5.97,Xe Máy,Mưa,0.582835,0.406439,4,0,90.96,Chiều,1.16
Hà Nội,,5,12.61,Xe Máy,Nắng,0.854083,0.965805,20,1,93.23,Đêm,1.17
Cần Thơ,,1,14.53,Xe ViP,Mưa Bão,0.450884,0.849715,19,0,88.09,Chiều,1.75
Cần Thơ,,1,13.09,Ô Tô 4 Chỗ,Nắng,0.541873,0.510525,1,0,95.93,Cao điểm Sáng,1.12
Hồ Chí Minh,,5,7.29,Ô Tô 4 Chỗ,Nắng,0.941614,0.861171,12,1,98.49,Đêm,1
Hải Phòng,,5,10.9,Xe Máy,Mưa Bão,0.746578,0.988776,20,1,90.08,Cao điểm Sáng,2.6
Hà Nội,,6,2.59,Xe ViP,Nắng,0.543524,0.42121,16,1,93.01,Chiều,1
Hồ Chí Minh,,0,3.55,Ô Tô 4 Chỗ,Nhiều Mây,0.770482,0.868752,16,0,90.4,Đêm,1.15
Đà Nẵng,,3,9.17,Xe Máy,Mưa,0.890461,0.806565,23,0,93.92,Chiều,1.36
Đà Nẵng,,1,18.48,Ô Tô 4 Chỗ,Nhiều Mây,0.913691,0.78079,7,0,88.62,Đêm,1
Hà Nội,,4,16.67,Xe Máy,Mưa,0.318098,0.715154,20,0,85.92,Đêm,1.71
Hà Nội,,0,13.6,Ô Tô 4 Chỗ,Nhiều Mây,0.890475,0.921496,0,0,97.12,Cao điểm Tối,1.42
Cần Thơ,,4,3.1,Xe Máy,Mưa,0.923083,0.522906,17,0,85.9,Cao điểm Tối,2.09
Hồ Chí Minh,,3,6.38,Ô Tô 4 Chỗ,Nắng,0.862172,0.889797,12,0,84.92,Chiều,1.04
Hải Phòng,,6,10.05,Ô Tô 4 Chỗ,Mưa,0.525423,0.644821,18,1,98.41,Cao điểm Tối,2.5
Hải Phòng,,3,12.22,Xe ViP,Nắng,0.924181,0.821552,13,0,93.46,Đêm,1
Cần Thơ,,5,3.36,Xe ViP,Mưa Bão,0.36271,0.705523,18,1,87.43,Cao điểm Sáng,2.13
Đà Nẵng,,1,14.98,Xe ViP,Mưa Bão,0.47565,0.951682,2,0,92.57,Cao điểm Tối,2.7
Hải Phòng,,1,14.67,Xe ViP,Mưa Bão,0.847235,0.940433,22,0,85.86,Chiều,1.47
Hải Phòng,,4,14.71,Xe ViP,Mưa,0.594392,0.934582,6,0,94.02,Đêm,1.91
Đà Nẵng,,4,18.6,Xe Máy,Mưa,0.874832,0.474067,12,0,94.08,Cao điểm Sáng,1.57
Hồ Chí Minh,,5,4.34,Ô Tô 4 Chỗ,Mưa Bão,0.969497,0.612133,2,1,96.35,Cao điểm Sáng,2.21
Hải Phòng,,4,3.49,Ô Tô 4 Chỗ,Nắng,0.467523,0.715246,2,0,92.03,Chiều,1.37
Đà Nẵng,,3,15.37,Xe ViP,Nắng,0.367622,0.420142,20,0,95.16,Chiều,1.08
Đà Nẵng,,1,12.01,Ô Tô 4 Chỗ,Mưa,0.557316,0.40856,5,0,86.05,Chiều,1.37
Hải Phòng,,2,6.59,Xe Máy,Nhiều Mây,0.704129,0.625158,22,0,96.84,Cao điểm Sáng,1.3
Cần Thơ,,1,6.64,Xe Máy,Mưa Bão,0.635214,0.70915,19,0,93.65,Chiều,1.49
Cần Thơ,,6,15.73,Xe Máy,Mưa,0.430515,0.438844,7,1,91.74,Cao điểm Sáng,2.43
Cần Thơ,,4,16.42,Ô Tô 4 Chỗ,Mưa Bão,0.45709,0.921088,10,0,87.86,Cao điểm Sáng,2.35
Hồ Chí Minh,,3,7.13,Xe ViP,Mưa,0.771901,0.82232,9,0,87.46,Cao điểm Sáng,2.31
Hồ Chí Minh,,0,19.26,Xe Máy,Mưa Bão,0.904086,0.714706,5,0,91.75,Cao điểm Sáng,1.85
Hà Nội,,6,1.16,Xe ViP,Nắng,0.471114,0.44371,17,1,87.48,Cao điểm Sáng,1.17
Đà Nẵng,,1,15.94,Xe Máy,Mưa Bão,0.826118,0.673376,1,0,93.24,Cao điểm Sáng,2
Đà Nẵng,,3,16.51,Xe ViP,Mưa,0.685603,0.763471,10,0,94.48,Cao điểm Sáng,1.86
Hà Nội,,6,7.26,Ô Tô 4 Chỗ,Mưa Bão,0.75892,0.793448,0,1,90.73,Chiều,1.28
Hải Phòng,,0,12.39,Xe Máy,Nhiều Mây,0.612935,0.858435,0,0,96.84,Đêm,1.37
Hồ Chí Minh,,4,9.83,Ô Tô 4 Chỗ,Nắng,0.694603,0.851056,3,0,92.11,Chiều,1.23
Hồ Chí Minh,,0,14.27,Xe Máy,Mưa,0.804755,0.462498,0,0,96.66,Cao điểm Sáng,2.39
Hà Nội,,2,9.34,Ô Tô 4 Chỗ,Mưa Bão,0.293416,0.679917,3,0,88.47,Cao điểm Tối,2.99
Cần Thơ,,1,13.28,Ô Tô 4 Chỗ,Nắng,0.981638,0.865136,17,0,87.56,Cao điểm Tối,1.24
Hải Phòng,,3,4.95,Xe ViP,Mưa,0.341548,0.759726,2,0,97.21,Chiều,1.99
Hồ Chí Minh,,1,3.82,Xe ViP,Mưa,0.216762,0.863675,3,0,86.2,Đêm,2.21
Hải Phòng,,5,13.69,Ô Tô 4 Chỗ,Nắng,0.671955,0.771318,21,1,88.72,Đêm,1
Cần Thơ,,3,6.84,Ô Tô 4 Chỗ,Mưa Bão,0.307529,0.863698,21,0,88.97,Cao điểm Sáng,2.85
Cần Thơ,,4,8.7,Ô Tô 4 Chỗ,Nhiều Mây,0.695068,0.905025,3,0,86.32,Chiều,1.31
Hà Nội,,5,9.94,Ô Tô 4 Chỗ,Nắng,0.660645,0.842964,9,1,95.94,Chiều,1.27
Hà Nội,,4,10.67,Xe ViP,Nắng,0.359451,0.60712,2,0,97.95,Cao điểm Tối,1.55
Đà Nẵng,,1,8.13,Xe ViP,Mưa,0.757661,0.615115,16,0,90.39,Chiều,1.2
Đà Nẵng,,5,6.76,Xe ViP,Mưa,0.289354,0.501922,22,1,93.29,Cao điểm Sáng,2.31
Đà Nẵng,,6,6.42,Ô Tô 4 Chỗ,Nắng,0.961464,0.840335,6,1,95.42,Chiều,1
Hồ Chí Minh,,3,3.92,Xe Máy,Nhiều Mây,0.981011,0.807138,0,0,91.96,Cao điểm Sáng,1.19
Hồ Chí Minh,,4,16.21,Ô Tô 4 Chỗ,Mưa,0.558282,0.419948,17,0,90.5,Đêm,1.37
Hồ Chí Minh,,1,13.65,Xe ViP,Mưa,0.799282,0.869809,5,0,98.3,Chiều,1.48
Cần Thơ,,6,8.44,Ô Tô 4 Chỗ,Mưa,0.753907,0.924091,20,1,95.69,Cao điểm Tối,1.79
Cần Thơ,,6,3.02,Xe Máy,Mưa,0.828754,0.890041,13,1,98.02,Chiều,1.33
Đà Nẵng,,0,17.75,Xe ViP,Mưa Bão,0.291204,0.913472,0,0,95.38,Đêm,2.24
Hà Nội,,0,17.34,Xe ViP,Nắng,0.505558,0.663822,22,0,89.2,Đêm,1.24
Hồ Chí Minh,,4,15.28,Ô Tô 4 Chỗ,Nhiều Mây,0.49442,0.632654,8,0,95.81,Đêm,1.21
Hồ Chí Minh,,2,18.03,Xe Máy,Nhiều Mây,0.852529,0.553092,7,0,91.03,Chiều,1
Cần Thơ,,0,7.14,Xe Máy,Mưa Bão,0.911466,0.893832,2,0,84.68,Cao điểm Tối,1.96
Cần Thơ,,2,3.9,Ô Tô 4 Chỗ,Nhiều Mây,0.353806,0.96794,12,0,92.22,Cao điểm Sáng,2.14
Hồ Chí Minh,,5,12.52,Xe Máy,Mưa,0.663885,0.58696,8,1,96.83,Cao điểm Tối,2.28
Hà Nội,,0,2.54,Ô Tô 4 Chỗ,Nắng,0.90345,0.667894,6,0,87.97,Chiều,1
Đà Nẵng,,1,12.39,Ô Tô 4 Chỗ,Nắng,0.801595,0.942987,1,0,96.03,Cao điểm Sáng,1.4
Hà Nội,,5,12.99,Xe ViP,Mưa Bão,0.420927,0.692031,3,1,96.17,Đêm,1.54
Cần Thơ,,1,4.03,Ô Tô 4 Chỗ,Nhiều Mây,0.568972,0.406327,12,0,90.82,Đêm,1
Hải Phòng,,2,19.67,Ô Tô 4 Chỗ,Mưa Bão,0.649745,0.932765,4,0,83.76,Đêm,1.77
Cần Thơ,,6,16.57,Xe Máy,Nhiều Mây,0.569068,0.42498,23,1,89.51,Cao điểm Tối,1.26
Hồ Chí Minh,,3,2.88,Xe Máy,Mưa Bão,0.881061,0.716033,20,0,87.11,Chiều,1.33
Cần Thơ,,1,12.01,Xe ViP,Mưa Bão,0.360861,0.54767,14,0,98.61,Chiều,1.58
Hà Nội,,1,18.83,Xe ViP,Mưa Bão,0.316135,0.556575,6,0,94.25,Cao điểm Tối,1.94
Hồ Chí Minh,,3,15.33,Xe Máy,Mưa,0.978245,0.507364,16,0,97.61,Chiều,1.26
Hải Phòng,,4,18.77,Ô Tô 4 Chỗ,Mưa,0.52815,0.713076,16,0,88.26,Cao điểm Tối,2.31
Hồ Chí Minh,,4,3.6,Ô Tô 4 Chỗ,Mưa Bão,0.790464,0.702812,18,0,92.26,Cao điểm Tối,2.16
Hải Phòng,,6,4.08,Xe ViP,Mưa,0.552604,0.457277,16,1,87.57,Cao điểm Sáng,1.75
Hồ Chí Minh,,1,7.94,Xe ViP,Nắng,0.462331,0.970343,15,0,93.39,Chiều,1.76
Đà Nẵng,,2,16.91,Xe ViP,Mưa,0.754603,0.810837,16,0,91.25,Cao điểm Sáng,2.01
Hải Phòng,,3,17.36,Xe ViP,Nắng,0.908411,0.493478,17,0,85.89,Đêm,1
Đà Nẵng,,1,10.66,Xe ViP,Mưa Bão,0.670098,0.965835,1,0,94.28,Cao điểm Sáng,2.22
Đà Nẵng,,1,15.38,Ô Tô 4 Chỗ,Nắng,0.390467,0.89154,15,0,99.92,Cao điểm Tối,2.14
Hồ Chí Minh,,1,4.27,Xe ViP,Mưa Bão,0.902283,0.404218,19,0,97.14,Cao điểm Sáng,2.2
Hồ Chí Minh,,5,3.53,Xe ViP,Mưa,0.627482,0.624894,19,1,97.01,Cao điểm Sáng,2.28
Cần Thơ,,3,0.53,Ô Tô 4 Chỗ,Nắng,0.256353,0.96725,22,0,85.94,Đêm,2.07
Cần Thơ,,3,3.73,Xe ViP,Mưa,0.36418,0.823931,10,0,84.57,Chiều,2
Hồ Chí Minh,,4,15.13,Ô Tô 4 Chỗ,Nắng,0.498588,0.957288,0,0,90.82,Cao điểm Sáng,2.06
Hồ Chí Minh,,0,7.78,Xe Máy,Mưa,0.265493,0.414459,15,0,88.7,Cao điểm Tối,2.14
Cần Thơ,,4,5.07,Xe ViP,Mưa Bão,0.268223,0.952438,10,0,91.27,Cao điểm Tối,3.17
Hà Nội,,2,12.32,Xe Máy,Nhiều Mây,0.477419,0.650486,7,0,91.62,Cao điểm Tối,1.4
Hải Phòng,,0,18.32,Xe Máy,Mưa Bão,0.465907,0.793152,19,0,96.92,Đêm,1.65
Đà Nẵng,,1,0.55,Xe Máy,Nắng,0.561915,0.454603,19,0,93.73,Cao điểm Tối,1.34
Đà Nẵng,,0,19.69,Xe ViP,Mưa,0.582546,0.509724,18,0,94.39,Cao điểm Tối,2.2
Cần Thơ,,5,4.21,Xe Máy,Mưa,0.28219,0.905782,15,1,85.11,Chiều,2.28
Hồ Chí Minh,,1,8.53,Xe ViP,Nhiều Mây,0.98882,0.583069,2,0,85.82,Chiều,1
Hồ Chí Minh,,3,8.77,Xe ViP,Nhiều Mây,0.597189,0.938593,15,0,97.48,Cao điểm Tối,1.87
Hải Phòng,,6,6.63,Xe Máy,Nắng,0.658033,0.610659,6,1,91.85,Đêm,1
Cần Thơ,,6,8.69,Xe ViP,Mưa Bão,0.917862,0.61455,7,1,98.07,Đêm,1.14
Hà Nội,,3,13.36,Ô Tô 4 Chỗ,Nhiều Mây,0.807745,0.514956,12,0,95.52,Cao điểm Tối,1.13
Cần Thơ,,5,17.88,Ô Tô 4 Chỗ,Nhiều Mây,0.995653,0.824992,11,1,85.57,Cao điểm Tối,1.23
Hồ Chí Minh,,6,7.15,Ô Tô 4 Chỗ,Nhiều Mây,0.879126,0.759602,14,1,93.06,Cao điểm Tối,1.22
Cần Thơ,,1,1.32,Ô Tô 4 Chỗ,Nắng,0.249593,0.668325,1,0,99.37,Cao điểm Tối,1.91
Hồ Chí Minh,,4,16.82,Ô Tô 4 Chỗ,Mưa Bão,0.512821,0.925208,16,0,91.53,Cao điểm Tối,2.74
Cần Thơ,,0,4.19,Xe Máy,Nhiều Mây,0.679266,0.846848,4,0,92.85,Chiều,1.25
Cần Thơ,,0,17.84,Ô Tô 4 Chỗ,Mưa,0.400892,0.65056,10,0,91.22,Chiều,1.75
Hải Phòng,,4,15,Xe Máy,Mưa Bão,0.371309,0.834219,3,0,92.14,Đêm,1.89
Hà Nội,,4,13.45,Ô Tô 4 Chỗ,Mưa,0.542065,0.613432,1,0,86.84,Cao điểm Sáng,2.29
Đà Nẵng,,6,11.67,Ô Tô 4 Chỗ,Mưa,0.96678,0.856541,15,1,96.97,Cao điểm Tối,1.6
Cần Thơ,,3,4.67,Ô Tô 4 Chỗ,Mưa,0.911067,0.598263,22,0,94.71,Đêm,1.33
Hải Phòng,,5,8.08,Xe ViP,Mưa Bão,0.225983,0.596757,9,1,91.05,Đêm,1.93
Hồ Chí Minh,,6,6.11,Xe ViP,Nắng,0.893753,0.805729,14,1,91.26,Chiều,1
Cần Thơ,,4,19.18,Ô Tô 4 Chỗ,Nắng,0.642057,0.509686,3,0,88.13,Đêm,1
Hồ Chí Minh,,3,10.84,Ô Tô 4 Chỗ,Nắng,0.995151,0.615564,8,0,87.77,Chiều,1
Đà Nẵng,,4,2.1,Xe ViP,Nắng,0.81005,0.525635,3,0,83.93,Cao điểm Sáng,1.31
Hải Phòng,,6,7.47,Ô Tô 4 Chỗ,Nhiều Mây,0.673781,0.413106,13,1,95.63,Cao điểm Sáng,1.1
Hải Phòng,,1,13.65,Ô Tô 4 Chỗ,Mưa,0.658163,0.999676,14,0,88.03,Cao điểm Tối,2.9
Hải Phòng,,2,9.2,Xe ViP,Mưa,0.760848,0.809816,17,0,94.58,Cao điểm Tối,1.59
Cần Thơ,,5,4.23,Xe Máy,Nhiều Mây,0.792472,0.477888,8,1,93.58,Cao điểm Tối,1.1
Hà Nội,,1,15.17,Xe Máy,Nhiều Mây,0.237955,0.43547,17,0,86.02,Cao điểm Sáng,1.68
Hồ Chí Minh,,0,12.4,Xe ViP,Mưa,0.245869,0.485688,12,0,91.83,Đêm,1.74
Hải Phòng,,2,14.85,Xe Máy,Nắng,0.65081,0.932403,21,0,93.89,Chiều,1.42
Hà Nội,,0,9.7,Xe ViP,Nắng,0.341651,0.709673,5,0,97.42,Chiều,1.55
Hải Phòng,,3,3.48,Xe Máy,Nắng,0.529205,0.429794,4,0,90.72,Cao điểm Sáng,1.38
Hải Phòng,,4,11.17,Xe ViP,Mưa,0.72638,0.823399,4,0,93.27,Cao điểm Sáng,2.55
Cần Thơ,,5,18.23,Ô Tô 4 Chỗ,Mưa Bão,0.500538,0.696501,7,1,94.87,Cao điểm Sáng,2.31
Cần Thơ,,1,19.2,Xe ViP,Mưa Bão,0.361677,0.992994,15,0,96.07,Chiều,2.07
Cần Thơ,,4,5.58,Xe ViP,Nhiều Mây,0.910665,0.912741,22,0,86.92,Cao điểm Tối,1.4
Đà Nẵng,,5,3.16,Xe ViP,Nhiều Mây,0.224276,0.75531,19,1,86.08,Cao điểm Tối,1.93
Hồ Chí Minh,,1,4.92,Xe ViP,Mưa,0.246447,0.80185,11,0,93.79,Cao điểm Sáng,3.02
Cần Thơ,,4,9.35,Xe ViP,Nhiều Mây,0.981866,0.944334,9,0,87.98,Cao điểm Sáng,1.27
Hà Nội,,4,14.34,Ô Tô 4 Chỗ,Mưa,0.443015,0.684139,5,0,91.13,Cao điểm Tối,2.34
Hà Nội,,6,13.48,Ô Tô 4 Chỗ,Mưa,0.575355,0.570502,9,1,87.32,Đêm,1.36
Hải Phòng,,4,15.43,Ô Tô 4 Chỗ,Nắng,0.581872,0.527982,20,0,88.11,Đêm,1
Đà Nẵng,,3,14.28,Xe ViP,Mưa Bão,0.76345,0.539091,9,0,94.67,Chiều,1.39
Hồ Chí Minh,,1,11.22,Xe ViP,Nhiều Mây,0.606856,0.873727,15,0,94.25,Đêm,1.4
Cần Thơ,,4,7.67,Ô Tô 4 Chỗ,Mưa Bão,0.374835,0.583953,14,0,88.18,Cao điểm Sáng,2.44
Hồ Chí Minh,,1,1.38,Ô Tô 4 Chỗ,Mưa,0.2324,0.719786,0,0,86.08,Cao điểm Sáng,3.01
Hà Nội,,5,17.58,Xe ViP,Mưa Bão,0.24773,0.837599,2,1,85.95,Đêm,2.05
Đà Nẵng,,0,15.13,Ô Tô 4 Chỗ,Nắng,0.619641,0.884126,11,0,85.67,Chiều,1.4
Hồ Chí Minh,,2,1.34,Ô Tô 4 Chỗ,Nhiều Mây,0.60195,0.622211,4,0,92.75,Cao điểm Sáng,1.28
Hà Nội,,6,12.52,Ô Tô 4 Chỗ,Nắng,0.21976,0.923082,11,1,91.3,Chiều,2.05
Hải Phòng,,5,5.51,Ô Tô 4 Chỗ,Nắng,0.808685,0.751434,14,1,94.59,Cao điểm Tối,1.22
Hải Phòng,,4,16.57,Xe Máy,Nắng,0.986785,0.568982,23,0,87.95,Chiều,1
Hải Phòng,,0,0.88,Xe Máy,Nắng,0.567274,0.520761,1,0,91.65,Cao điểm Tối,1.15
Hà Nội,,3,11.13,Xe Máy,Mưa,0.749736,0.92657,7,0,96.27,Cao điểm Sáng,2.46
Cần Thơ,,0,4.2,Xe ViP,Nhiều Mây,0.326474,0.864712,9,0,86.77,Đêm,1.81
Hồ Chí Minh,,5,18.04,Xe Máy,Mưa Bão,0.309749,0.597342,13,1,86.07,Cao điểm Tối,1.96
Hồ Chí Minh,,2,10.51,Xe Máy,Nhiều Mây,0.602212,0.702395,6,0,87.62,Cao điểm Tối,1.31
Đà Nẵng,,0,19.7,Xe Máy,Mưa,0.971227,0.681276,6,0,85.55,Cao điểm Tối,1.76
Hà Nội,,3,17.32,Ô Tô 4 Chỗ,Nhiều Mây,0.64503,0.990582,0,0,92.41,Cao điểm Sáng,1.64
Hà Nội,,4,6.73,Ô Tô 4 Chỗ,Mưa Bão,0.864078,0.401423,3,0,95.58,Chiều,1.33
Hồ Chí Minh,,5,17.52,Xe Máy,Mưa Bão,0.757493,0.775635,5,1,88.47,Chiều,1.3
Cần Thơ,,0,19.69,Xe Máy,Nhiều Mây,0.909598,0.542876,20,0,95.99,Chiều,1
Hà Nội,,4,4.07,Xe Máy,Mưa,0.922361,0.603617,21,0,93.08,Chiều,1.23
Hà Nội,,6,14.93,Xe ViP,Nắng,0.258594,0.652658,10,1,87.09,Cao điểm Sáng,1.89
Đà Nẵng,,1,0.86,Xe Máy,Nhiều Mây,0.323069,0.660976,18,0,93.9,Đêm,1.51
Hà Nội,,2,10.69,Ô Tô 4 Chỗ,Mưa,0.739817,0.404922,18,0,89.03,Chiều,1.11
Hà Nội,,5,6.92,Ô Tô 4 Chỗ,Nhiều Mây,0.624734,0.9413,2,1,98.77,Đêm,1.47
Đà Nẵng,,2,5.48,Xe Máy,Nắng,0.820296,0.555702,17,0,87.18,Cao điểm Tối,1.35
Hà Nội,,4,14.31,Xe Máy,Mưa,0.2667,0.937359,16,0,93.57,Đêm,2.39
Đà Nẵng,,3,2.64,Xe Máy,Mưa Bão,0.998891,0.404658,20,0,95.69,Chiều,1.22
Hồ Chí Minh,,6,8.44,Xe ViP,Mưa,0.545338,0.437333,13,1,86.5,Chiều,1.2
Cần Thơ,,0,10.6,Ô Tô 4 Chỗ,Mưa,0.489327,0.883378,7,0,89.08,Chiều,1.8
Hà Nội,,0,11.51,Xe Máy,Mưa,0.866616,0.657293,5,0,91.02,Cao điểm Tối,1.89
Hồ Chí Minh,,6,0.69,Xe Máy,Mưa Bão,0.673074,0.827031,19,1,94.58,Cao điểm Tối,1.91
Hồ Chí Minh,,5,6.66,Xe Máy,Mưa Bão,0.826677,0.538482,0,1,98.72,Cao điểm Tối,2.03
Hồ Chí Minh,,4,19.34,Xe ViP,Mưa Bão,0.765944,0.952787,15,0,93.43,Cao điểm Tối,2.76
Đà Nẵng,,2,15.9,Ô Tô 4 Chỗ,Mưa Bão,0.415634,0.967898,17,0,93.45,Cao điểm Sáng,3.09
Hà Nội,,3,17.82,Ô Tô 4 Chỗ,Nhiều Mây,0.757687,0.917538,22,0,86.18,Cao điểm Tối,1.37
Cần Thơ,,2,15.08,Xe Máy,Nắng,0.244432,0.587695,21,0,92.1,Cao điểm Tối,1.84
Cần Thơ,,3,15.8,Xe ViP,Nắng,0.754534,0.847352,16,0,89.4,Cao điểm Sáng,1.38
Đà Nẵng,,5,19.72,Xe ViP,Nắng,0.573365,0.481063,22,1,96.39,Cao điểm Sáng,1.17
Hà Nội,,1,0.85,Ô Tô 4 Chỗ,Mưa,0.7358,0.712182,1,0,91.26,Đêm,1.12
Hải Phòng,,0,4.25,Xe Máy,Nắng,0.296949,0.909409,16,0,89.47,Cao điểm Tối,2.28
Cần Thơ,,1,10.69,Xe ViP,Mưa,0.557001,0.969133,20,0,89.88,Cao điểm Tối,3.02
Đà Nẵng,,6,17.37,Xe Máy,Nhiều Mây,0.39589,0.760576,19,1,98.75,Chiều,1.43
Đà Nẵng,,2,10.64,Ô Tô 4 Chỗ,Nhiều Mây,0.683961,0.601661,20,0,87.43,Cao điểm Tối,1.3
Đà Nẵng,,6,8.75,Xe Máy,Nắng,0.577177,0.565909,0,1,95.42,Đêm,1
Đà Nẵng,,0,13.71,Xe ViP,Nắng,0.974565,0.567001,0,0,89.44,Cao điểm Sáng,1.39
Cần Thơ,,6,1.28,Xe ViP,Nắng,0.291956,0.587271,23,1,86.89,Cao điểm Sáng,1.44
Hải Phòng,,4,9.83,Ô Tô 4 Chỗ,Nhiều Mây,0.388695,0.468727,5,0,90.66,Cao điểm Tối,1.5
Hải Phòng,,6,15.9,Xe Máy,Nhiều Mây,0.390883,0.850826,23,1,88.67,Chiều,1.46
Hồ Chí Minh,,2,5.78,Ô Tô 4 Chỗ,Mưa Bão,0.885982,0.595064,13,0,94.7,Đêm,1.39
Hải Phòng,,5,6.36,Xe ViP,Mưa,0.201533,0.448826,5,1,93.8,Đêm,1.61
Hà Nội,,5,8.74,Ô Tô 4 Chỗ,Mưa,0.647016,0.477836,20,1,96.32,Chiều,1.35
Hải Phòng,,0,7.24,Ô Tô 4 Chỗ,Nhiều Mây,0.649156,0.678294,11,0,92.04,Cao điểm Tối,1.36
Hồ Chí Minh,,1,18.69,Xe ViP,Nhiều Mây,0.203855,0.729704,14,0,87.36,Chiều,1.79
Cần Thơ,,1,16.59,Xe Máy,Mưa Bão,0.69323,0.405999,13,0,89.65,Cao điểm Sáng,1.88
Đà Nẵng,,6,4.39,Ô Tô 4 Chỗ,Mưa Bão,0.982329,0.707534,1,1,94.86,Chiều,1.21
Hải Phòng,,4,18.76,Xe ViP,Nắng,0.26233,0.774856,18,0,92.05,Cao điểm Tối,1.9
Cần Thơ,,5,19.8,Xe Máy,Mưa Bão,0.812975,0.70084,8,1,97,Cao điểm Sáng,1.67
Hà Nội,,5,5.53,Xe Máy,Nắng,0.475195,0.44115,7,1,96.33,Cao điểm Sáng,1.23
Đà Nẵng,,4,15.38,Ô Tô 4 Chỗ,Nắng,0.271591,0.762243,4,0,87.2,Chiều,1.74
Hà Nội,,4,14.54,Xe Máy,Nhiều Mây,0.414141,0.404667,19,0,89.23,Cao điểm Tối,1.13
Hải Phòng,,1,14.97,Xe Máy,Nắng,0.348915,0.731233,1,0,90.82,Cao điểm Sáng,1.81
Hà Nội,,4,0.64,Xe Máy,Nắng,0.737896,0.833691,17,0,94.47,Cao điểm Sáng,1.34
Hồ Chí Minh,,2,19.86,Ô Tô 4 Chỗ,Mưa Bão,0.420385,0.443754,2,0,89.78,Cao điểm Tối,2.14
Cần Thơ,,6,15.85,Xe ViP,Mưa,0.672972,0.430255,13,1,92.87,Cao điểm Sáng,1.69
Cần Thơ,,3,0.87,Xe ViP,Nhiều Mây,0.218247,0.576111,15,0,90.86,Cao điểm Tối,1.76
Cần Thơ,,5,17.17,Xe Máy,Nhiều Mây,0.913661,0.466538,18,1,91.55,Cao điểm Sáng,1.16
Hồ Chí Minh,,1,15.73,Ô Tô 4 Chỗ,Mưa,0.251284,0.788741,16,0,93.18,Chiều,1.94
Cần Thơ,,6,9.77,Xe Máy,Mưa,0.463685,0.911437,11,1,93.39,Đêm,1.88
Hà Nội,,3,16.55,Xe ViP,Nhiều Mây,0.90014,0.738734,14,0,87.07,Đêm,1
Hồ Chí Minh,,2,15.03,Xe ViP,Mưa,0.573622,0.873494,23,0,95.2,Chiều,1.63
Hồ Chí Minh,,0,16.17,Xe ViP,Nắng,0.663985,0.485752,23,0,91.32,Cao điểm Tối,1.33
Đà Nẵng,,2,13.32,Xe ViP,Nhiều Mây,0.605106,0.79766,2,0,87.83,Chiều,1.29
Đà Nẵng,,0,15.41,Ô Tô 4 Chỗ,Mưa Bão,0.284519,0.437904,17,0,87.89,Cao điểm Sáng,2.22
Hồ Chí Minh,,0,7.14,Xe Máy,Nắng,0.634905,0.864802,12,0,90.07,Chiều,1.34
Đà Nẵng,,4,3.34,Xe ViP,Nhiều Mây,0.666064,0.703847,16,0,96,Chiều,1.06
Hải Phòng,,5,3.87,Xe ViP,Mưa Bão,0.617095,0.868047,11,1,92.56,Cao điểm Tối,2.18
Hồ Chí Minh,,1,15.42,Ô Tô 4 Chỗ,Mưa,0.765474,0.406304,11,0,90.94,Chiều,1.28
Hồ Chí Minh,,6,4.4,Xe ViP,Mưa Bão,0.984753,0.895144,16,1,94.77,Chiều,1.11
Hồ Chí Minh,,1,16.6,Ô Tô 4 Chỗ,Nhiều Mây,0.284201,0.833666,13,0,87.48,Chiều,1.82
Hồ Chí Minh,,6,5.42,Xe ViP,Nắng,0.25735,0.851388,10,1,92.16,Chiều,1.89
Hà Nội,,0,4.55,Xe ViP,Mưa Bão,0.439316,0.955812,20,0,97.77,Cao điểm Tối,3.14
Cần Thơ,,6,3.07,Xe Máy,Nắng,0.591494,0.842822,16,1,89.99,Cao điểm Sáng,1.46
Hà Nội,,4,2.3,Ô Tô 4 Chỗ,Nhiều Mây,0.862037,0.699869,10,0,88.19,Cao điểm Tối,1.19
Cần Thơ,,3,12.76,Xe Máy,Nhiều Mây,0.792787,0.60609,14,0,92.57,Cao điểm Sáng,1.21
Cần Thơ,,3,19.79,Ô Tô 4 Chỗ,Nhiều Mây,0.339656,0.513605,2,0,88.91,Đêm,1.26
Đà Nẵng,,5,1.88,Xe ViP,Mưa Bão,0.917495,0.754769,16,1,87.41,Cao điểm Sáng,1.58
Hồ Chí Minh,,3,17.77,Xe ViP,Nhiều Mây,0.429302,0.679157,21,0,92.49,Cao điểm Sáng,1.62
Hồ Chí Minh,,3,9.91,Xe ViP,Mưa,0.210041,0.694279,22,0,96.08,Cao điểm Tối,2.25
Đà Nẵng,,4,17.74,Xe Máy,Mưa,0.293588,0.534992,14,0,95.67,Cao điểm Tối,2.56
Hải Phòng,,1,5.08,Xe ViP,Mưa Bão,0.372152,0.612951,17,0,99.13,Chiều,1.51
Hà Nội,,0,13.97,Ô Tô 4 Chỗ,Mưa Bão,0.785309,0.701994,13,0,90.43,Chiều,1.26
Hà Nội,,6,12.32,Xe Máy,Nắng,0.564158,0.821729,22,1,94.19,Cao điểm Tối,1.69
Hồ Chí Minh,,3,16.42,Xe Máy,Nắng,0.439857,0.750089,23,0,94.96,Đêm,1.47
Hà Nội,,6,3.93,Ô Tô 4 Chỗ,Mưa,0.879207,0.528481,13,1,86.1,Cao điểm Tối,2.49
Hải Phòng,,4,2.33,Xe Máy,Nhiều Mây,0.240263,0.420884,16,0,86.1,Cao điểm Sáng,1.43
Hải Phòng,,2,12.64,Xe ViP,Mưa Bão,0.498059,0.730073,4,0,95.89,Cao điểm Tối,2.13
Hải Phòng,,4,1.57,Ô Tô 4 Chỗ,Nắng,0.689386,0.986478,13,0,96.24,Cao điểm Sáng,1.81
Cần Thơ,,2,17.15,Xe ViP,Nhiều Mây,0.73552,0.787836,17,0,91.07,Chiều,1.08
Hồ Chí Minh,,0,16.07,Xe Máy,Mưa Bão,0.253906,0.994384,13,0,96.18,Đêm,2.22
Đà Nẵng,,1,19.53,Xe Máy,Mưa,0.947519,0.607244,14,0,85.27,Cao điểm Tối,1.84
Hải Phòng,,6,16.89,Xe Máy,Mưa,0.874896,0.438228,14,1,96.54,Cao điểm Sáng,2.45
Hồ Chí Minh,,5,9.45,Xe Máy,Mưa Bão,0.69728,0.717426,11,1,91.55,Cao điểm Sáng,1.61
Hồ Chí Minh,,6,12.32,Ô Tô 4 Chỗ,Mưa Bão,0.726137,0.848752,20,1,85.4,Đêm,1.54
Đà Nẵng,,6,12.84,Xe Máy,Mưa Bão,0.455229,0.673306,20,1,97.72,Chiều,1.61
Hà Nội,,5,6.12,Xe ViP,Mưa Bão,0.760941,0.479233,6,1,88.32,Cao điểm Sáng,1.94
Hồ Chí Minh,,3,16.42,Ô Tô 4 Chỗ,Nhiều Mây,0.803101,0.833347,18,0,92.11,Cao điểm Sáng,1.3
Đà Nẵng,,0,12.04,Xe ViP,Nhiều Mây,0.372713,0.561948,23,0,84.06,Cao điểm Sáng,1.44
Cần Thơ,,4,18.84,Xe Máy,Nắng,0.222498,0.697503,0,0,86.73,Chiều,1.71
Hồ Chí Minh,,2,16,Xe ViP,Nắng,0.316043,0.606706,21,0,99.36,Cao điểm Tối,1.61
Hà Nội,,1,15.18,Xe ViP,Nhiều Mây,0.355772,0.793554,13,0,92.08,Cao điểm Sáng,1.81
Hồ Chí Minh,,2,13.87,Xe Máy,Mưa,0.24607,0.575755,11,0,91.25,Đêm,1.8
Hồ Chí Minh,,1,6.23,Xe Máy,Mưa,0.332069,0.623315,2,0,90.51,Cao điểm Sáng,1.97
Hải Phòng,,6,3.62,Xe ViP,Mưa,0.648325,0.437959,16,1,99.27,Chiều,1.11
Cần Thơ,,3,19.65,Xe Máy,Nhiều Mây,0.638205,0.534648,9,0,94.19,Cao điểm Tối,1.23
Hải Phòng,,6,6.15,Xe Máy,Nhiều Mây,0.676758,0.43158,3,1,86.44,Chiều,1
Cần Thơ,,5,0.93,Xe Máy,Mưa Bão,0.836446,0.696166,2,1,97.66,Cao điểm Sáng,2.19
Cần Thơ,,2,18.11,Xe ViP,Nhiều Mây,0.253538,0.461454,12,0,90.7,Đêm,1.31
Hà Nội,,6,16.24,Xe ViP,Mưa,0.46803,0.797621,12,1,95.28,Cao điểm Tối,2.3
Đà Nẵng,,1,4.85,Xe Máy,Nắng,0.518388,0.949648,16,0,90.35,Đêm,1.65
Đà Nẵng,,4,2.81,Xe ViP,Mưa Bão,0.21195,0.692052,17,0,88.42,Cao điểm Sáng,3.07
Hồ Chí Minh,,6,1.77,Xe ViP,Mưa,0.886426,0.966277,18,1,88.32,Đêm,1.28
Cần Thơ,,3,19.09,Ô Tô 4 Chỗ,Nắng,0.336434,0.654969,23,0,91.04,Cao điểm Tối,1.85
Hải Phòng,,4,8.09,Xe ViP,Nắng,0.55398,0.930833,4,0,84.4,Cao điểm Tối,1.94
Hà Nội,,4,15.21,Ô Tô 4 Chỗ,Mưa Bão,0.487701,0.819295,9,0,89.67,Chiều,1.82
Hải Phòng,,4,11.27,Ô Tô 4 Chỗ,Mưa Bão,0.824204,0.423896,17,0,89.67,Cao điểm Sáng,2.46
Đà Nẵng,,0,3.7,Xe ViP,Mưa Bão,0.998734,0.753069,2,0,93.83,Cao điểm Sáng,2.31
Đà Nẵng,,6,18.3,Ô Tô 4 Chỗ,Mưa Bão,0.981006,0.699974,22,1,92.67,Đêm,1.27
Hồ Chí Minh,,0,9.04,Xe Máy,Nắng,0.393122,0.812407,0,0,83.73,Chiều,1.63
Hải Phòng,,6,14.64,Xe Máy,Nhiều Mây,0.574045,0.42737,4,1,91.33,Cao điểm Tối,1.31
Đà Nẵng,,4,18.99,Xe Máy,Nắng,0.818616,0.853612,0,0,87.46,Cao điểm Sáng,1.45
Đà Nẵng,,4,15.73,Xe Máy,Nắng,0.776467,0.751089,23,0,89.58,Cao điểm Sáng,1.27
Hà Nội,,2,8.37,Xe Máy,Nhiều Mây,0.440028,0.862812,11,0,93.41,Đêm,1.63
Hồ Chí Minh,,5,1.51,Ô Tô 4 Chỗ,Nhiều Mây,0.258497,0.631013,22,1,89.82,Cao điểm Sáng,1.84
Hồ Chí Minh,,5,8.56,Xe ViP,Mưa,0.670365,0.922408,6,1,89.22,Đêm,1.66
Hà Nội,,6,9.11,Xe ViP,Nắng,0.277446,0.550629,19,1,90,Cao điểm Tối,1.52
Cần Thơ,,4,0.84,Ô Tô 4 Chỗ,Mưa Bão,0.846173,0.86984,3,0,93.27,Đêm,1.23
Cần Thơ,,2,18.49,Xe Máy,Nắng,0.746728,0.79444,4,0,86.15,Cao điểm Sáng,1.29
Đà Nẵng,,3,15.46,Xe Máy,Nắng,0.850057,0.594383,13,0,88.46,Đêm,1
Hải Phòng,,2,12.14,Xe ViP,Mưa,0.892578,0.954115,14,0,94.39,Chiều,1.32
Cần Thơ,,6,1.86,Ô Tô 4 Chỗ,Nhiều Mây,0.382019,0.805758,22,1,89.77,Chiều,1.36
Hà Nội,,1,6.82,Xe Máy,Nắng,0.907319,0.983191,15,0,89.05,Cao điểm Sáng,1.48
Hải Phòng,,2,17.52,Xe Máy,Mưa,0.404689,0.917893,0,0,90.29,Cao điểm Sáng,2.89
Hà Nội,,2,10.48,Xe Máy,Nhiều Mây,0.25546,0.568341,17,0,93.79,Chiều,1.47
Đà Nẵng,,4,9.95,Xe Máy,Mưa Bão,0.357094,0.713468,1,0,96.2,Đêm,1.82
Đà Nẵng,,3,6.75,Ô Tô 4 Chỗ,Nắng,0.594022,0.60695,16,0,86.98,Cao điểm Tối,1.41
Cần Thơ,,2,10.24,Ô Tô 4 Chỗ,Mưa Bão,0.391077,0.728554,17,0,89.85,Cao điểm Tối,2.73
Cần Thơ,,3,8.32,Xe ViP,Nắng,0.720654,0.97382,8,0,96.07,Cao điểm Sáng,1.7
Đà Nẵng,,1,2.93,Xe Máy,Nắng,0.239889,0.999287,12,0,95.77,Đêm,2.14
Cần Thơ,,5,11.69,Xe ViP,Nắng,0.477811,0.638389,20,1,84.73,Cao điểm Tối,1.17
Cần Thơ,,3,10.68,Ô Tô 4 Chỗ,Nắng,0.444672,0.451334,12,0,94.71,Đêm,1.01
Hà Nội,,2,8.56,Xe Máy,Nhiều Mây,0.418653,0.836778,4,0,97.57,Cao điểm Tối,1.75
Đà Nẵng,,1,14.37,Xe ViP,Nắng,0.618368,0.623705,9,0,92.38,Cao điểm Sáng,1.24
Hải Phòng,,6,13.11,Ô Tô 4 Chỗ,Mưa Bão,0.465241,0.435303,19,1,95.53,Cao điểm Tối,1.57
Cần Thơ,,0,9.43,Xe Máy,Mưa Bão,0.729937,0.842007,6,0,97.33,Cao điểm Tối,1.79
Cần Thơ,,5,3.46,Xe ViP,Nhiều Mây,0.718187,0.424665,19,1,97.89,Cao điểm Tối,1.05
Hà Nội,,2,7.28,Ô Tô 4 Chỗ,Nhiều Mây,0.497456,0.545112,9,0,96.17,Chiều,1.07
Hải Phòng,,6,12.56,Xe ViP,Mưa,0.818111,0.554521,4,1,95.89,Cao điểm Sáng,2.22
Đà Nẵng,,3,17.15,Ô Tô 4 Chỗ,Nắng,0.567846,0.856519,5,0,83.63,Đêm,1.43
Đà Nẵng,,2,6.39,Ô Tô 4 Chỗ,Mưa,0.535982,0.467347,4,0,96.95,Đêm,1.27
Hồ Chí Minh,,1,12.28,Xe Máy,Mưa Bão,0.539262,0.561597,10,0,95.69,Cao điểm Sáng,1.62
Hà Nội,,6,16.58,Ô Tô 4 Chỗ,Mưa Bão,0.794025,0.903991,19,1,85.7,Đêm,1.38
Hồ Chí Minh,,5,15.43,Xe Máy,Nhiều Mây,0.283171,0.516934,20,1,94.13,Cao điểm Tối,1.46
Cần Thơ,,0,6.87,Xe Máy,Nhiều Mây,0.652708,0.903209,19,0,87.99,Đêm,1.38
Hồ Chí Minh,,1,19.08,Xe ViP,Mưa Bão,0.83702,0.413897,18,0,89.88,Chiều,1.24
Đà Nẵng,,6,16.79,Ô Tô 4 Chỗ,Nắng,0.866244,0.500058,17,1,93.42,Đêm,1
Hà Nội,,4,12.03,Ô Tô 4 Chỗ,Nắng,0.55189,0.940313,13,0,95.59,Cao điểm Sáng,1.74
Hải Phòng,,2,6.33,Xe Máy,Mưa Bão,0.262749,0.947958,16,0,97.04,Chiều,2.3
Đà Nẵng,,4,19.38,Ô Tô 4 Chỗ,Nhiều Mây,0.643751,0.709193,17,0,87.96,Cao điểm Tối,1.46
Đà Nẵng,,4,15.27,Ô Tô 4 Chỗ,Nhiều Mây,0.229694,0.951089,23,0,86.05,Đêm,2.08
Hà Nội,,0,8.96,Xe ViP,Nắng,0.609722,0.912003,17,0,91.57,Chiều,1.45
Cần Thơ,,5,19.01,Xe Máy,Nhiều Mây,0.835862,0.640258,13,1,93.35,Chiều,1
Hải Phòng,,1,6.36,Xe Máy,Nhiều Mây,0.75787,0.580533,21,0,89.9,Đêm,1
Hồ Chí Minh,,0,10.01,Xe Máy,Mưa,0.66892,0.790476,9,0,86.93,Cao điểm Tối,1.91
Hà Nội,,6,16.52,Xe Máy,Mưa,0.350791,0.888611,11,1,92.93,Đêm,2.21
Cần Thơ,,0,3.72,Ô Tô 4 Chỗ,Nắng,0.275533,0.802872,4,0,91.37,Cao điểm Tối,2.13
Hà Nội,,0,18.23,Ô Tô 4 Chỗ,Nắng,0.774075,0.679495,21,0,90.74,Chiều,1
Hải Phòng,,3,14.51,Xe Máy,Nắng,0.452825,0.952959,22,0,93.7,Cao điểm Sáng,2.1
Đà Nẵng,,0,19.35,Ô Tô 4 Chỗ,Nhiều Mây,0.436417,0.706312,2,0,86.55,Cao điểm Sáng,1.63
Đà Nẵng,,4,16.33,Ô Tô 4 Chỗ,Nắng,0.851918,0.499773,18,0,98.76,Cao điểm Tối,1.11
Cần Thơ,,1,6.94,Ô Tô 4 Chỗ,Mưa,0.769467,0.838472,20,0,95.49,Chiều,1.43
Cần Thơ,,5,13.12,Xe Máy,Nhiều Mây,0.733569,0.515667,0,1,90.34,Chiều,1
Hồ Chí Minh,,4,1.34,Xe ViP,Mưa,0.489112,0.967158,6,0,87.73,Cao điểm Sáng,3.17
Hà Nội,,6,4.91,Xe Máy,Mưa Bão,0.670309,0.65308,5,1,84.58,Cao điểm Sáng,2.21
Hải Phòng,,5,12.46,Xe ViP,Mưa,0.396128,0.925626,10,1,90.39,Chiều,1.93
Hải Phòng,,5,15.92,Xe Máy,Mưa Bão,0.738684,0.940466,19,1,87.44,Chiều,1.61
Cần Thơ,,6,10.2,Xe ViP,Mưa Bão,0.467718,0.664019,3,1,85.89,Cao điểm Sáng,2.05
Cần Thơ,,5,19,Ô Tô 4 Chỗ,Mưa,0.758135,0.641037,13,1,97.11,Cao điểm Sáng,2.24
Hà Nội,,1,10.01,Ô Tô 4 Chỗ,Nhiều Mây,0.552607,0.701732,4,0,86.42,Cao điểm Tối,1.34
Cần Thơ,,0,14.34,Ô Tô 4 Chỗ,Nhiều Mây,0.917835,0.992201,17,0,88.19,Cao điểm Tối,1.45
Đà Nẵng,,4,2.12,Xe Máy,Nhiều Mây,0.241292,0.905069,22,0,93.04,Cao điểm Tối,2.11
Đà Nẵng,,3,10.63,Ô Tô 4 Chỗ,Mưa Bão,0.343881,0.532801,19,0,99.86,Đêm,1.42
Hà Nội,,0,12.43,Ô Tô 4 Chỗ,Nắng,0.984586,0.697665,7,0,86.49,Đêm,1
Hà Nội,,3,12.69,Ô Tô 4 Chỗ,Nắng,0.518427,0.640998,11,0,97.29,Cao điểm Sáng,1.34
Cần Thơ,,1,18.17,Xe ViP,Nhiều Mây,0.668623,0.63714,23,0,85.7,Chiều,1
Cần Thơ,,0,5.8,Ô Tô 4 Chỗ,Mưa,0.405998,0.819407,11,0,91.41,Chiều,1.75
Hồ Chí Minh,,6,17.54,Ô Tô 4 Chỗ,Nhiều Mây,0.762938,0.97728,11,1,91.27,Cao điểm Tối,1.72
Hải Phòng,,3,18.67,Xe Máy,Mưa,0.778345,0.601445,15,0,91.32,Chiều,1.23
Hà Nội,,3,1.41,Xe ViP,Nhiều Mây,0.232201,0.492073,11,0,94.81,Chiều,1.39
Đà Nẵng,,5,3.03,Xe Máy,Nhiều Mây,0.387249,0.864577,20,1,91.53,Chiều,1.68
Đà Nẵng,,5,13.69,Xe Máy,Mưa Bão,0.636434,0.536325,22,1,94.21,Cao điểm Sáng,1.72
Đà Nẵng,,1,13.44,Ô Tô 4 Chỗ,Mưa Bão,0.363071,0.963473,1,0,94.04,Cao điểm Tối,2.63
Hải Phòng,,4,2.02,Xe ViP,Nắng,0.500176,0.593797,12,0,85.84,Đêm,1.14
Hà Nội,,3,11.74,Xe Máy,Mưa,0.899064,0.401558,1,0,92.76,Cao điểm Sáng,1.58
Hồ Chí Minh,,3,3.18,Ô Tô 4 Chỗ,Mưa,0.318512,0.714966,11,0,86.27,Chiều,1.93
Đà Nẵng,,5,16.15,Xe Máy,Mưa,0.68723,0.464834,2,1,91.4,Cao điểm Sáng,1.6
Hải Phòng,,5,9.84,Xe Máy,Mưa,0.258951,0.689679,7,1,89.38,Cao điểm Sáng,3.12
Hà Nội,,0,12.59,Ô Tô 4 Chỗ,Mưa Bão,0.449196,0.57058,5,0,97.77,Đêm,1.28
Hải Phòng,,1,7.73,Ô Tô 4 Chỗ,Mưa,0.895194,0.910816,16,0,88.16,Cao điểm Tối,1.95
Hải Phòng,,2,15.09,Ô Tô 4 Chỗ,Nắng,0.805291,0.833484,13,0,97.99,Chiều,1.04
Hà Nội,,1,1.19,Ô Tô 4 Chỗ,Mưa Bão,0.863984,0.910923,4,0,88.53,Cao điểm Tối,2.52
Cần Thơ,,5,0.73,Ô Tô 4 Chỗ,Nắng,0.789759,0.933008,16,1,94.67,Cao điểm Tối,1.21
Đà Nẵng,,3,14.37,Xe Máy,Nhiều Mây,0.778653,0.588658,13,0,87.93,Cao điểm Tối,1.4
Hồ Chí Minh,,0,2.15,Xe Máy,Nhiều Mây,0.576502,0.740456,14,0,89.69,Cao điểm Sáng,1.55
Hà Nội,,6,7.57,Xe Máy,Nắng,0.947798,0.466427,23,1,94.83,Đêm,1
Hà Nội,,0,13.76,Xe ViP,Mưa,0.641253,0.590934,10,0,89.98,Cao điểm Sáng,2.43
Hà Nội,,2,5.99,Xe Máy,Nhiều Mây,0.880074,0.495594,21,0,88.72,Đêm,1
Hải Phòng,,6,5.74,Ô Tô 4 Chỗ,Mưa Bão,0.542416,0.446274,23,1,86.46,Cao điểm Tối,1.65
Hải Phòng,,5,17.54,Ô Tô 4 Chỗ,Nhiều Mây,0.986035,0.809336,15,1,88.25,Cao điểm Sáng,1.21
Đà Nẵng,,6,7.17,Ô Tô 4 Chỗ,Nắng,0.642552,0.997003,10,1,86.2,Cao điểm Sáng,1.57
Hồ Chí Minh,,0,6.3,Xe Máy,Mưa,0.300304,0.94321,2,0,94.18,Chiều,2.16
Hải Phòng,,4,16.67,Xe Máy,Nắng,0.250119,0.535376,20,0,92.15,Cao điểm Tối,1.69
Đà Nẵng,,2,13.44,Ô Tô 4 Chỗ,Mưa,0.51419,0.762078,8,0,91.64,Đêm,1.58
Hà Nội,,2,0.85,Xe ViP,Mưa,0.931583,0.736082,1,0,89.2,Đêm,1.36
Đà Nẵng,,1,6.74,Xe Máy,Nắng,0.673779,0.748593,15,0,96.67,Cao điểm Tối,1.5
Hà Nội,,5,18.36,Ô Tô 4 Chỗ,Nắng,0.823241,0.669145,10,1,90.24,Đêm,1
Hải Phòng,,3,14.66,Ô Tô 4 Chỗ,Nhiều Mây,0.908856,0.921558,20,0,88.4,Chiều,1.02
Hồ Chí Minh,,4,7.84,Xe Máy,Nắng,0.634917,0.663731,12,0,89.58,Cao điểm Tối,1.2
Hải Phòng,,4,4,Ô Tô 4 Chỗ,Nhiều Mây,0.313093,0.946848,3,0,92.96,Cao điểm Sáng,2.14
Hồ Chí Minh,,4,2.88,Xe ViP,Nắng,0.619052,0.809472,7,0,83.59,Chiều,1.29
Hải Phòng,,0,17.24,Xe ViP,Mưa,0.672241,0.682711,1,0,89.88,Chiều,1.26
Hà Nội,,2,3.16,Xe Máy,Mưa,0.759354,0.93434,8,0,86.64,Cao điểm Tối,1.93
Đà Nẵng,,5,13.05,Xe Máy,Mưa Bão,0.336287,0.47656,7,1,89.84,Chiều,1.41
Đà Nẵng,,2,14.14,Xe Máy,Mưa Bão,0.715931,0.590326,12,0,93.3,Cao điểm Tối,2.21
Hải Phòng,,4,14.82,Xe Máy,Mưa Bão,0.668411,0.852442,6,0,88.19,Đêm,1.54
Hà Nội,,4,10.25,Xe ViP,Nhiều Mây,0.840766,0.411695,17,0,97.01,Chiều,1
Hồ Chí Minh,,1,19.8,Xe ViP,Mưa Bão,0.873036,0.636472,4,0,97.33,Chiều,1.28
Đà Nẵng,,2,19.86,Xe Máy,Mưa,0.206009,0.496617,6,0,86.35,Cao điểm Tối,2.31
Hồ Chí Minh,,5,18.68,Xe ViP,Mưa,0.907786,0.785816,14,1,91.39,Cao điểm Sáng,1.64
Hồ Chí Minh,,4,10.46,Xe ViP,Mưa,0.522549,0.770509,21,0,98.59,Chiều,1.75
Đà Nẵng,,4,10.77,Ô Tô 4 Chỗ,Nhiều Mây,0.248771,0.856157,9,0,91.77,Chiều,1.91
Hà Nội,,0,3.69,Ô Tô 4 Chỗ,Nắng,0.497437,0.717991,20,0,94.14,Đêm,1.33
Hồ Chí Minh,,2,9.05,Ô Tô 4 Chỗ,Nhiều Mây,0.854531,0.68754,6,0,91.58,Đêm,1
Cần Thơ,,1,12.03,Xe ViP,Mưa,0.46032,0.848965,11,0,88.64,Đêm,1.72
Đà Nẵng,,2,10.93,Xe Máy,Mưa Bão,0.680181,0.818352,22,0,89.04,Cao điểm Tối,2.22
Đà Nẵng,,0,15.53,Ô Tô 4 Chỗ,Nhiều Mây,0.651218,0.51757,4,0,86.89,Cao điểm Sáng,1.32
Cần Thơ,,3,14.36,Xe Máy,Mưa,0.823692,0.722553,0,0,98.42,Cao điểm Tối,1.86
Cần Thơ,,3,2.92,Xe Máy,Mưa,0.935715,0.814333,10,0,86.22,Đêm,1.16
Hà Nội,,0,2.9,Xe ViP,Mưa Bão,0.412475,0.543269,17,0,95.86,Đêm,1.43
Đà Nẵng,,3,15.76,Xe Máy,Mưa Bão,0.535784,0.544219,18,0,90.99,Chiều,1.17
Cần Thơ,,1,5,Xe Máy,Nhiều Mây,0.949061,0.524668,13,0,87.84,Cao điểm Tối,1.21
Hải Phòng,,0,14.06,Xe Máy,Nhiều Mây,0.922916,0.526872,13,0,92.37,Cao điểm Sáng,1.2
Cần Thơ,,4,0.54,Xe Máy,Mưa Bão,0.974542,0.553011,23,0,90.19,Đêm,1.35
Hải Phòng,,0,16.64,Xe Máy,Nhiều Mây,0.915284,0.774478,22,0,86.09,Đêm,1
Cần Thơ,,4,12.31,Xe Máy,Mưa Bão,0.761978,0.447658,17,0,94.5,Đêm,1.29
Hà Nội,,2,19.08,Ô Tô 4 Chỗ,Mưa,0.349829,0.773547,13,0,93.56,Cao điểm Tối,2.87
Hà Nội,,6,8.05,Xe ViP,Nắng,0.232011,0.509533,21,1,84.51,Cao điểm Sáng,1.57
Hồ Chí Minh,,4,19.78,Ô Tô 4 Chỗ,Nắng,0.911083,0.760852,6,0,84.73,Cao điểm Tối,1.32
Hải Phòng,,3,3.68,Ô Tô 4 Chỗ,Nắng,0.729486,0.706725,21,0,95.31,Chiều,1
Đà Nẵng,,2,14.68,Xe Máy,Nhiều Mây,0.481669,0.720175,4,0,96.58,Đêm,1.36
Hải Phòng,,5,15.72,Xe Máy,Mưa,0.271993,0.639682,12,1,94.89,Đêm,1.81
Đà Nẵng,,6,9.43,Ô Tô 4 Chỗ,Mưa,0.826292,0.789008,11,1,89.29,Đêm,1.24
Cần Thơ,,3,5.35,Xe Máy,Mưa,0.283973,0.801645,23,0,87.41,Cao điểm Sáng,3.07
Hà Nội,,0,2.21,Ô Tô 4 Chỗ,Nắng,0.716543,0.652735,21,0,86.41,Chiều,1
Cần Thơ,,0,17.01,Xe Máy,Mưa,0.296481,0.871205,1,0,93.31,Đêm,2.12
Đà Nẵng,,2,12.48,Ô Tô 4 Chỗ,Nhiều Mây,0.230654,0.911019,5,0,84.44,Đêm,2.02
Hải Phòng,,0,6.37,Xe ViP,Mưa Bão,0.932261,0.72856,0,0,94.17,Đêm,1.32
Hồ Chí Minh,,0,2.33,Xe ViP,Nhiều Mây,0.884943,0.671575,23,0,93.3,Cao điểm Tối,1.12
Đà Nẵng,,0,4.54,Ô Tô 4 Chỗ,Mưa,0.286056,0.606421,0,0,94.06,Cao điểm Sáng,2.8
Hải Phòng,,2,11.09,Xe Máy,Mưa,0.579817,0.78591,7,0,92.75,Cao điểm Tối,2.29
Đà Nẵng,,0,16.18,Ô Tô 4 Chỗ,Nắng,0.632642,0.806442,9,0,85,Cao điểm Tối,1.56
Hà Nội,,3,15.04,Ô Tô 4 Chỗ,Nhiều Mây,0.852587,0.914159,13,0,93.12,Cao điểm Sáng,1.42
Đà Nẵng,,0,17.38,Xe Máy,Mưa,0.669758,0.965172,14,0,97.15,Cao điểm Tối,2.62
Hồ Chí Minh,,2,4.37,Xe Máy,Mưa Bão,0.574741,0.895677,23,0,90.28,Cao điểm Tối,2.36
Đà Nẵng,,3,6.47,Ô Tô 4 Chỗ,Mưa Bão,0.204223,0.710339,17,0,88.53,Chiều,2.12
Cần Thơ,,6,4.16,Ô Tô 4 Chỗ,Mưa,0.379409,0.983361,13,1,98.55,Cao điểm Tối,2.82
Đà Nẵng,,2,5.26,Xe Máy,Mưa,0.775425,0.419908,8,0,94.2,Đêm,1.19
Đà Nẵng,,1,13.21,Xe Máy,Nắng,0.964566,0.967516,15,0,87.63,Chiều,1
Hà Nội,,2,9.24,Ô Tô 4 Chỗ,Mưa Bão,0.744635,0.623981,23,0,84.89,Chiều,1.13
Hồ Chí Minh,,0,7.88,Xe ViP,Mưa Bão,0.816561,0.586995,18,0,84.44,Chiều,1.33
Hải Phòng,,4,16.87,Ô Tô 4 Chỗ,Mưa,0.481024,0.60819,1,0,98.33,Cao điểm Tối,2.56
Hải Phòng,,4,12.11,Xe ViP,Mưa Bão,0.72104,0.435515,10,0,91.94,Cao điểm Tối,2.38
Hà Nội,,0,3.17,Xe Máy,Mưa,0.527994,0.588425,14,0,93.12,Cao điểm Sáng,2.56
Cần Thơ,,3,11.12,Ô Tô 4 Chỗ,Nhiều Mây,0.810111,0.411497,0,0,97.13,Cao điểm Sáng,1.37
Đà Nẵng,,3,0.81,Xe ViP,Nắng,0.749327,0.716866,3,0,95.05,Đêm,1
Cần Thơ,,3,7.74,Xe ViP,Nắng,0.663489,0.49005,16,0,98.89,Đêm,1
Cần Thơ,,2,15.12,Xe ViP,Mưa,0.871268,0.644085,8,0,89.02,Cao điểm Tối,1.51
Hà Nội,,0,13.8,Xe ViP,Mưa Bão,0.914935,0.659607,21,0,97.9,Cao điểm Sáng,2.06
Đà Nẵng,,1,11.41,Xe Máy,Mưa,0.598945,0.630419,11,0,87.88,Cao điểm Sáng,1.74
Đà Nẵng,,2,6.03,Xe Máy,Nhiều Mây,0.541946,0.839779,22,0,89.55,Cao điểm Tối,1.83
Hà Nội,,0,11.13,Xe ViP,Mưa,0.219471,0.842274,15,0,93.31,Đêm,2.19
Cần Thơ,,6,3.64,Ô Tô 4 Chỗ,Nắng,0.482718,0.739322,5,1,94.32,Cao điểm Tối,1.45
Đà Nẵng,,6,15.07,Ô Tô 4 Chỗ,Mưa Bão,0.24589,0.706969,10,1,89.19,Chiều,2.06
Hải Phòng,,2,1.96,Ô Tô 4 Chỗ,Nhiều Mây,0.927587,0.524276,14,0,87.34,Chiều,1
Hà Nội,,1,0.86,Xe ViP,Mưa,0.812148,0.42607,21,0,95.1,Đêm,1.18
Đà Nẵng,,4,2.89,Ô Tô 4 Chỗ,Nhiều Mây,0.650485,0.875678,5,0,92.92,Cao điểm Tối,1.62
Hà Nội,,1,19.74,Xe ViP,Mưa Bão,0.668061,0.636858,16,0,96.76,Cao điểm Tối,1.88
Hà Nội,,5,9.53,Ô Tô 4 Chỗ,Nắng,0.83448,0.492077,4,1,97.75,Chiều,1
Hà Nội,,5,8.25,Ô Tô 4 Chỗ,Mưa Bão,0.977177,0.611118,12,1,97.79,Cao điểm Tối,1.68
Hải Phòng,,5,4.04,Ô Tô 4 Chỗ,Nhiều Mây,0.595654,0.76152,5,1,96.52,Cao điểm Tối,1.3
Cần Thơ,,5,11.65,Ô Tô 4 Chỗ,Mưa Bão,0.727321,0.668256,8,1,87.72,Chiều,1.27
Hồ Chí Minh,,3,10.42,Xe ViP,Mưa,0.565832,0.560969,7,0,87.58,Cao điểm Tối,2.04
Cần Thơ,,4,10.59,Xe ViP,Mưa,0.63233,0.407435,2,0,88.59,Đêm,1.29
Cần Thơ,,6,10.12,Xe ViP,Nhiều Mây,0.839587,0.843487,8,1,91.48,Cao điểm Tối,1.27
Đà Nẵng,,1,1.92,Xe ViP,Mưa Bão,0.61661,0.872289,16,0,95.84,Đêm,1.71
Hồ Chí Minh,,2,1.77,Ô Tô 4 Chỗ,Nhiều Mây,0.99267,0.653105,15,0,84.11,Đêm,1
Hải Phòng,,4,1.72,Xe ViP,Nhiều Mây,0.844914,0.490893,10,0,93.38,Đêm,1
Hải Phòng,,6,19.18,Xe Máy,Mưa Bão,0.869635,0.457787,8,1,97.46,Chiều,1.38
Cần Thơ,,1,7.09,Xe ViP,Mưa Bão,0.589714,0.44056,6,0,98.16,Cao điểm Sáng,1.71
Hà Nội,,0,18.41,Xe ViP,Mưa,0.631332,0.476327,8,0,95.11,Cao điểm Tối,2.21
Cần Thơ,,1,12.13,Xe ViP,Nắng,0.87077,0.995068,16,0,93.05,Cao điểm Tối,1.3
Hà Nội,,6,9.27,Xe ViP,Mưa Bão,0.519523,0.874075,19,1,88.07,Đêm,1.89
Hà Nội,,6,16.91,Ô Tô 4 Chỗ,Nắng,0.939111,0.520882,21,1,95.04,Cao điểm Sáng,1.11
Cần Thơ,,5,13.95,Xe ViP,Nhiều Mây,0.438934,0.753557,10,1,85.01,Cao điểm Sáng,1.37
Cần Thơ,,3,6.26,Xe ViP,Mưa,0.60522,0.77109,14,0,92.12,Đêm,1.52
Hải Phòng,,3,3.61,Xe ViP,Mưa,0.284592,0.903143,17,0,97.54,Chiều,2.32
Hồ Chí Minh,,4,18.97,Ô Tô 4 Chỗ,Nhiều Mây,0.484809,0.830029,15,0,96.2,Đêm,1.52
Đà Nẵng,,2,4.6,Xe ViP,Mưa,0.439994,0.7474,10,0,96.55,Chiều,1.83
Hà Nội,,0,9.9,Ô Tô 4 Chỗ,Mưa,0.281884,0.598713,7,0,94.43,Cao điểm Sáng,2.02
Hồ Chí Minh,,2,17.41,Xe Máy,Nắng,0.932745,0.755574,17,0,87.89,Cao điểm Tối,1.11
Hải Phòng,,3,13.62,Ô Tô 4 Chỗ,Nhiều Mây,0.410008,0.912609,22,0,97.53,Cao điểm Sáng,2.11
Hồ Chí Minh,,4,6.56,Xe Máy,Mưa Bão,0.37608,0.713019,5,0,87.78,Cao điểm Tối,2.16
Hà Nội,,1,18.95,Xe Máy,Nắng,0.567743,0.966508,14,0,89.41,Chiều,1.6
Đà Nẵng,,5,16.64,Ô Tô 4 Chỗ,Nhiều Mây,0.611307,0.829616,20,1,96.03,Cao điểm Tối,1.47
Đà Nẵng,,0,17.12,Xe ViP,Mưa Bão,0.404071,0.897964,5,0,86.88,Chiều,2.05
Đà Nẵng,,1,15.03,Xe ViP,Mưa Bão,0.536835,0.516316,6,0,88.24,Chiều,1.14
Hải Phòng,,2,17.68,Xe ViP,Mưa,0.32489,0.564872,19,0,86.26,Đêm,1.66
Cần Thơ,,2,5.93,Xe Máy,Mưa,0.290286,0.569195,0,0,91.78,Cao điểm Sáng,2.63
Đà Nẵng,,3,7.26,Xe Máy,Mưa Bão,0.780204,0.431952,23,0,88.57,Chiều,1.19
Đà Nẵng,,2,19.28,Ô Tô 4 Chỗ,Nhiều Mây,0.749385,0.750474,12,0,85.81,Chiều,1
Hà Nội,,3,16.77,Ô Tô 4 Chỗ,Mưa,0.85065,0.564774,2,0,94.4,Cao điểm Sáng,2.48
Hải Phòng,,2,12.07,Ô Tô 4 Chỗ,Mưa Bão,0.854289,0.956477,22,0,92.91,Chiều,1.5
Cần Thơ,,5,10.57,Xe ViP,Mưa Bão,0.781706,0.912291,20,1,88.59,Cao điểm Tối,2.2
Đà Nẵng,,2,13.44,Ô Tô 4 Chỗ,Nhiều Mây,0.563571,0.747057,22,0,98.22,Đêm,1.28
Hồ Chí Minh,,4,2.49,Xe Máy,Mưa Bão,0.477365,0.741924,6,0,84.28,Chiều,1.51
Đà Nẵng,,0,16.63,Xe ViP,Nhiều Mây,0.384116,0.814215,19,0,90.59,Đêm,1.65
Hồ Chí Minh,,1,6.16,Xe ViP,Nhiều Mây,0.400194,0.956538,2,0,85.5,Cao điểm Sáng,2.07
Đà Nẵng,,3,15.8,Ô Tô 4 Chỗ,Mưa Bão,0.659969,0.422267,2,0,88.67,Cao điểm Tối,1.73
Hải Phòng,,1,10.13,Xe ViP,Nhiều Mây,0.411853,0.939664,21,0,86.45,Cao điểm Tối,1.9
Hà Nội,,1,3.08,Xe Máy,Mưa,0.921114,0.730953,3,0,86.51,Đêm,1.17
Cần Thơ,,4,10.9,Ô Tô 4 Chỗ,Nhiều Mây,0.910886,0.738202,17,0,83.22,Chiều,1
Hà Nội,,3,12.51,Xe Máy,Mưa Bão,0.999514,0.761983,2,0,87.06,Đêm,1.4
Hồ Chí Minh,,6,17.59,Xe Máy,Mưa,0.711236,0.667582,19,1,93.47,Cao điểm Sáng,2.16
Đà Nẵng,,1,9.16,Ô Tô 4 Chỗ,Mưa,0.629423,0.523395,19,0,95.11,Chiều,1.18
Đà Nẵng,,1,17.06,Xe Máy,Mưa Bão,0.795045,0.864482,6,0,91.99,Chiều,1.45
Hải Phòng,,0,7.33,Ô Tô 4 Chỗ,Mưa,0.204643,0.917194,11,0,92.89,Cao điểm Sáng,3.09
Đà Nẵng,,5,17.1,Ô Tô 4 Chỗ,Nắng,0.929864,0.630174,0,1,86.4,Cao điểm Sáng,1.13
Đà Nẵng,,4,7.58,Ô Tô 4 Chỗ,Mưa Bão,0.501049,0.893509,0,0,86.64,Đêm,1.98
Cần Thơ,,3,17.35,Xe Máy,Nhiều Mây,0.362395,0.7814,9,0,93.99,Đêm,1.63
Hà Nội,,4,11.58,Xe Máy,Nắng,0.519739,0.823317,2,0,86.28,Cao điểm Tối,1.84
Hà Nội,,1,19.71,Xe ViP,Nhiều Mây,0.856932,0.493624,8,0,91.28,Đêm,1
Cần Thơ,,3,14.53,Xe ViP,Nhiều Mây,0.95082,0.689137,10,0,94.74,Cao điểm Sáng,1.11
Hồ Chí Minh,,3,0.95,Xe Máy,Mưa Bão,0.703513,0.769645,3,0,91.94,Cao điểm Sáng,1.71
Hồ Chí Minh,,6,1.23,Ô Tô 4 Chỗ,Nắng,0.887559,0.887277,13,1,87.43,Đêm,1
Hà Nội,,4,10.1,Ô Tô 4 Chỗ,Mưa Bão,0.272952,0.970967,2,0,90.47,Đêm,2.33
Hồ Chí Minh,,0,3.98,Xe Máy,Nhiều Mây,0.648377,0.946421,16,0,97.6,Chiều,1.45
Đà Nẵng,,6,12.65,Xe Máy,Mưa Bão,0.480978,0.775783,21,1,86.01,Cao điểm Sáng,1.94
Hà Nội,,4,11.89,Ô Tô 4 Chỗ,Nắng,0.54229,0.491995,11,0,85.69,Đêm,1
Đà Nẵng,,5,16.63,Xe ViP,Nhiều Mây,0.507014,0.479078,22,1,90.18,Chiều,1
Hồ Chí Minh,,0,8.82,Xe ViP,Mưa,0.993278,0.818178,8,0,86.99,Đêm,1.25
Hải Phòng,,2,18.4,Ô Tô 4 Chỗ,Nắng,0.494681,0.687715,15,0,88.66,Cao điểm Sáng,1.65
Hải Phòng,,3,15.1,Xe ViP,Mưa,0.348123,0.931544,22,0,89.3,Đêm,2.12
Cần Thơ,,1,9.01,Xe ViP,Nhiều Mây,0.44634,0.987573,4,0,96.45,Cao điểm Tối,2.06
Hà Nội,,5,11.75,Ô Tô 4 Chỗ,Nắng,0.224213,0.543383,12,1,94.33,Chiều,1.48
Hải Phòng,,6,5.05,Ô Tô 4 Chỗ,Nắng,0.899533,0.590711,10,1,83.55,Chiều,1
Cần Thơ,,6,9.93,Xe ViP,Nắng,0.618969,0.65645,15,1,89.48,Cao điểm Tối,1.15
Hải Phòng,,3,12.89,Xe Máy,Nắng,0.973031,0.80803,19,0,93.56,Cao điểm Tối,1.2
Đà Nẵng,,3,6.93,Xe ViP,Mưa Bão,0.956131,0.643374,15,0,94.35,Đêm,1.12
Hà Nội,,3,4.58,Ô Tô 4 Chỗ,Mưa,0.276496,0.770663,11,0,86.79,Đêm,1.91
Cần Thơ,,2,6.82,Xe Máy,Mưa Bão,0.876359,0.785589,11,0,95.74,Chiều,1.17
Cần Thơ,,1,18.09,Xe ViP,Nắng,0.522879,0.528797,22,0,97.22,Đêm,1.01
Đà Nẵng,,6,13.49,Xe Máy,Mưa Bão,0.865246,0.932085,2,1,86.54,Đêm,1.33
Hải Phòng,,1,6.79,Xe Máy,Nắng,0.337771,0.537932,9,0,84.85,Cao điểm Sáng,1.66
Hải Phòng,,4,19.98,Xe ViP,Mưa Bão,0.799789,0.889096,8,0,88.24,Cao điểm Tối,2.36
Hà Nội,,3,5.17,Ô Tô 4 Chỗ,Nắng,0.707112,0.895842,8,0,84.33,Cao điểm Tối,1.53
Hồ Chí Minh,,5,12.64,Ô Tô 4 Chỗ,Mưa,0.215956,0.800543,23,1,88.99,Chiều,2.04
Hà Nội,,2,8.65,Ô Tô 4 Chỗ,Mưa Bão,0.927528,0.402303,12,0,92.75,Cao điểm Sáng,1.59
Cần Thơ,,6,12.52,Xe Máy,Nhiều Mây,0.528636,0.729058,11,1,85.75,Cao điểm Sáng,1.48
Cần Thơ,,1,18.02,Ô Tô 4 Chỗ,Mưa,0.92846,0.443207,4,0,85.58,Cao điểm Sáng,1.71
Cần Thơ,,4,17.59,Xe ViP,Mưa,0.829715,0.929174,0,0,96.13,Chiều,1.31
Đà Nẵng,,0,19.6,Ô Tô 4 Chỗ,Mưa Bão,0.677263,0.645249,13,0,91.89,Cao điểm Sáng,1.81
Đà Nẵng,,6,13.86,Xe Máy,Mưa Bão,0.588821,0.87307,14,1,88.98,Chiều,1.82
Cần Thơ,,0,4.43,Xe Máy,Nắng,0.573695,0.470454,12,0,85.39,Cao điểm Tối,1.19
Đà Nẵng,,6,14.24,Xe Máy,Mưa Bão,0.489295,0.525692,8,1,90.02,Chiều,1.31
Hà Nội,,5,4.66,Ô Tô 4 Chỗ,Mưa,0.697075,0.85663,3,1,95.61,Cao điểm Tối,1.92
Hà Nội,,6,12.72,Xe ViP,Mưa Bão,0.692169,0.910748,23,1,84.19,Chiều,1.5
Hải Phòng,,6,19.47,Ô Tô 4 Chỗ,Mưa,0.957176,0.678369,18,1,92.89,Chiều,1.12
Đà Nẵng,,0,8.01,Ô Tô 4 Chỗ,Nhiều Mây,0.208272,0.957932,15,0,96.75,Chiều,2.12
Cần Thơ,,3,4.99,Ô Tô 4 Chỗ,Mưa Bão,0.277974,0.979877,16,0,96.29,Cao điểm Sáng,3.07
Đà Nẵng,,6,3.27,Xe ViP,Nhiều Mây,0.262888,0.93103,23,1,87.88,Cao điểm Sáng,2.11
Hồ Chí Minh,,6,17.85,Ô Tô 4 Chỗ,Mưa,0.471592,0.643792,3,1,93.6,Đêm,1.58
Hải Phòng,,6,6.61,Xe Máy,Mưa Bão,0.338136,0.71163,7,1,87.38,Cao điểm Tối,2.38
Hà Nội,,2,7.25,Ô Tô 4 Chỗ,Mưa Bão,0.306909,0.727214,3,0,88.95,Đêm,1.9
Hải Phòng,,4,15.43,Ô Tô 4 Chỗ,Nắng,0.440117,0.659696,22,0,95.38,Đêm,1.33
Hồ Chí Minh,,0,15.51,Ô Tô 4 Chỗ,Mưa Bão,0.865578,0.839445,8,0,88.93,Đêm,1.27
Hà Nội,,3,1.43,Xe ViP,Nắng,0.5793,0.641901,4,0,85.27,Cao điểm Tối,1.48
Cần Thơ,,6,6.07,Xe ViP,Nắng,0.655956,0.823002,7,1,85.94,Cao điểm Tối,1.32
Đà Nẵng,,4,14.59,Xe Máy,Nhiều Mây,0.53342,0.926245,22,0,87.31,Chiều,1.59
Hồ Chí Minh,,1,14.28,Ô Tô 4 Chỗ,Nắng,0.411179,0.589447,5,0,91.77,Cao điểm Sáng,1.63
Hà Nội,,2,5.14,Ô Tô 4 Chỗ,Mưa,0.88212,0.572864,14,0,99.06,Đêm,1.13
Đà Nẵng,,1,14.36,Ô Tô 4 Chỗ,Nhiều Mây,0.208006,0.810441,10,0,91.97,Cao điểm Tối,2.22
Hồ Chí Minh,,1,13.59,Xe ViP,Mưa Bão,0.531894,0.41822,5,0,86.35,Đêm,1.14
Cần Thơ,,2,10.54,Xe ViP,Nhiều Mây,0.836683,0.704487,11,0,85.92,Cao điểm Tối,1.28
Hải Phòng,,0,17.99,Xe Máy,Mưa,0.790248,0.974902,18,0,89.18,Đêm,1.47
Cần Thơ,,6,15.36,Ô Tô 4 Chỗ,Mưa,0.693865,0.514717,18,1,93.3,Đêm,1.16
Hồ Chí Minh,,2,15.21,Xe Máy,Nhiều Mây,0.256978,0.76011,0,0,93.68,Đêm,1.75
Cần Thơ,,2,15.1,Xe Máy,Nhiều Mây,0.213832,0.547619,7,0,90.23,Đêm,1.5
Hải Phòng,,3,16.88,Xe Máy,Nhiều Mây,0.963717,0.699359,13,0,89.33,Cao điểm Sáng,1.32
Hải Phòng,,3,4.18,Xe ViP,Mưa Bão,0.275897,0.576573,7,0,85.19,Cao điểm Sáng,2.25
Cần Thơ,,5,4.76,Xe Máy,Mưa Bão,0.721252,0.653282,16,1,85.24,Chiều,1.13
Hải Phòng,,0,16.51,Ô Tô 4 Chỗ,Mưa,0.465976,0.579504,19,0,94.91,Chiều,1.35
Hà Nội,,0,8.74,Xe Máy,Nhiều Mây,0.807804,0.798309,2,0,89.27,Đêm,1
Đà Nẵng,,4,16.3,Xe Máy,Mưa Bão,0.706491,0.580894,1,0,90.23,Cao điểm Sáng,2.02
Hồ Chí Minh,,6,19.7,Ô Tô 4 Chỗ,Nắng,0.567698,0.913399,22,1,88.96,Cao điểm Sáng,1.68
Đà Nẵng,,1,4.84,Xe ViP,Nhiều Mây,0.606276,0.68077,14,0,90.97,Đêm,1.11
Hải Phòng,,1,4.39,Xe ViP,Mưa Bão,0.933658,0.601639,23,0,92.57,Cao điểm Tối,2.1
Hải Phòng,,2,1.51,Xe Máy,Nhiều Mây,0.740184,0.673157,16,0,96.38,Đêm,1
Hải Phòng,,6,15.9,Ô Tô 4 Chỗ,Nhiều Mây,0.229589,0.639783,22,1,88.04,Cao điểm Sáng,1.73
Đà Nẵng,,6,2.53,Xe ViP,Nắng,0.217715,0.836488,19,1,94.05,Cao điểm Sáng,1.98
Hải Phòng,,1,1.26,Xe Máy,Mưa,0.937219,0.566522,19,0,87.92,Đêm,1.14
Hà Nội,,3,13.53,Xe ViP,Mưa,0.307346,0.555069,11,0,96.22,Đêm,1.73
Hải Phòng,,2,2.47,Xe Máy,Nhiều Mây,0.899411,0.653349,2,0,96.36,Cao điểm Sáng,1.26
Hải Phòng,,3,9.47,Xe Máy,Nắng,0.789497,0.953983,6,0,93.24,Chiều,1.25
Hải Phòng,,6,9.09,Xe Máy,Mưa Bão,0.534163,0.957907,13,1,93.62,Đêm,1.92
Hải Phòng,,2,8.85,Ô Tô 4 Chỗ,Nhiều Mây,0.929502,0.814966,17,0,89.68,Cao điểm Tối,1.15
Hà Nội,,2,7.67,Ô Tô 4 Chỗ,Mưa Bão,0.866108,0.996023,13,0,87,Đêm,1.37
Đà Nẵng,,5,11.92,Xe Máy,Nhiều Mây,0.477341,0.496848,15,1,95.62,Đêm,1
Hồ Chí Minh,,2,1.34,Xe Máy,Mưa Bão,0.300605,0.609287,15,0,87.54,Cao điểm Sáng,2.96
Hồ Chí Minh,,2,19.88,Ô Tô 4 Chỗ,Nhiều Mây,0.332466,0.990196,7,0,96.66,Đêm,1.99
Hải Phòng,,0,14.09,Xe ViP,Nắng,0.698988,0.819219,22,0,91.04,Đêm,1.18
Cần Thơ,,3,4.73,Xe ViP,Mưa,0.547484,0.815606,14,0,94.64,Cao điểm Tối,1.95
Hải Phòng,,0,13.97,Xe ViP,Mưa,0.250832,0.684517,8,0,88.28,Chiều,2
Hải Phòng,,6,12.89,Ô Tô 4 Chỗ,Mưa Bão,0.209911,0.543144,22,1,84.44,Chiều,1.85
Hồ Chí Minh,,5,7.31,Xe ViP,Mưa,0.477119,0.481443,12,1,86.58,Cao điểm Tối,1.52
Cần Thơ,,3,10.91,Xe ViP,Mưa,0.949686,0.46908,3,0,92.58,Chiều,1.25
Cần Thơ,,1,1.82,Ô Tô 4 Chỗ,Nhiều Mây,0.490694,0.725087,8,0,85.87,Cao điểm Tối,1.72
Hải Phòng,,2,5.76,Ô Tô 4 Chỗ,Mưa,0.381716,0.469122,5,0,87.75,Đêm,1.47
Cần Thơ,,6,6.52,Xe ViP,Mưa,0.680234,0.420309,23,1,97.24,Đêm,1.37
Cần Thơ,,2,19.21,Ô Tô 4 Chỗ,Mưa,0.56807,0.923146,18,0,98.25,Chiều,1.75
Hà Nội,,4,4.87,Xe Máy,Nhiều Mây,0.621352,0.770366,5,0,88.57,Cao điểm Tối,1.54
Hà Nội,,0,0.76,Xe ViP,Mưa,0.326516,0.71942,12,0,85.76,Chiều,1.92
Cần Thơ,,5,12.95,Xe Máy,Nắng,0.201621,0.839629,11,1,97.46,Cao điểm Tối,1.94
Đà Nẵng,,4,14.72,Xe Máy,Mưa Bão,0.635483,0.59311,6,0,86.68,Đêm,1.25
Hải Phòng,,6,7.5,Ô Tô 4 Chỗ,Nhiều Mây,0.222301,0.678073,6,1,85.53,Chiều,1.51
Đà Nẵng,,0,16.26,Xe ViP,Nắng,0.395954,0.672036,13,0,91.2,Chiều,1.41
Cần Thơ,,2,3.4,Ô Tô 4 Chỗ,Nắng,0.756436,0.924887,21,0,92.6,Chiều,1.25
Cần Thơ,,1,6.99,Ô Tô 4 Chỗ,Nắng,0.713851,0.892506,6,0,91.99,Đêm,1.27
Cần Thơ,,6,12.08,Ô Tô 4 Chỗ,Nhiều Mây,0.532103,0.801905,5,1,92.51,Cao điểm Sáng,1.57
Đà Nẵng,,1,8.01,Xe ViP,Mưa,0.528084,0.919081,18,0,95.03,Cao điểm Sáng,2.61
Cần Thơ,,2,3.56,Xe ViP,Mưa Bão,0.987352,0.631684,8,0,95.18,Cao điểm Tối,1.63
Cần Thơ,,0,9.67,Xe Máy,Nhiều Mây,0.351325,0.492553,20,0,98.95,Cao điểm Tối,1.36
Hà Nội,,4,13.13,Xe Máy,Mưa Bão,0.439577,0.81672,2,0,98.64,Cao điểm Tối,2.85
Hà Nội,,4,9.84,Xe Máy,Mưa Bão,0.276729,0.678101,12,0,86.13,Chiều,1.99
Cần Thơ,,5,13.27,Ô Tô 4 Chỗ,Nắng,0.902775,0.898726,22,1,87.48,Cao điểm Sáng,1
Hà Nội,,5,1.09,Xe Máy,Nhiều Mây,0.812003,0.9071,20,1,85.21,Cao điểm Sáng,1.38
Cần Thơ,,4,3.23,Xe ViP,Mưa,0.694068,0.907889,13,0,86.62,Đêm,1.64
Cần Thơ,,3,9.81,Xe ViP,Mưa,0.306219,0.716787,15,0,94.94,Đêm,1.73
Hồ Chí Minh,,0,12.17,Xe ViP,Mưa Bão,0.314566,0.635553,8,0,86.79,Cao điểm Sáng,2
Đà Nẵng,,2,2.47,Ô Tô 4 Chỗ,Mưa Bão,0.935924,0.857298,2,0,87.86,Cao điểm Sáng,2.47
Hải Phòng,,6,10.06,Ô Tô 4 Chỗ,Mưa,0.75479,0.918606,4,1,92.12,Cao điểm Tối,2.34
Đà Nẵng,,5,1.57,Xe Máy,Nắng,0.448432,0.49142,2,1,91.16,Cao điểm Sáng,1.27
Hà Nội,,0,7.26,Ô Tô 4 Chỗ,Mưa Bão,0.861552,0.958642,13,0,87.36,Đêm,1.5
Hồ Chí Minh,,6,1.76,Xe ViP,Mưa,0.524179,0.421519,13,1,94.08,Cao điểm Sáng,2.14
Đà Nẵng,,2,5.97,Xe ViP,Nhiều Mây,0.993601,0.580688,17,0,88.85,Đêm,1
Đà Nẵng,,4,16.07,Ô Tô 4 Chỗ,Mưa Bão,0.228418,0.792895,14,0,89.67,Cao điểm Sáng,2.94
Đà Nẵng,,5,10.21,Ô Tô 4 Chỗ,Mưa,0.503506,0.589035,16,1,93.1,Chiều,1.42
Hồ Chí Minh,,3,10.69,Xe Máy,Mưa,0.858927,0.530254,17,0,92.6,Chiều,1.25
Đà Nẵng,,2,7.24,Xe Máy,Nắng,0.257838,0.847824,6,0,99.33,Đêm,1.88
Hà Nội,,3,5.78,Ô Tô 4 Chỗ,Nắng,0.916832,0.56985,17,0,88.34,Cao điểm Tối,1.31
Cần Thơ,,5,13.67,Ô Tô 4 Chỗ,Mưa Bão,0.502576,0.684331,17,1,96.98,Cao điểm Sáng,1.84
Hồ Chí Minh,,6,8.37,Xe ViP,Mưa,0.543582,0.871169,9,1,94.95,Cao điểm Tối,2.55
Đà Nẵng,,2,9.63,Xe Máy,Nhiều Mây,0.60104,0.766426,4,0,85.94,Cao điểm Tối,1.61
Đà Nẵng,,0,8.99,Xe Máy,Mưa,0.504426,0.502981,9,0,95.11,Cao điểm Sáng,1.94
Đà Nẵng,,6,0.83,Xe Máy,Nhiều Mây,0.376907,0.693199,13,1,90.71,Cao điểm Tối,1.67
Đà Nẵng,,4,2.59,Ô Tô 4 Chỗ,Mưa,0.845708,0.879642,15,0,96.83,Cao điểm Tối,2.41
Hồ Chí Minh,,5,15.77,Xe Máy,Mưa Bão,0.294185,0.860624,20,1,96.96,Đêm,2.23
Cần Thơ,,3,11.02,Ô Tô 4 Chỗ,Mưa,0.991573,0.425373,19,0,90.44,Chiều,1.23
Hồ Chí Minh,,2,5.43,Xe Máy,Mưa Bão,0.385349,0.426738,19,0,93.21,Cao điểm Tối,1.78
Đà Nẵng,,5,16.3,Ô Tô 4 Chỗ,Nắng,0.264452,0.635386,16,1,92.47,Cao điểm Tối,1.67
Cần Thơ,,2,8.89,Xe ViP,Nhiều Mây,0.362418,0.883349,16,0,86.47,Chiều,1.78
Hà Nội,,1,7.89,Xe ViP,Nắng,0.861557,0.980188,20,0,89.44,Chiều,1.18
Cần Thơ,,3,7.02,Xe ViP,Mưa,0.540688,0.502149,14,0,98.53,Chiều,1.28
Hà Nội,,6,8.35,Ô Tô 4 Chỗ,Nắng,0.558699,0.460685,17,1,87.1,Chiều,1
Đà Nẵng,,0,10.8,Ô Tô 4 Chỗ,Mưa Bão,0.687074,0.525968,23,0,95.88,Đêm,1.17
Cần Thơ,,3,17.63,Xe Máy,Nắng,0.809712,0.912072,8,0,98.62,Cao điểm Sáng,1.37
Hải Phòng,,5,11.01,Xe Máy,Nhiều Mây,0.525862,0.61077,19,1,85.82,Cao điểm Sáng,1.33
Cần Thơ,,1,1.99,Xe ViP,Mưa Bão,0.54532,0.879578,11,0,95.69,Cao điểm Tối,2.29
Hồ Chí Minh,,3,14.99,Xe Máy,Mưa Bão,0.491007,0.893256,14,0,88.28,Chiều,1.98
Hải Phòng,,1,13.87,Xe ViP,Nhiều Mây,0.640569,0.665222,2,0,95.06,Cao điểm Sáng,1.32
Hồ Chí Minh,,6,1.31,Xe ViP,Mưa,0.591862,0.489502,0,1,96.11,Cao điểm Tối,1.86
Cần Thơ,,3,4.55,Xe ViP,Mưa Bão,0.574401,0.777549,4,0,95.26,Cao điểm Sáng,2.27
Cần Thơ,,4,11.7,Xe Máy,Mưa Bão,0.503419,0.675741,16,0,88.15,Đêm,1.42
Hồ Chí Minh,,4,7.59,Xe ViP,Nắng,0.39431,0.644306,7,0,90.21,Cao điểm Sáng,1.63
Hải Phòng,,1,1.06,Ô Tô 4 Chỗ,Nhiều Mây,0.399211,0.815027,1,0,87.33,Cao điểm Tối,1.98
Hà Nội,,3,9.16,Xe ViP,Nhiều Mây,0.901875,0.630681,8,0,97.82,Đêm,1
Hồ Chí Minh,,6,0.94,Xe Máy,Nắng,0.521923,0.689475,8,1,87.08,Cao điểm Sáng,1.58
Hà Nội,,0,4.63,Xe ViP,Mưa Bão,0.461127,0.469782,14,0,96.06,Cao điểm Sáng,2.15
Hồ Chí Minh,,6,10.21,Xe Máy,Nắng,0.20459,0.619536,10,1,89.65,Chiều,1.62
Đà Nẵng,,6,12.31,Xe Máy,Nhiều Mây,0.514708,0.471015,15,1,91.35,Đêm,1
Đà Nẵng,,3,6.64,Xe ViP,Mưa,0.622747,0.861097,16,0,96.28,Chiều,1.59
Cần Thơ,,5,1.61,Ô Tô 4 Chỗ,Nhiều Mây,0.543324,0.998342,12,1,86.24,Đêm,1.62
Hà Nội,,0,6.69,Ô Tô 4 Chỗ,Mưa,0.226795,0.768096,1,0,91.42,Đêm,2.01
Đà Nẵng,,3,9.34,Xe ViP,Nắng,0.341857,0.966773,0,0,93.74,Cao điểm Tối,2.21
Hồ Chí Minh,,1,5.02,Xe ViP,Nắng,0.731413,0.911547,10,0,95.62,Đêm,1.27
Cần Thơ,,6,19.08,Ô Tô 4 Chỗ,Nhiều Mây,0.506201,0.655048,21,1,89.26,Đêm,1.18
Cần Thơ,,2,16.77,Ô Tô 4 Chỗ,Nhiều Mây,0.844807,0.557616,1,0,90.79,Cao điểm Tối,1.26
Hồ Chí Minh,,4,9.94,Xe Máy,Nhiều Mây,0.235466,0.60059,4,0,93.45,Cao điểm Sáng,1.81
Hà Nội,,0,5.54,Xe ViP,Nắng,0.295892,0.992913,11,0,92.5,Cao điểm Tối,2.33
Hồ Chí Minh,,2,17.22,Xe ViP,Mưa,0.459249,0.868508,15,0,85.03,Cao điểm Sáng,2.61
Hải Phòng,,5,7.75,Ô Tô 4 Chỗ,Mưa,0.912422,0.476736,0,1,88.31,Chiều,1.37
Hải Phòng,,1,1.16,Xe ViP,Mưa Bão,0.412154,0.499454,3,0,93.34,Cao điểm Tối,1.74
Cần Thơ,,6,6.89,Xe ViP,Mưa Bão,0.606481,0.913806,0,1,85.85,Cao điểm Tối,2.38
Hải Phòng,,4,1.77,Ô Tô 4 Chỗ,Nhiều Mây,0.666936,0.789985,22,0,85.63,Cao điểm Sáng,1.41
Hồ Chí Minh,,6,2.7,Xe Máy,Mưa Bão,0.786275,0.425374,1,1,91.04,Cao điểm Tối,2.15
Hải Phòng,,6,4.48,Ô Tô 4 Chỗ,Nắng,0.382281,0.726979,1,1,97.47,Chiều,1.5
Hải Phòng,,2,19.89,Xe Máy,Mưa Bão,0.5296,0.460173,20,0,94.91,Cao điểm Sáng,1.74
Hải Phòng,,3,7.51,Ô Tô 4 Chỗ,Mưa,0.289916,0.693057,14,0,94.41,Cao điểm Tối,2.41
Hồ Chí Minh,,0,1.33,Xe ViP,Mưa,0.365861,0.746774,13,0,91.36,Chiều,1.88
Hồ Chí Minh,,1,9.67,Ô Tô 4 Chỗ,Mưa,0.873203,0.418484,4,0,93.84,Đêm,1.35
Hà Nội,,1,9.7,Xe Máy,Nhiều Mây,0.495064,0.608343,13,0,84.95,Chiều,1.17
Đà Nẵng,,0,15.82,Xe ViP,Nhiều Mây,0.560347,0.618195,17,0,90.15,Cao điểm Sáng,1.31
Hà Nội,,3,8.42,Ô Tô 4 Chỗ,Mưa Bão,0.893709,0.701901,12,0,87.03,Chiều,1.37
Hà Nội,,3,2.48,Xe Máy,Nhiều Mây,0.466161,0.790097,17,0,84.87,Cao điểm Sáng,1.81
Hà Nội,,4,17.6,Xe Máy,Nắng,0.501872,0.841448,9,0,92.86,Cao điểm Sáng,1.86
Cần Thơ,,0,11.7,Ô Tô 4 Chỗ,Nhiều Mây,0.428701,0.979397,17,0,93.89,Đêm,1.83
Hà Nội,,0,3.75,Xe Máy,Mưa,0.347976,0.454542,22,0,91.54,Đêm,1.55
Hà Nội,,2,6.75,Ô Tô 4 Chỗ,Mưa,0.316774,0.460743,5,0,96.72,Đêm,1.44
Cần Thơ,,2,7.54,Xe ViP,Nhiều Mây,0.328565,0.454022,19,0,90.53,Đêm,1.19
Hồ Chí Minh,,3,1.09,Xe Máy,Mưa,0.909246,0.94362,16,0,90.45,Cao điểm Sáng,2.31
Cần Thơ,,4,12.64,Xe Máy,Mưa,0.915556,0.704722,5,0,91.27,Cao điểm Tối,1.7
Hồ Chí Minh,,5,6.35,Xe ViP,Mưa,0.61547,0.798906,18,1,91.96,Đêm,1.54
Đà Nẵng,,5,18.74,Xe Máy,Mưa Bão,0.527922,0.40636,21,1,86.86,Cao điểm Tối,1.98
Hà Nội,,3,19.27,Ô Tô 4 Chỗ,Nhiều Mây,0.865786,0.947776,0,0,97.04,Cao điểm Sáng,1.42
Hải Phòng,,2,4.1,Ô Tô 4 Chỗ,Mưa Bão,0.395378,0.786799,23,0,95.37,Chiều,1.8
Hồ Chí Minh,,1,10.37,Ô Tô 4 Chỗ,Nắng,0.604148,0.737569,11,0,84.83,Chiều,1.2
Đà Nẵng,,5,3.03,Xe ViP,Nhiều Mây,0.864834,0.681294,1,1,97.22,Cao điểm Tối,1
Hải Phòng,,3,12.11,Xe Máy,Mưa Bão,0.212496,0.808129,13,0,90.71,Đêm,2.2
Cần Thơ,,0,16.77,Xe Máy,Nắng,0.330601,0.493299,16,0,94.66,Cao điểm Sáng,1.55
Cần Thơ,,3,16.06,Ô Tô 4 Chỗ,Mưa Bão,0.755229,0.555858,14,0,93.84,Đêm,1.4
Cần Thơ,,5,10.93,Xe Máy,Nhiều Mây,0.424143,0.970087,17,1,96.64,Chiều,1.6
Hồ Chí Minh,,2,15.81,Xe Máy,Nắng,0.40217,0.493472,2,0,90.88,Cao điểm Sáng,1.34
Đà Nẵng,,5,17.73,Ô Tô 4 Chỗ,Mưa,0.812928,0.832329,5,1,91.25,Chiều,1.29
Cần Thơ,,3,17.25,Xe Máy,Mưa Bão,0.304563,0.956755,13,0,97.2,Cao điểm Sáng,2.75
Hải Phòng,,1,18.79,Ô Tô 4 Chỗ,Nhiều Mây,0.937239,0.76507,10,0,92.04,Chiều,1
Hà Nội,,4,7.39,Xe ViP,Nắng,0.982151,0.504487,19,0,95.93,Chiều,1
Đà Nẵng,,6,4.26,Ô Tô 4 Chỗ,Mưa Bão,0.507482,0.86568,6,1,86.61,Cao điểm Sáng,2.05
Cần Thơ,,2,16.79,Xe ViP,Nắng,0.454998,0.925393,3,0,91.61,Chiều,1.71
Hồ Chí Minh,,4,6.75,Ô Tô 4 Chỗ,Mưa,0.468753,0.823658,15,0,96.31,Cao điểm Tối,2.74
Cần Thơ,,0,7.83,Xe ViP,Nhiều Mây,0.731844,0.530276,12,0,85.98,Chiều,1
Cần Thơ,,0,12.93,Xe Máy,Nắng,0.860038,0.625686,2,0,95.6,Cao điểm Sáng,1.19
Hồ Chí Minh,,6,0.84,Xe Máy,Mưa,0.474673,0.895858,9,1,89.26,Cao điểm Tối,2.37
Cần Thơ,,0,13.23,Xe Máy,Mưa Bão,0.669668,0.546161,2,0,84.89,Chiều,1.29
Đà Nẵng,,0,18.86,Xe ViP,Mưa,0.962481,0.562391,13,0,86.92,Cao điểm Sáng,1.77
Hải Phòng,,2,9.3,Ô Tô 4 Chỗ,Nhiều Mây,0.629703,0.703986,14,0,98.38,Cao điểm Sáng,1.33
Cần Thơ,,6,4.71,Xe Máy,Nhiều Mây,0.851544,0.502232,12,1,95.5,Chiều,1
Hà Nội,,2,3.73,Xe Máy,Nắng,0.777865,0.594353,8,0,86.21,Cao điểm Tối,1.27
Hải Phòng,,4,8.09,Xe ViP,Nhiều Mây,0.842584,0.856229,23,0,88.52,Chiều,1.02
Hà Nội,,5,19.42,Ô Tô 4 Chỗ,Nắng,0.929241,0.566205,17,1,98.08,Cao điểm Sáng,1.2
Cần Thơ,,0,10.14,Xe ViP,Nắng,0.413628,0.90093,23,0,97.22,Cao điểm Sáng,1.93
Đà Nẵng,,3,18.65,Ô Tô 4 Chỗ,Mưa,0.401791,0.447535,15,0,84.5,Đêm,1.47
Hồ Chí Minh,,4,13.6,Xe ViP,Mưa,0.779118,0.406031,15,0,89.12,Cao điểm Sáng,2.17
Hải Phòng,,1,2.91,Ô Tô 4 Chỗ,Nắng,0.754205,0.791517,11,0,91.23,Cao điểm Sáng,1.3
Hồ Chí Minh,,6,13.09,Xe ViP,Nắng,0.469782,0.453185,19,1,95.49,Chiều,1
Hà Nội,,5,1.76,Xe ViP,Nhiều Mây,0.834565,0.46344,19,1,93.76,Cao điểm Tối,1.36
Hà Nội,,6,6.56,Xe Máy,Nhiều Mây,0.51261,0.961678,14,1,87.78,Cao điểm Tối,1.97
Hồ Chí Minh,,6,5.57,Xe Máy,Nhiều Mây,0.274134,0.80225,5,1,85.74,Cao điểm Tối,2.18
Hải Phòng,,3,7.04,Xe ViP,Mưa,0.902022,0.837604,23,0,94.51,Chiều,1.33
Đà Nẵng,,5,12.85,Ô Tô 4 Chỗ,Mưa,0.515347,0.750402,1,1,83.71,Cao điểm Sáng,2.06
Hồ Chí Minh,,6,12.94,Xe ViP,Nhiều Mây,0.636819,0.536815,5,1,83.38,Chiều,1
Cần Thơ,,1,2.58,Xe ViP,Mưa Bão,0.594571,0.668522,21,0,85.08,Đêm,1.24
Hà Nội,,6,7.74,Ô Tô 4 Chỗ,Nhiều Mây,0.231495,0.651462,2,1,87.87,Cao điểm Sáng,1.88
Đà Nẵng,,3,12.25,Ô Tô 4 Chỗ,Mưa Bão,0.468675,0.699822,4,0,91.66,Đêm,1.54
Cần Thơ,,2,8.51,Xe ViP,Nhiều Mây,0.866119,0.927869,8,0,83.87,Cao điểm Tối,1.24
Hà Nội,,1,7.87,Xe Máy,Mưa Bão,0.660264,0.75627,17,0,86.5,Đêm,1.43
Cần Thơ,,0,8.98,Ô Tô 4 Chỗ,Nắng,0.410441,0.504791,10,0,93.27,Chiều,1.14
Hải Phòng,,4,16.82,Xe ViP,Nhiều Mây,0.575302,0.860644,20,0,91.35,Chiều,1.43
Hải Phòng,,6,2.55,Ô Tô 4 Chỗ,Nhiều Mây,0.255973,0.871918,22,1,89.55,Cao điểm Tối,2.03
Hồ Chí Minh,,6,4,Xe Máy,Nắng,0.772008,0.735459,18,1,91.65,Đêm,1
Đà Nẵng,,5,2.54,Xe ViP,Mưa,0.573487,0.874172,6,1,92,Chiều,1.69
Hà Nội,,6,6.08,Xe Máy,Nhiều Mây,0.992371,0.997125,1,1,83.71,Chiều,1.01
Hải Phòng,,0,7.49,Xe Máy,Nắng,0.351504,0.820273,4,0,96.61,Cao điểm Sáng,1.91
Hải Phòng,,4,5.41,Xe ViP,Nắng,0.798479,0.752374,18,0,87.98,Chiều,1
Hồ Chí Minh,,6,7.95,Xe Máy,Nhiều Mây,0.236764,0.462679,11,1,96.32,Chiều,1.34
Hải Phòng,,3,19,Ô Tô 4 Chỗ,Mưa Bão,0.361934,0.769112,23,0,97.1,Cao điểm Tối,2.32
Hồ Chí Minh,,6,12.02,Ô Tô 4 Chỗ,Nắng,0.622157,0.757808,9,1,96.79,Chiều,1.2
Hải Phòng,,3,4.37,Xe Máy,Nắng,0.733014,0.626177,12,0,91.38,Chiều,1
Hải Phòng,,5,12.02,Xe Máy,Mưa,0.319344,0.983193,11,1,94.59,Cao điểm Sáng,2.68
Hà Nội,,5,1.71,Xe Máy,Nhiều Mây,0.401263,0.742057,9,1,99.64,Cao điểm Sáng,1.81
Hà Nội,,6,18.74,Xe ViP,Mưa,0.208693,0.47447,21,1,92.79,Đêm,1.58
Hồ Chí Minh,,5,2.49,Xe ViP,Nhiều Mây,0.685626,0.565462,0,1,86.92,Cao điểm Sáng,1.12
Đà Nẵng,,4,15.95,Xe Máy,Mưa,0.690941,0.43693,22,0,98.47,Cao điểm Tối,2.08
Hà Nội,,1,4.65,Xe ViP,Nhiều Mây,0.668672,0.789025,13,0,95.37,Đêm,1.18
Hải Phòng,,3,11.49,Xe Máy,Mưa Bão,0.336318,0.632271,2,0,90.55,Chiều,1.59
Hồ Chí Minh,,3,13.72,Xe ViP,Nhiều Mây,0.638157,0.949547,7,0,92.68,Cao điểm Tối,1.78
Hồ Chí Minh,,5,3.62,Xe Máy,Mưa Bão,0.730913,0.519378,4,1,98.27,Cao điểm Tối,1.93
Đà Nẵng,,5,17.62,Xe ViP,Nắng,0.818507,0.726325,14,1,90.8,Chiều,1
Đà Nẵng,,1,12.22,Ô Tô 4 Chỗ,Nhiều Mây,0.386743,0.999748,4,0,92.14,Cao điểm Sáng,2.26
Hải Phòng,,3,4.41,Xe ViP,Nắng,0.435715,0.578327,7,0,96.6,Cao điểm Sáng,1.35
Hải Phòng,,4,1.03,Xe ViP,Nhiều Mây,0.832386,0.553405,20,0,92.09,Đêm,1
Hồ Chí Minh,,6,15.17,Ô Tô 4 Chỗ,Nắng,0.334756,0.702985,12,1,93.88,Đêm,1.55
Hải Phòng,,6,13.7,Ô Tô 4 Chỗ,Nhiều Mây,0.204634,0.716996,16,1,87.66,Chiều,1.48
Hải Phòng,,1,8.85,Xe ViP,Nắng,0.916134,0.434712,7,0,91.19,Cao điểm Tối,1.3
Đà Nẵng,,3,5.37,Ô Tô 4 Chỗ,Mưa Bão,0.545046,0.457029,20,0,96.41,Đêm,1.15
Hồ Chí Minh,,6,14.82,Xe ViP,Nắng,0.331255,0.850426,10,1,96.1,Cao điểm Tối,2.08
Đà Nẵng,,0,15.66,Xe ViP,Mưa Bão,0.242115,0.769534,6,0,98.06,Đêm,2.09
Đà Nẵng,,1,8.54,Xe ViP,Mưa Bão,0.710485,0.71015,22,0,96.24,Đêm,1.2
Hồ Chí Minh,,5,7.36,Ô Tô 4 Chỗ,Nắng,0.64519,0.793282,22,1,87.92,Chiều,1.22
Đà Nẵng,,3,14.3,Xe Máy,Mưa,0.301939,0.840473,1,0,95.6,Đêm,1.98
Cần Thơ,,3,12.46,Xe ViP,Nắng,0.862097,0.43872,7,0,93.4,Chiều,1
Hải Phòng,,4,11.25,Xe ViP,Nhiều Mây,0.280202,0.599962,16,0,91.9,Chiều,1.48
Hà Nội,,3,18.78,Xe ViP,Mưa,0.288077,0.951194,5,0,95.04,Chiều,2.38
Cần Thơ,,3,5.54,Xe Máy,Mưa Bão,0.293408,0.512889,18,0,90.06,Cao điểm Sáng,2.36
Cần Thơ,,5,5.46,Ô Tô 4 Chỗ,Mưa,0.375669,0.833452,15,1,93.77,Cao điểm Sáng,2.47
Hải Phòng,,6,5.23,Xe Máy,Mưa,0.498926,0.486219,4,1,87.58,Đêm,1.36
Hải Phòng,,0,18.99,Xe ViP,Mưa Bão,0.436885,0.631889,3,0,95.42,Cao điểm Tối,1.86
Hải Phòng,,5,2.38,Ô Tô 4 Chỗ,Nhiều Mây,0.613645,0.479395,22,1,83.31,Đêm,1
Hải Phòng,,3,16.33,Xe ViP,Nắng,0.354363,0.571199,2,0,98.16,Cao điểm Tối,1.45
Hà Nội,,3,19.92,Xe Máy,Mưa,0.394331,0.629015,5,0,95.03,Đêm,1.52
Hà Nội,,5,14.07,Xe Máy,Mưa,0.463927,0.734456,22,1,91.45,Cao điểm Sáng,2.8
Hồ Chí Minh,,4,4.73,Xe ViP,Nhiều Mây,0.577201,0.547005,15,0,87.8,Chiều,1
Hồ Chí Minh,,5,18.43,Xe ViP,Mưa,0.466049,0.775763,3,1,97.7,Đêm,1.65
Hồ Chí Minh,,3,9.95,Xe Máy,Nhiều Mây,0.805323,0.830046,20,0,93.21,Chiều,1.04
Hà Nội,,5,18.42,Xe ViP,Nắng,0.533048,0.903298,16,1,89.87,Cao điểm Tối,1.84
Hồ Chí Minh,,1,12.37,Xe Máy,Nắng,0.585547,0.976175,22,0,85.66,Đêm,1.59
Hà Nội,,0,16.1,Xe Máy,Mưa Bão,0.815831,0.680774,11,0,85.1,Cao điểm Tối,2.35
Hải Phòng,,6,1.31,Xe Máy,Mưa Bão,0.70935,0.968649,1,1,96.44,Cao điểm Tối,2.84
Cần Thơ,,2,17.76,Xe Máy,Mưa Bão,0.898966,0.504775,5,0,97,Cao điểm Sáng,1.84
Cần Thơ,,5,3.24,Xe Máy,Nắng,0.328039,0.628498,22,1,92.33,Chiều,1.41
Cần Thơ,,5,12.17,Ô Tô 4 Chỗ,Nhiều Mây,0.225033,0.897634,18,1,94.38,Cao điểm Sáng,2.1
Hà Nội,,4,3.41,Xe ViP,Mưa,0.222902,0.572339,18,0,95.06,Chiều,1.69
Hồ Chí Minh,,5,16.95,Xe ViP,Nhiều Mây,0.407681,0.639317,22,1,97.12,Cao điểm Tối,1.52
Hồ Chí Minh,,2,9.16,Xe Máy,Mưa Bão,0.836212,0.841232,1,0,92.09,Cao điểm Sáng,1.62
Hà Nội,,2,6.32,Xe ViP,Mưa,0.522019,0.832821,14,0,93.69,Cao điểm Sáng,2.41
Hồ Chí Minh,,0,17.72,Ô Tô 4 Chỗ,Nhiều Mây,0.955935,0.463128,4,0,88.93,Cao điểm Sáng,1.17
Hà Nội,,2,7.23,Ô Tô 4 Chỗ,Nhiều Mây,0.65598,0.675211,10,0,86.94,Cao điểm Sáng,1.35
Hải Phòng,,1,2.16,Xe ViP,Nắng,0.255548,0.606179,21,0,91.91,Đêm,1.53
Hà Nội,,0,8.24,Xe ViP,Nhiều Mây,0.42607,0.908388,12,0,94.12,Cao điểm Tối,1.84
Hồ Chí Minh,,2,13.93,Xe ViP,Nắng,0.4317,0.823547,6,0,85.24,Cao điểm Tối,1.83
Cần Thơ,,0,2.75,Ô Tô 4 Chỗ,Nắng,0.366071,0.445038,5,0,92.61,Chiều,1.12
Hồ Chí Minh,,0,4.47,Xe ViP,Nắng,0.37274,0.972907,19,0,92.15,Cao điểm Sáng,2.17
Đà Nẵng,,5,11.07,Ô Tô 4 Chỗ,Nhiều Mây,0.553164,0.650302,6,1,96.86,Cao điểm Sáng,1.32
Hà Nội,,3,10.82,Xe ViP,Nhiều Mây,0.293067,0.532454,3,0,90.3,Đêm,1.36
Đà Nẵng,,3,1.32,Ô Tô 4 Chỗ,Nhiều Mây,0.450377,0.425976,6,0,88.69,Đêm,1
Cần Thơ,,5,12.99,Xe ViP,Nhiều Mây,0.89818,0.877915,22,1,94,Cao điểm Sáng,1.09
Hải Phòng,,5,14.12,Xe Máy,Mưa,0.943597,0.878259,21,1,94.62,Cao điểm Sáng,1.7
Hải Phòng,,0,18.7,Ô Tô 4 Chỗ,Nắng,0.702039,0.690394,6,0,98.49,Đêm,1
Đà Nẵng,,5,15.34,Xe ViP,Mưa Bão,0.921175,0.493918,3,1,88.77,Đêm,1.32
Hồ Chí Minh,,5,12.56,Xe Máy,Nhiều Mây,0.990372,0.78274,16,1,89.61,Đêm,1
Hải Phòng,,4,18.27,Xe ViP,Nắng,0.620251,0.491757,11,0,88.82,Chiều,1
Hải Phòng,,3,17.56,Xe ViP,Nắng,0.307597,0.593815,6,0,88.77,Cao điểm Sáng,1.65
Hồ Chí Minh,,5,19.46,Xe ViP,Nhiều Mây,0.251752,0.521943,1,1,89.66,Đêm,1.41
Hải Phòng,,2,13.75,Xe ViP,Nhiều Mây,0.437577,0.416326,16,0,88.43,Cao điểm Sáng,1.28
Hà Nội,,1,15.48,Xe ViP,Mưa,0.335779,0.666236,16,0,90.28,Cao điểm Tối,2.88
Đà Nẵng,,3,17.87,Ô Tô 4 Chỗ,Nhiều Mây,0.24628,0.788229,22,0,94.89,Đêm,1.81
Hải Phòng,,3,5.1,Xe Máy,Nhiều Mây,0.885991,0.965073,18,0,88.79,Đêm,1.12
Hồ Chí Minh,,0,7.36,Xe ViP,Nhiều Mây,0.392092,0.834504,22,0,86.42,Cao điểm Tối,1.79
Đà Nẵng,,4,1.02,Xe Máy,Nhiều Mây,0.612132,0.503138,11,0,94.96,Đêm,1
Hà Nội,,5,7.59,Xe ViP,Nhiều Mây,0.480624,0.74149,12,1,96.97,Cao điểm Tối,1.58
Đà Nẵng,,0,3.48,Xe Máy,Mưa Bão,0.58688,0.969592,1,0,91.46,Cao điểm Sáng,2.18
Hồ Chí Minh,,1,16.43,Ô Tô 4 Chỗ,Mưa,0.389759,0.691146,16,0,93.74,Chiều,1.71
Hồ Chí Minh,,6,0.55,Ô Tô 4 Chỗ,Nhiều Mây,0.202799,0.451456,18,1,97.63,Đêm,1.37
Hải Phòng,,1,15.46,Xe ViP,Nắng,0.462934,0.699618,14,0,83.27,Cao điểm Tối,1.51
Đà Nẵng,,6,12.79,Xe ViP,Nắng,0.631104,0.433796,9,1,83.66,Cao điểm Sáng,1.07
Hồ Chí Minh,,5,3.4,Ô Tô 4 Chỗ,Nắng,0.883921,0.845535,2,1,96.46,Cao điểm Sáng,1.35
Cần Thơ,,5,5.23,Xe Máy,Mưa Bão,0.274227,0.587574,10,1,92.82,Đêm,1.66
Hải Phòng,,0,5.83,Ô Tô 4 Chỗ,Nắng,0.628538,0.809501,14,0,89.96,Cao điểm Sáng,1.44
Đà Nẵng,,5,15.8,Ô Tô 4 Chỗ,Mưa Bão,0.287716,0.607056,2,1,94.82,Đêm,1.62
Hà Nội,,4,10.4,Xe ViP,Mưa Bão,0.286677,0.88488,11,0,90.55,Cao điểm Sáng,2.45
Đà Nẵng,,3,14.25,Ô Tô 4 Chỗ,Nhiều Mây,0.857461,0.468838,8,0,89.89,Đêm,1
Hải Phòng,,6,16.95,Ô Tô 4 Chỗ,Mưa,0.871424,0.985889,14,1,89.54,Cao điểm Tối,2.65
Hà Nội,,5,16.79,Xe ViP,Mưa,0.378629,0.989161,10,1,89.14,Cao điểm Sáng,3.3
Hồ Chí Minh,,6,1.58,Ô Tô 4 Chỗ,Nhiều Mây,0.639943,0.663915,15,1,92.8,Cao điểm Sáng,1.35
Hải Phòng,,3,17.63,Ô Tô 4 Chỗ,Mưa Bão,0.242838,0.980814,1,0,95.81,Chiều,2.23
Đà Nẵng,,0,18.57,Xe ViP,Nắng,0.64014,0.90433,10,0,89.3,Đêm,1.4
Cần Thơ,,2,11.09,Xe ViP,Mưa,0.854239,0.545258,6,0,88.25,Đêm,1.17
Cần Thơ,,3,9.48,Xe Máy,Mưa Bão,0.336894,0.685337,6,0,91.33,Chiều,1.88
Cần Thơ,,0,17.99,Ô Tô 4 Chỗ,Mưa,0.672716,0.909568,7,0,86.6,Cao điểm Tối,2.25
Hà Nội,,0,0.75,Xe Máy,Mưa Bão,0.824701,0.481115,23,0,93.53,Chiều,1.18
Hà Nội,,4,1.58,Xe Máy,Nắng,0.310345,0.880967,21,0,97.46,Cao điểm Tối,2.04
Hải Phòng,,1,13.5,Ô Tô 4 Chỗ,Nắng,0.506147,0.40569,1,0,89,Cao điểm Tối,1.39
Cần Thơ,,3,1.34,Xe Máy,Mưa Bão,0.272443,0.892286,5,0,92.11,Chiều,2.22
Hà Nội,,0,7.27,Xe Máy,Mưa,0.324265,0.886246,23,0,87.25,Cao điểm Tối,3.25
Đà Nẵng,,4,16.54,Xe Máy,Nắng,0.644104,0.977146,16,0,95.57,Chiều,1.5
Đà Nẵng,,0,9.96,Xe Máy,Mưa,0.770621,0.708,12,0,90.29,Cao điểm Tối,1.82
Cần Thơ,,5,15.7,Ô Tô 4 Chỗ,Mưa Bão,0.645683,0.659697,23,1,89.71,Cao điểm Tối,1.72
Hải Phòng,,5,13.99,Xe Máy,Nhiều Mây,0.353932,0.712872,18,1,88.97,Cao điểm Sáng,1.43
Đà Nẵng,,4,6.73,Xe Máy,Mưa,0.715008,0.69839,0,0,87.67,Chiều,1.32
Hồ Chí Minh,,3,8.75,Xe Máy,Mưa Bão,0.86393,0.692642,7,0,85.84,Đêm,1.35
Hải Phòng,,4,14.59,Ô Tô 4 Chỗ,Mưa Bão,0.253435,0.521083,2,0,86.04,Chiều,1.53
Đà Nẵng,,3,17.78,Ô Tô 4 Chỗ,Mưa Bão,0.945723,0.476823,5,0,88.93,Đêm,1.26
Cần Thơ,,0,10.15,Xe ViP,Nắng,0.777832,0.923672,15,0,91.73,Cao điểm Tối,1.33
Hải Phòng,,3,19.3,Xe ViP,Nhiều Mây,0.917238,0.48999,6,0,85.1,Cao điểm Sáng,1.11
Hà Nội,,0,10.07,Xe Máy,Mưa Bão,0.642709,0.548017,20,0,93.76,Chiều,1.26
Hồ Chí Minh,,4,12.76,Ô Tô 4 Chỗ,Mưa,0.783367,0.647086,23,0,95.36,Đêm,1.22
Hồ Chí Minh,,3,4.03,Xe Máy,Mưa,0.215322,0.474655,1,0,96.25,Chiều,1.71
Hà Nội,,5,4.3,Xe Máy,Mưa Bão,0.302872,0.472794,12,1,94.33,Cao điểm Sáng,2.69
Hà Nội,,4,12.86,Xe Máy,Mưa Bão,0.381545,0.979608,14,0,86.51,Chiều,2.13
Hồ Chí Minh,,5,11.86,Ô Tô 4 Chỗ,Mưa Bão,0.321299,0.64213,19,1,90.8,Đêm,1.8
Cần Thơ,,5,2.32,Xe Máy,Nhiều Mây,0.626355,0.695976,8,1,89.11,Đêm,1
Cần Thơ,,4,3.01,Xe ViP,Nắng,0.870729,0.694277,17,0,84.24,Cao điểm Sáng,1.31
Cần Thơ,,5,18,Xe ViP,Mưa Bão,0.323221,0.674138,10,1,90.83,Cao điểm Sáng,2.49
Hà Nội,,5,1.12,Xe Máy,Nắng,0.488394,0.448554,3,1,92.62,Chiều,1
Cần Thơ,,5,4.6,Xe Máy,Nhiều Mây,0.899665,0.508672,4,1,95.43,Chiều,1
Cần Thơ,,5,10.78,Xe Máy,Nắng,0.365541,0.905551,6,1,91.68,Đêm,1.56
Hải Phòng,,6,17.34,Ô Tô 4 Chỗ,Mưa,0.856992,0.645684,11,1,94.09,Cao điểm Tối,1.52
Hải Phòng,,5,12.45,Xe Máy,Mưa Bão,0.409985,0.991118,20,1,95.28,Chiều,1.98
Hồ Chí Minh,,1,16.2,Ô Tô 4 Chỗ,Nhiều Mây,0.559625,0.999847,8,0,87.29,Chiều,1.66
Hồ Chí Minh,,1,1.4,Ô Tô 4 Chỗ,Mưa,0.278676,0.804921,16,0,95.02,Đêm,2.01
Đà Nẵng,,3,17.79,Xe ViP,Mưa,0.60044,0.894239,14,0,83.1,Đêm,1.56
Đà Nẵng,,2,18.7,Xe ViP,Mưa Bão,0.75693,0.477382,0,0,96.68,Chiều,1.14
Hà Nội,,4,12.19,Xe Máy,Nắng,0.71187,0.975183,5,0,89.33,Cao điểm Sáng,1.58
Cần Thơ,,6,15.74,Xe ViP,Nhiều Mây,0.731379,0.435705,11,1,92.43,Đêm,1
Hồ Chí Minh,,1,4.07,Xe Máy,Mưa Bão,0.960344,0.760057,15,0,97.85,Đêm,1.39
Đà Nẵng,,4,10.38,Ô Tô 4 Chỗ,Nhiều Mây,0.893717,0.566927,0,0,84.68,Chiều,1
Cần Thơ,,0,16.89,Xe ViP,Nhiều Mây,0.32404,0.942903,13,0,94.48,Đêm,1.93
Cần Thơ,,2,1.45,Xe Máy,Nhiều Mây,0.828354,0.489019,10,0,92.32,Chiều,1
Cần Thơ,,4,5.19,Xe ViP,Nắng,0.464002,0.765935,22,0,88.67,Đêm,1.45
Hải Phòng,,6,4.46,Xe Máy,Nắng,0.201231,0.969259,7,1,84.55,Cao điểm Sáng,2.42
Hồ Chí Minh,,2,7.32,Xe ViP,Mưa Bão,0.825952,0.406953,19,0,89.12,Cao điểm Tối,2.38
Hồ Chí Minh,,6,13.72,Xe Máy,Mưa,0.707343,0.498727,21,1,93.54,Chiều,1.15
Hồ Chí Minh,,6,14.4,Xe Máy,Nắng,0.31246,0.428763,4,1,86.46,Cao điểm Sáng,1.55
Hà Nội,,4,5.95,Ô Tô 4 Chỗ,Nhiều Mây,0.668631,0.64854,17,0,98.85,Chiều,1
Hồ Chí Minh,,4,14.51,Xe Máy,Mưa,0.846646,0.854877,4,0,95.68,Đêm,1.28
Hồ Chí Minh,,0,5.88,Xe Máy,Nhiều Mây,0.662741,0.669928,8,0,92.44,Cao điểm Sáng,1.36
Hà Nội,,0,6.82,Ô Tô 4 Chỗ,Mưa Bão,0.368119,0.899534,20,0,93.04,Cao điểm Sáng,2.73
Cần Thơ,,6,10.39,Ô Tô 4 Chỗ,Nhiều Mây,0.918644,0.664814,22,1,88.34,Đêm,1
Hồ Chí Minh,,2,10.12,Xe Máy,Nhiều Mây,0.378732,0.682794,6,0,96.55,Cao điểm Sáng,1.72
Hà Nội,,3,6.89,Xe ViP,Mưa Bão,0.85607,0.484003,1,0,91.82,Đêm,1.17
Hải Phòng,,0,18.15,Xe ViP,Nhiều Mây,0.249696,0.778988,13,0,86.36,Đêm,1.79
Hải Phòng,,3,6.8,Xe Máy,Nhiều Mây,0.550667,0.765103,18,0,89.78,Cao điểm Tối,1.62
Hải Phòng,,3,19.31,Xe Máy,Nắng,0.759712,0.523402,8,0,96.06,Đêm,1
Hồ Chí Minh,,5,14.5,Ô Tô 4 Chỗ,Nhiều Mây,0.79267,0.745985,17,1,87.88,Cao điểm Sáng,1.25
Hải Phòng,,6,8.9,Xe Máy,Nhiều Mây,0.424865,0.956621,18,1,88.97,Cao điểm Tối,1.78
Đà Nẵng,,1,5.41,Xe Máy,Nhiều Mây,0.33306,0.64277,21,0,94.81,Cao điểm Sáng,1.76
Đà Nẵng,,5,8.73,Xe ViP,Nắng,0.546685,0.480114,21,1,98.18,Cao điểm Tối,1
Đà Nẵng,,4,19.66,Xe Máy,Mưa Bão,0.354391,0.61463,1,0,93.22,Chiều,1.72
Hà Nội,,1,16.01,Ô Tô 4 Chỗ,Mưa Bão,0.990605,0.868474,8,0,96.26,Cao điểm Tối,2.15
Hải Phòng,,2,9.57,Ô Tô 4 Chỗ,Mưa Bão,0.588625,0.923421,22,0,90.31,Đêm,1.66
Đà Nẵng,,5,4.84,Xe ViP,Nắng,0.525222,0.516645,12,1,92.88,Cao điểm Tối,1
Hồ Chí Minh,,3,0.82,Xe Máy,Nắng,0.536716,0.950354,15,0,90.56,Chiều,1.62
Hồ Chí Minh,,0,7.08,Xe Máy,Nhiều Mây,0.668123,0.471182,12,0,88.31,Chiều,1
Hồ Chí Minh,,0,13.78,Ô Tô 4 Chỗ,Mưa Bão,0.967156,0.970931,16,0,92.13,Chiều,1.15
Đà Nẵng,,4,18.09,Xe Máy,Mưa Bão,0.316176,0.599873,15,0,84.67,Đêm,1.56
Đà Nẵng,,2,12.56,Xe Máy,Mưa,0.908677,0.474403,23,0,92.7,Cao điểm Sáng,1.53
Hồ Chí Minh,,2,2.96,Xe ViP,Mưa Bão,0.797845,0.811028,5,0,96.58,Cao điểm Sáng,2.16
Hà Nội,,4,5.48,Ô Tô 4 Chỗ,Mưa,0.994971,0.521172,16,0,97.16,Cao điểm Tối,1.66
Hà Nội,,4,18.44,Ô Tô 4 Chỗ,Mưa Bão,0.663767,0.886063,23,0,96.02,Cao điểm Tối,1.92
Hải Phòng,,4,2.47,Ô Tô 4 Chỗ,Mưa Bão,0.893754,0.480038,0,0,85.36,Đêm,1.19
Hà Nội,,5,7.06,Xe Máy,Mưa Bão,0.270231,0.946702,11,1,92.93,Chiều,2.17
Cần Thơ,,4,6.14,Ô Tô 4 Chỗ,Nắng,0.458763,0.580617,17,0,90.33,Cao điểm Sáng,1.29
Cần Thơ,,2,11.34,Xe Máy,Nhiều Mây,0.501635,0.441731,9,0,89,Đêm,1
Hà Nội,,5,3.79,Xe ViP,Mưa Bão,0.670323,0.407048,9,1,88.74,Cao điểm Sáng,1.8
Hồ Chí Minh,,4,13.19,Ô Tô 4 Chỗ,Mưa,0.804984,0.661102,17,0,99.41,Đêm,1.12
Hà Nội,,0,1.49,Xe ViP,Nhiều Mây,0.463312,0.533619,12,0,85.72,Cao điểm Tối,1.35
Hồ Chí Minh,,2,6.02,Ô Tô 4 Chỗ,Mưa Bão,0.235198,0.918865,3,0,86.18,Chiều,2.37
Hải Phòng,,4,10.36,Xe ViP,Mưa Bão,0.753292,0.826996,4,0,93.53,Cao điểm Tối,1.94
Đà Nẵng,,0,5.72,Xe ViP,Mưa Bão,0.846131,0.562587,5,0,99.06,Chiều,1.34
Hồ Chí Minh,,3,15.13,Xe Máy,Nắng,0.6865,0.566255,3,0,91.09,Đêm,1
Cần Thơ,,1,12.96,Ô Tô 4 Chỗ,Nhiều Mây,0.559275,0.728131,20,0,87.17,Chiều,1.25
Hà Nội,,1,10.19,Xe ViP,Mưa,0.654098,0.860053,14,0,88.44,Cao điểm Tối,2.77
Cần Thơ,,0,16.58,Xe Máy,Nhiều Mây,0.213443,0.775101,0,0,94.65,Cao điểm Sáng,2.06
Hà Nội,,5,4.29,Xe ViP,Nắng,0.249657,0.563852,23,1,86.67,Cao điểm Sáng,1.65
Hải Phòng,,4,6.31,Ô Tô 4 Chỗ,Nắng,0.924641,0.429432,23,0,91.65,Chiều,1
Hồ Chí Minh,,3,5.17,Xe ViP,Mưa,0.298406,0.510105,17,0,94.34,Cao điểm Tối,2.27
Hà Nội,,1,10.5,Xe Máy,Nắng,0.274091,0.406205,4,0,89.94,Chiều,1.2
Đà Nẵng,,0,1.9,Ô Tô 4 Chỗ,Mưa Bão,0.261046,0.667654,11,0,91.68,Cao điểm Sáng,2.2
Đà Nẵng,,5,3.57,Xe ViP,Nắng,0.868209,0.513601,10,1,85.1,Chiều,1
Hải Phòng,,1,12.12,Ô Tô 4 Chỗ,Nhiều Mây,0.22297,0.712225,10,0,95.73,Cao điểm Sáng,2.05
Cần Thơ,,4,15.37,Xe Máy,Nhiều Mây,0.212743,0.438329,10,0,90.51,Chiều,1.34
Hải Phòng,,0,12.63,Ô Tô 4 Chỗ,Mưa,0.455163,0.742709,23,0,95.45,Cao điểm Sáng,2.52
Hải Phòng,,3,15.67,Ô Tô 4 Chỗ,Mưa Bão,0.765605,0.422443,5,0,90.71,Chiều,1.4
Hải Phòng,,6,11.96,Xe ViP,Nắng,0.723149,0.550507,2,1,93.62,Chiều,1
Hà Nội,,0,14.01,Xe ViP,Mưa,0.989164,0.781284,19,0,87.36,Đêm,1.17
Đà Nẵng,,1,17.77,Ô Tô 4 Chỗ,Mưa Bão,0.983267,0.940637,10,0,87.95,Đêm,1.32
Hà Nội,,1,3.62,Xe Máy,Nhiều Mây,0.337256,0.888741,4,0,96.09,Cao điểm Sáng,2.09
Đà Nẵng,,2,14.36,Xe ViP,Nhiều Mây,0.666851,0.926147,21,0,94.77,Chiều,1.39
Hải Phòng,,0,1.08,Xe ViP,Mưa Bão,0.870946,0.919438,11,0,96.15,Cao điểm Tối,2.31
Hải Phòng,,0,6.38,Xe Máy,Mưa,0.743953,0.789354,0,0,93.3,Chiều,1.35
Hồ Chí Minh,,5,7.97,Xe Máy,Mưa,0.708556,0.703498,13,1,88.14,Chiều,1.1
Hải Phòng,,5,13.12,Ô Tô 4 Chỗ,Nắng,0.892721,0.929048,17,1,91.82,Cao điểm Sáng,1.17
Hồ Chí Minh,,1,3.5,Ô Tô 4 Chỗ,Nhiều Mây,0.722748,0.830793,11,0,96.91,Cao điểm Tối,1.38
Hồ Chí Minh,,6,15.95,Ô Tô 4 Chỗ,Mưa,0.328986,0.730396,15,1,88.69,Cao điểm Sáng,2.95
Hải Phòng,,5,16.61,Ô Tô 4 Chỗ,Nhiều Mây,0.371056,0.742516,19,1,93.4,Cao điểm Sáng,1.56
Hà Nội,,2,8.92,Xe Máy,Nắng,0.574913,0.677019,12,0,84.43,Cao điểm Sáng,1.39
Hải Phòng,,6,5.77,Xe Máy,Mưa,0.827299,0.900378,6,1,94.03,Cao điểm Sáng,1.96
Cần Thơ,,6,13.42,Ô Tô 4 Chỗ,Mưa,0.776915,0.984564,3,1,92.26,Cao điểm Sáng,2.67
Đà Nẵng,,4,1.55,Xe Máy,Mưa Bão,0.789408,0.75798,10,0,86.67,Chiều,1.25
Cần Thơ,,4,15.18,Ô Tô 4 Chỗ,Mưa,0.24935,0.641505,4,0,92.15,Chiều,1.79
Hà Nội,,2,18.5,Xe ViP,Nắng,0.534112,0.468807,8,0,89.15,Chiều,1
Hải Phòng,,0,12.97,Ô Tô 4 Chỗ,Mưa,0.238465,0.873521,0,0,94.16,Chiều,2.27
Hải Phòng,,1,13.18,Ô Tô 4 Chỗ,Nhiều Mây,0.615114,0.585209,15,0,88.89,Chiều,1
Hải Phòng,,6,16.19,Xe ViP,Mưa Bão,0.692943,0.559789,21,1,87.84,Cao điểm Sáng,2.22
Hồ Chí Minh,,1,5.22,Xe ViP,Mưa Bão,0.572902,0.952455,10,0,87.26,Cao điểm Sáng,2.57
Hồ Chí Minh,,0,1.48,Ô Tô 4 Chỗ,Mưa,0.343895,0.493283,4,0,92.82,Cao điểm Sáng,2.62
Hải Phòng,,0,8.54,Ô Tô 4 Chỗ,Nắng,0.356801,0.503676,13,0,92.06,Đêm,1.22
Đà Nẵng,,2,16.68,Xe Máy,Nhiều Mây,0.351607,0.68581,17,0,94.82,Đêm,1.5
Đà Nẵng,,0,19.52,Xe ViP,Nắng,0.652804,0.951079,2,0,94.98,Chiều,1.45
Hà Nội,,0,4.67,Ô Tô 4 Chỗ,Nắng,0.248943,0.626026,0,0,86.54,Cao điểm Tối,1.86
Hải Phòng,,0,18.92,Xe ViP,Nhiều Mây,0.429048,0.489905,7,0,89.91,Chiều,1.09
Hải Phòng,,5,13.4,Ô Tô 4 Chỗ,Nhiều Mây,0.468843,0.689713,14,1,89.22,Cao điểm Sáng,1.67
Cần Thơ,,6,16.81,Xe Máy,Mưa Bão,0.382421,0.421798,18,1,97.53,Chiều,1.46
Hà Nội,,2,19.51,Xe Máy,Nắng,0.75035,0.939335,1,0,87.08,Cao điểm Tối,1.58
Cần Thơ,,4,10.68,Xe ViP,Mưa Bão,0.589999,0.768856,16,0,86.07,Đêm,1.44
Đà Nẵng,,4,12.66,Ô Tô 4 Chỗ,Nhiều Mây,0.542823,0.721123,2,0,85.04,Cao điểm Sáng,1.58
Hồ Chí Minh,,4,13.03,Ô Tô 4 Chỗ,Nắng,0.675346,0.607527,8,0,96.51,Chiều,1
Hà Nội,,3,13.36,Xe Máy,Mưa Bão,0.962205,0.980916,22,0,85.79,Cao điểm Sáng,1.68
Cần Thơ,,1,15.12,Xe ViP,Nắng,0.705189,0.676364,14,0,90.07,Đêm,1
Hải Phòng,,3,8.81,Xe Máy,Mưa,0.271923,0.658055,7,0,93.37,Cao điểm Tối,2.75
Đà Nẵng,,2,10.41,Ô Tô 4 Chỗ,Nắng,0.580588,0.624816,21,0,92.92,Đêm,1.07
Cần Thơ,,0,1.49,Ô Tô 4 Chỗ,Nắng,0.421642,0.802624,8,0,89.16,Chiều,1.57
Đà Nẵng,,2,1.53,Ô Tô 4 Chỗ,Mưa,0.241257,0.854522,23,0,99.68,Cao điểm Sáng,2.75
Hồ Chí Minh,,1,7.4,Ô Tô 4 Chỗ,Mưa,0.382155,0.620431,3,0,88.14,Chiều,1.74
Hải Phòng,,1,11.93,Xe ViP,Mưa,0.95689,0.965481,3,0,98.04,Đêm,1.26
Cần Thơ,,5,17.48,Xe ViP,Mưa,0.623549,0.63415,14,1,92.07,Cao điểm Tối,2.22
Hà Nội,,4,12.47,Ô Tô 4 Chỗ,Nhiều Mây,0.523057,0.529037,15,0,97.86,Đêm,1.01
Cần Thơ,,2,6.71,Xe ViP,Nhiều Mây,0.426192,0.692559,2,0,93.35,Cao điểm Sáng,1.53
Hải Phòng,,4,16.74,Xe ViP,Mưa,0.805606,0.675774,20,0,89.28,Cao điểm Sáng,1.65
Hà Nội,,6,18.57,Xe ViP,Nhiều Mây,0.841378,0.798932,19,1,89.42,Cao điểm Tối,1.24
Đà Nẵng,,6,17.37,Ô Tô 4 Chỗ,Mưa,0.211856,0.929616,8,1,90.52,Cao điểm Sáng,3.25
Hà Nội,,4,2.58,Xe ViP,Mưa Bão,0.922107,0.651935,12,0,89.88,Cao điểm Tối,2.18
Đà Nẵng,,0,19.84,Xe ViP,Nắng,0.892338,0.8669,9,0,89.96,Chiều,1
Hà Nội,,4,5.49,Xe Máy,Nắng,0.991875,0.452212,14,0,90.4,Đêm,1
Đà Nẵng,,6,4.26,Ô Tô 4 Chỗ,Mưa,0.815177,0.720796,8,1,89.45,Cao điểm Sáng,1.74
Hồ Chí Minh,,4,15,Ô Tô 4 Chỗ,Nắng,0.201889,0.845731,0,0,88.37,Chiều,1.97
Đà Nẵng,,6,14.8,Xe Máy,Mưa,0.719363,0.521505,9,1,87.61,Chiều,1.17
Cần Thơ,,0,8.31,Ô Tô 4 Chỗ,Mưa Bão,0.329597,0.901224,9,0,87.33,Cao điểm Sáng,3.21
Hà Nội,,2,14.09,Ô Tô 4 Chỗ,Mưa Bão,0.632558,0.573453,15,0,95.21,Cao điểm Sáng,2.1
Hà Nội,,1,18.5,Ô Tô 4 Chỗ,Nắng,0.835044,0.616013,5,0,94.38,Cao điểm Tối,1.18
Đà Nẵng,,1,19.34,Xe Máy,Nhiều Mây,0.79118,0.740349,8,0,87.38,Cao điểm Tối,1.36
Hải Phòng,,3,3.98,Ô Tô 4 Chỗ,Mưa Bão,0.407168,0.779591,5,0,90.97,Cao điểm Tối,2.22
Đà Nẵng,,4,13.37,Ô Tô 4 Chỗ,Mưa,0.62398,0.412331,19,0,97.35,Cao điểm Sáng,2.21
Cần Thơ,,4,16.21,Xe Máy,Mưa Bão,0.554319,0.958598,10,0,91.29,Cao điểm Tối,2.67
Đà Nẵng,,0,7.56,Ô Tô 4 Chỗ,Mưa Bão,0.779429,0.987476,2,0,90.83,Cao điểm Sáng,2.74
Hồ Chí Minh,,4,3.71,Xe Máy,Mưa,0.755493,0.817996,4,0,98.82,Chiều,1.19
Hồ Chí Minh,,5,12.79,Xe ViP,Nắng,0.788948,0.820709,10,1,92.69,Chiều,1.05
Cần Thơ,,0,9.49,Xe ViP,Nhiều Mây,0.437024,0.753343,6,0,93.27,Cao điểm Sáng,1.64
Hà Nội,,6,9.22,Xe ViP,Mưa,0.426134,0.742762,4,1,90.24,Cao điểm Sáng,2.91
Hà Nội,,3,8.53,Ô Tô 4 Chỗ,Nhiều Mây,0.667154,0.598309,1,0,96.71,Cao điểm Sáng,1.35
Cần Thơ,,0,11.72,Xe Máy,Nhiều Mây,0.988945,0.505409,22,0,93.36,Đêm,1
Hà Nội,,6,0.68,Ô Tô 4 Chỗ,Mưa,0.724388,0.998137,5,1,87.68,Cao điểm Tối,2.61
Đà Nẵng,,3,6.83,Ô Tô 4 Chỗ,Mưa,0.336277,0.9554,0,0,95.15,Cao điểm Tối,2.86
Hồ Chí Minh,,5,7.55,Xe ViP,Nhiều Mây,0.416677,0.406561,0,1,97.59,Chiều,1
Hà Nội,,0,8.32,Xe Máy,Mưa,0.582904,0.992377,6,0,91.04,Cao điểm Sáng,2.66
Hồ Chí Minh,,4,1.36,Ô Tô 4 Chỗ,Nắng,0.992482,0.731324,22,0,86.19,Cao điểm Sáng,1.19
Cần Thơ,,6,9.52,Xe ViP,Nhiều Mây,0.484871,0.790604,7,1,96.83,Đêm,1.19
Hồ Chí Minh,,2,7.98,Ô Tô 4 Chỗ,Mưa,0.519243,0.99081,10,0,97.54,Đêm,1.85
Hải Phòng,,1,11.93,Xe ViP,Nhiều Mây,0.76635,0.569498,20,0,91.98,Cao điểm Tối,1.18
Đà Nẵng,,1,2.23,Ô Tô 4 Chỗ,Mưa,0.902304,0.905077,3,0,91.85,Cao điểm Sáng,2.04
Hải Phòng,,3,7.55,Xe Máy,Mưa Bão,0.505061,0.8958,20,0,90.34,Cao điểm Tối,2.19
Hải Phòng,,0,14.25,Xe Máy,Nhiều Mây,0.334925,0.952037,17,0,83.77,Cao điểm Tối,2.17
Hồ Chí Minh,,0,15.03,Ô Tô 4 Chỗ,Mưa,0.399589,0.851198,0,0,90.2,Chiều,1.89
Hồ Chí Minh,,5,16.31,Ô Tô 4 Chỗ,Nhiều Mây,0.818519,0.791609,4,1,94.21,Chiều,1
Hồ Chí Minh,,5,9.04,Xe ViP,Nắng,0.728646,0.871517,17,1,87.34,Chiều,1.21
Cần Thơ,,0,10.08,Xe ViP,Nhiều Mây,0.871169,0.695866,12,0,85.68,Chiều,1
Hà Nội,,5,11.55,Ô Tô 4 Chỗ,Nắng,0.284277,0.940322,16,1,96.74,Cao điểm Sáng,2.17
Đà Nẵng,,0,1.12,Ô Tô 4 Chỗ,Mưa,0.91305,0.765376,23,0,92.11,Cao điểm Sáng,1.9
Hà Nội,,0,14.65,Xe Máy,Mưa,0.235528,0.969134,18,0,85.24,Cao điểm Tối,2.84
Đà Nẵng,,2,5.03,Xe ViP,Nhiều Mây,0.221985,0.963444,20,0,97,Cao điểm Sáng,2.21
Hải Phòng,,5,15.11,Xe Máy,Mưa,0.911957,0.683071,11,1,96.25,Chiều,1.14
Cần Thơ,,3,5.87,Xe Máy,Nhiều Mây,0.976204,0.674298,11,0,92.47,Chiều,1
Hồ Chí Minh,,2,7.47,Xe ViP,Nắng,0.719843,0.61414,9,0,85.61,Đêm,1
Hải Phòng,,2,5.82,Xe ViP,Nhiều Mây,0.571403,0.49896,8,0,86.85,Cao điểm Sáng,1.31
Đà Nẵng,,3,16.18,Xe ViP,Mưa,0.3746,0.422829,9,0,87.91,Chiều,1.22
Cần Thơ,,2,14.24,Xe ViP,Nắng,0.986715,0.484822,3,0,93.51,Cao điểm Tối,1.32
Hải Phòng,,5,12.41,Xe ViP,Nắng,0.25257,0.822937,15,1,89.69,Cao điểm Sáng,2.17
Đà Nẵng,,1,15.03,Ô Tô 4 Chỗ,Nắng,0.647688,0.87696,10,0,90.02,Cao điểm Sáng,1.47
Cần Thơ,,6,4.39,Xe ViP,Mưa Bão,0.694104,0.785541,11,1,92.75,Chiều,1.25
Đà Nẵng,,5,4.35,Ô Tô 4 Chỗ,Mưa,0.404945,0.958881,17,1,92.04,Chiều,2.09
Đà Nẵng,,6,6.55,Ô Tô 4 Chỗ,Nhiều Mây,0.755483,0.681633,10,1,94.86,Chiều,1
Đà Nẵng,,4,1.41,Xe Máy,Mưa,0.811834,0.463772,15,0,98.32,Cao điểm Tối,2.17
Hà Nội,,4,5.65,Xe Máy,Mưa,0.399162,0.8144,5,0,86.03,Đêm,1.96
Hải Phòng,,3,17.64,Ô Tô 4 Chỗ,Mưa,0.724964,0.637031,6,0,92.82,Đêm,1.32
Hà Nội,,4,4.5,Ô Tô 4 Chỗ,Mưa Bão,0.993364,0.779836,12,0,86.86,Chiều,1.29
Đà Nẵng,,6,7.07,Ô Tô 4 Chỗ,Mưa Bão,0.674161,0.828208,2,1,92.01,Cao điểm Sáng,2.56
Hồ Chí Minh,,5,19.41,Xe ViP,Nhiều Mây,0.980387,0.416155,17,1,88.92,Đêm,1
Hà Nội,,4,7.86,Xe Máy,Mưa,0.854235,0.640486,18,0,84.06,Cao điểm Tối,2.48
Đà Nẵng,,1,9.27,Xe Máy,Mưa,0.439296,0.497904,15,0,94.05,Cao điểm Tối,2.42
Hà Nội,,3,8.21,Xe ViP,Nắng,0.264966,0.71412,19,0,97.07,Cao điểm Sáng,1.88
Hải Phòng,,4,4.35,Ô Tô 4 Chỗ,Nhiều Mây,0.859222,0.401625,0,0,88.74,Cao điểm Sáng,1.38
Cần Thơ,,5,9.49,Xe ViP,Mưa Bão,0.575023,0.894154,4,1,86.05,Cao điểm Tối,2.3
Đà Nẵng,,3,15.14,Xe ViP,Mưa Bão,0.568659,0.565611,14,0,92.44,Chiều,1.4
Hà Nội,,5,19.81,Ô Tô 4 Chỗ,Mưa,0.56173,0.4951,20,1,89.62,Chiều,1.24
Hồ Chí Minh,,6,14.88,Xe Máy,Nhiều Mây,0.861305,0.9072,20,1,86.37,Đêm,1.07
Hải Phòng,,1,5.88,Xe Máy,Nhiều Mây,0.380697,0.580361,18,0,91.91,Đêm,1.3
Đà Nẵng,,3,18.36,Ô Tô 4 Chỗ,Nắng,0.635738,0.454382,18,0,96.78,Chiều,1
Đà Nẵng,,1,16.62,Xe ViP,Nhiều Mây,0.561096,0.952116,6,0,87.17,Đêm,1.59
Hà Nội,,6,19.29,Xe ViP,Nhiều Mây,0.840272,0.901273,10,1,90.03,Cao điểm Tối,1.37
Cần Thơ,,5,3.12,Xe Máy,Nhiều Mây,0.602168,0.543442,17,1,89.89,Cao điểm Tối,1.27
Đà Nẵng,,2,11.78,Xe ViP,Nắng,0.525988,0.782724,16,0,89.7,Đêm,1.39
Hồ Chí Minh,,6,15.05,Xe Máy,Nắng,0.258358,0.470375,18,1,95.81,Cao điểm Tối,1.52
Cần Thơ,,1,6.66,Xe ViP,Nhiều Mây,0.434855,0.591312,4,0,85.39,Cao điểm Tối,1.43
Hà Nội,,6,11.45,Ô Tô 4 Chỗ,Nắng,0.32537,0.978498,16,1,93.29,Cao điểm Sáng,2.22
Đà Nẵng,,2,6.15,Xe ViP,Mưa Bão,0.840661,0.638568,4,0,88.94,Cao điểm Sáng,2.28
Hà Nội,,1,18.01,Ô Tô 4 Chỗ,Mưa,0.606548,0.974048,14,0,89.75,Cao điểm Tối,2.86
Cần Thơ,,0,6.37,Xe ViP,Nắng,0.312262,0.78781,6,0,97.3,Cao điểm Sáng,2.04
Cần Thơ,,3,1.79,Xe ViP,Mưa,0.969373,0.562042,18,0,86.13,Cao điểm Sáng,1.86
Hải Phòng,,3,13.2,Xe Máy,Nắng,0.508971,0.928416,7,0,95.4,Cao điểm Sáng,1.95
Đà Nẵng,,5,5.56,Xe Máy,Nhiều Mây,0.865576,0.450104,7,1,86,Cao điểm Sáng,1.18
Hồ Chí Minh,,1,15.96,Ô Tô 4 Chỗ,Mưa,0.265659,0.452967,7,0,89.8,Cao điểm Tối,2.26
Hải Phòng,,4,4.39,Xe ViP,Mưa,0.916617,0.774177,7,0,92.18,Cao điểm Tối,2.15
Cần Thơ,,4,8.31,Ô Tô 4 Chỗ,Nhiều Mây,0.974038,0.585838,4,0,96.46,Chiều,1
Đà Nẵng,,2,12.63,Xe ViP,Nhiều Mây,0.327891,0.60188,14,0,88.27,Chiều,1.41
Cần Thơ,,6,6.62,Ô Tô 4 Chỗ,Mưa Bão,0.552288,0.565817,13,1,97.49,Cao điểm Tối,2.11
Hải Phòng,,4,12.26,Xe ViP,Mưa,0.783565,0.988234,18,0,90.92,Cao điểm Tối,2.57
Hà Nội,,5,1.46,Xe Máy,Nhiều Mây,0.241713,0.937072,19,1,91.93,Cao điểm Tối,2.19
Đà Nẵng,,2,7.93,Xe ViP,Mưa,0.96051,0.981087,18,0,86.7,Đêm,1.14
Hồ Chí Minh,,0,11.47,Ô Tô 4 Chỗ,Nhiều Mây,0.541932,0.516265,0,0,85.77,Chiều,1
Cần Thơ,,3,4.68,Ô Tô 4 Chỗ,Nhiều Mây,0.730593,0.736516,15,0,96.67,Cao điểm Tối,1.2
Hồ Chí Minh,,5,19.52,Xe Máy,Nhiều Mây,0.202147,0.570862,10,1,96.68,Cao điểm Tối,1.84
Đà Nẵng,,0,8.15,Ô Tô 4 Chỗ,Mưa,0.57334,0.598651,4,0,97.05,Đêm,1.28
Hồ Chí Minh,,6,16.74,Ô Tô 4 Chỗ,Mưa Bão,0.666303,0.491315,5,1,92.27,Đêm,1.15
Hà Nội,,1,11.16,Xe Máy,Mưa Bão,0.264839,0.596352,23,0,92.88,Cao điểm Tối,2.39
Hồ Chí Minh,,1,6.5,Xe ViP,Mưa,0.600275,0.780479,23,0,96.4,Chiều,1.37
Hồ Chí Minh,,5,14.47,Xe Máy,Mưa,0.716413,0.575549,1,1,94.91,Cao điểm Sáng,1.53
Hải Phòng,,3,2.4,Ô Tô 4 Chỗ,Nắng,0.650555,0.778056,5,0,93.88,Chiều,1.19
Hồ Chí Minh,,2,4.9,Xe ViP,Mưa Bão,0.807802,0.769417,3,0,89.11,Chiều,1.13
Cần Thơ,,6,5.29,Ô Tô 4 Chỗ,Mưa,0.754347,0.648933,3,1,94.92,Chiều,1.22
Hà Nội,,5,2.75,Xe ViP,Mưa Bão,0.739355,0.49325,21,1,89.62,Cao điểm Sáng,2.15
Hải Phòng,,5,6.88,Xe ViP,Mưa,0.530924,0.493784,16,1,93.69,Chiều,1.18
Hà Nội,,5,12.03,Ô Tô 4 Chỗ,Mưa Bão,0.406886,0.892914,18,1,97.6,Cao điểm Tối,2.76
Cần Thơ,,6,7.81,Ô Tô 4 Chỗ,Nhiều Mây,0.621885,0.568722,19,1,93.82,Cao điểm Sáng,1.19
Hà Nội,,3,4.24,Xe ViP,Mưa,0.708961,0.703753,10,0,91.49,Đêm,1.15
Hồ Chí Minh,,1,19.83,Xe ViP,Mưa,0.27553,0.458564,5,0,94.83,Cao điểm Sáng,2.17
Hải Phòng,,5,5.54,Xe ViP,Mưa Bão,0.841946,0.555763,23,1,95.31,Đêm,1.25
Hồ Chí Minh,,1,4.62,Xe Máy,Nắng,0.248474,0.753602,0,0,93.86,Đêm,1.76
Cần Thơ,,4,1.59,Ô Tô 4 Chỗ,Nắng,0.311453,0.859357,20,0,91.08,Đêm,1.82
Hà Nội,,6,17.23,Ô Tô 4 Chỗ,Nắng,0.378646,0.78473,4,1,87.12,Cao điểm Sáng,1.81
Cần Thơ,,6,7.8,Xe ViP,Nhiều Mây,0.755814,0.43357,1,1,90.52,Đêm,1
Đà Nẵng,,0,1.79,Xe Máy,Mưa,0.224295,0.619668,20,0,96.41,Chiều,1.87
Cần Thơ,,1,5.16,Xe ViP,Mưa Bão,0.36482,0.665678,12,0,92.17,Cao điểm Sáng,2.83
Đà Nẵng,,5,10.87,Xe Máy,Nắng,0.671774,0.62805,5,1,95.75,Cao điểm Sáng,1
Hà Nội,,5,4.55,Xe Máy,Mưa Bão,0.364982,0.79362,10,1,96.61,Cao điểm Tối,2.94
Cần Thơ,,3,1.58,Xe Máy,Mưa Bão,0.354992,0.488664,14,0,88.44,Cao điểm Sáng,2.34
Hải Phòng,,5,4.95,Ô Tô 4 Chỗ,Nắng,0.499426,0.70658,20,1,94.67,Cao điểm Tối,1.41
Cần Thơ,,0,15.65,Xe ViP,Mưa Bão,0.345705,0.832179,6,0,92,Đêm,1.84
Cần Thơ,,1,14.04,Ô Tô 4 Chỗ,Nắng,0.379886,0.538828,23,0,89.49,Cao điểm Tối,1.59
Hải Phòng,,4,15.31,Xe ViP,Mưa,0.755697,0.471235,8,0,91.27,Chiều,1.14
Hà Nội,,2,17.33,Xe Máy,Nắng,0.230759,0.81626,13,0,88.13,Cao điểm Sáng,2.05
Hồ Chí Minh,,2,19.14,Xe Máy,Nắng,0.766824,0.647125,18,0,94.34,Cao điểm Sáng,1.3
Hải Phòng,,4,17.64,Xe ViP,Nắng,0.207778,0.71609,5,0,90.74,Cao điểm Sáng,2.1
Hà Nội,,6,17.32,Xe ViP,Nắng,0.403468,0.903941,11,1,85.21,Đêm,1.75
Hồ Chí Minh,,4,19.89,Xe ViP,Nắng,0.582882,0.638892,3,0,95.58,Đêm,1.08
Đà Nẵng,,6,14.02,Ô Tô 4 Chỗ,Mưa,0.456723,0.525274,6,1,90.03,Cao điểm Sáng,1.99
Hồ Chí Minh,,1,16.5,Xe ViP,Nhiều Mây,0.444006,0.459654,6,0,89.01,Cao điểm Tối,1.29
Hồ Chí Minh,,2,9.23,Ô Tô 4 Chỗ,Mưa Bão,0.310752,0.761884,23,0,85.68,Chiều,1.94
Đà Nẵng,,0,14.42,Xe Máy,Mưa,0.461881,0.452313,4,0,88.96,Cao điểm Sáng,1.81
Cần Thơ,,0,11.24,Ô Tô 4 Chỗ,Nắng,0.862016,0.530716,16,0,86.74,Cao điểm Sáng,1.31
Hà Nội,,2,14.05,Ô Tô 4 Chỗ,Mưa,0.602414,0.747751,4,0,96.35,Chiều,1.58
Cần Thơ,,5,17.38,Ô Tô 4 Chỗ,Nắng,0.827322,0.742654,2,1,83.76,Đêm,1
Hà Nội,,6,2.33,Ô Tô 4 Chỗ,Nhiều Mây,0.268422,0.912855,2,1,90.6,Cao điểm Sáng,2.36
Hà Nội,,2,3.03,Xe ViP,Mưa Bão,0.342852,0.856283,23,0,84.81,Cao điểm Tối,3.02
Cần Thơ,,5,15.49,Xe ViP,Nhiều Mây,0.623753,0.996274,3,1,88.76,Cao điểm Sáng,1.39
Đà Nẵng,,0,11.57,Xe Máy,Mưa,0.693867,0.432189,8,0,88.7,Đêm,1.14
Hồ Chí Minh,,6,13.72,Ô Tô 4 Chỗ,Nhiều Mây,0.902171,0.699541,6,1,98.28,Cao điểm Sáng,1.18
Hải Phòng,,6,15.05,Xe ViP,Mưa Bão,0.395549,0.406871,18,1,85.04,Cao điểm Tối,2.31
Hồ Chí Minh,,0,9.38,Xe Máy,Nắng,0.975864,0.546129,5,0,98.02,Đêm,1
Hà Nội,,0,6.97,Xe ViP,Mưa Bão,0.342194,0.489004,10,0,91.38,Chiều,1.36
Hồ Chí Minh,,1,1.55,Xe ViP,Mưa Bão,0.613521,0.407017,7,0,86.34,Cao điểm Tối,2.05
Đà Nẵng,,2,9.8,Ô Tô 4 Chỗ,Mưa,0.643923,0.562794,4,0,85.9,Cao điểm Sáng,2.27
Hà Nội,,0,3.09,Xe Máy,Mưa,0.710642,0.544734,3,0,84.68,Chiều,1.25
Đà Nẵng,,0,11.31,Xe Máy,Nắng,0.532488,0.565264,16,0,88.32,Cao điểm Tối,1.17
Cần Thơ,,0,7.22,Ô Tô 4 Chỗ,Mưa Bão,0.505959,0.973123,18,0,94.64,Chiều,1.89
Cần Thơ,,1,9.67,Xe ViP,Nhiều Mây,0.632902,0.626165,20,0,96.66,Chiều,1
Hồ Chí Minh,,4,7.66,Ô Tô 4 Chỗ,Nhiều Mây,0.826058,0.505331,11,0,95.33,Đêm,1
Hải Phòng,,2,18.86,Xe Máy,Mưa Bão,0.549259,0.919559,7,0,97.35,Cao điểm Tối,3.02
Hải Phòng,,3,12.11,Xe ViP,Mưa,0.9917,0.452481,7,0,96.22,Cao điểm Tối,2.43
Hà Nội,,1,16.38,Xe Máy,Mưa Bão,0.949448,0.643479,15,0,92.73,Chiều,1.23
Hải Phòng,,0,17.03,Xe Máy,Mưa,0.806739,0.982235,8,0,96.52,Đêm,1.59
Cần Thơ,,6,16.95,Xe Máy,Mưa Bão,0.719573,0.414272,21,1,91.89,Cao điểm Sáng,1.76
Hồ Chí Minh,,1,15.02,Xe Máy,Mưa Bão,0.996464,0.422389,1,0,98.64,Chiều,1.27
Hải Phòng,,1,19.87,Ô Tô 4 Chỗ,Nắng,0.258662,0.758405,22,0,93.99,Đêm,1.75
Đà Nẵng,,1,12.03,Ô Tô 4 Chỗ,Mưa,0.537949,0.662874,19,0,89.37,Chiều,1.38
Đà Nẵng,,1,17.38,Xe ViP,Nhiều Mây,0.708047,0.586812,16,0,86.51,Đêm,1
Hà Nội,,5,4.45,Xe ViP,Mưa,0.374939,0.424901,7,1,96.17,Chiều,1.45
Hà Nội,,3,18.47,Xe ViP,Mưa,0.679236,0.94054,11,0,83.84,Cao điểm Sáng,2.16
Cần Thơ,,2,2.01,Xe ViP,Nắng,0.222833,0.47375,6,0,87.49,Cao điểm Sáng,1.74
Hồ Chí Minh,,6,10.39,Ô Tô 4 Chỗ,Nhiều Mây,0.434683,0.836349,8,1,91.88,Chiều,1.6
Hồ Chí Minh,,2,0.66,Ô Tô 4 Chỗ,Nhiều Mây,0.844846,0.649687,7,0,98.23,Chiều,1
Hải Phòng,,2,2.28,Ô Tô 4 Chỗ,Mưa Bão,0.285242,0.919821,2,0,89.35,Đêm,2.23
Hải Phòng,,1,17.97,Ô Tô 4 Chỗ,Nhiều Mây,0.243554,0.844429,1,0,85.83,Chiều,1.9
Hà Nội,,2,16.27,Ô Tô 4 Chỗ,Nhiều Mây,0.802436,0.792038,22,0,95.98,Chiều,1
Cần Thơ,,6,18.52,Xe Máy,Mưa Bão,0.364237,0.526839,4,1,91.6,Cao điểm Sáng,2.51
Cần Thơ,,3,16.38,Xe Máy,Nhiều Mây,0.466768,0.59704,13,0,95.77,Cao điểm Tối,1.4
Hải Phòng,,6,7.28,Xe ViP,Mưa Bão,0.907679,0.568532,2,1,88.12,Đêm,1.35
Hồ Chí Minh,,6,16.6,Xe ViP,Nhiều Mây,0.601684,0.546431,0,1,93.08,Đêm,1
Hải Phòng,,6,13.76,Xe ViP,Nắng,0.638671,0.913711,3,1,89.63,Cao điểm Sáng,1.47
Đà Nẵng,,6,8.27,Ô Tô 4 Chỗ,Nhiều Mây,0.838343,0.637717,20,1,96.14,Đêm,1
Hồ Chí Minh,,3,6.81,Xe Máy,Nhiều Mây,0.653302,0.473652,19,0,95.88,Đêm,1
Đà Nẵng,,0,19.31,Xe ViP,Mưa Bão,0.835399,0.654912,7,0,97.94,Đêm,1.19
Cần Thơ,,5,4.84,Xe Máy,Nhiều Mây,0.799441,0.934016,15,1,86.99,Cao điểm Tối,1.25
Hồ Chí Minh,,1,1.7,Xe Máy,Nhiều Mây,0.440259,0.567583,8,0,93.37,Cao điểm Tối,1.39
Cần Thơ,,3,12.97,Ô Tô 4 Chỗ,Mưa,0.547361,0.97933,17,0,94.79,Chiều,2
Hải Phòng,,0,11.42,Xe Máy,Nhiều Mây,0.390903,0.811158,15,0,97.86,Đêm,1.63
Hà Nội,,3,7.49,Xe ViP,Nhiều Mây,0.308355,0.776444,16,0,85.87,Cao điểm Tối,1.96
Đà Nẵng,,0,16.45,Xe Máy,Nắng,0.910324,0.969895,6,0,94.13,Đêm,1.09
Hà Nội,,0,13.67,Xe ViP,Mưa,0.543631,0.554949,0,0,84.64,Đêm,1.23
Hồ Chí Minh,,5,12.51,Ô Tô 4 Chỗ,Mưa,0.852408,0.756449,11,1,84.36,Cao điểm Sáng,2.02
Hà Nội,,5,11.54,Ô Tô 4 Chỗ,Nắng,0.980787,0.931139,1,1,97.81,Cao điểm Tối,1.38
Hải Phòng,,2,19.13,Xe ViP,Mưa Bão,0.455347,0.507458,23,0,84.09,Cao điểm Tối,1.73
Đà Nẵng,,6,16.83,Ô Tô 4 Chỗ,Mưa,0.381159,0.503955,22,1,92.56,Cao điểm Sáng,2.5
Hải Phòng,,3,5.61,Xe ViP,Nhiều Mây,0.310902,0.759059,10,0,83.77,Cao điểm Tối,1.82
Hà Nội,,1,2.22,Ô Tô 4 Chỗ,Nắng,0.845783,0.916891,19,0,91.7,Cao điểm Tối,1.47
Hà Nội,,6,17.79,Ô Tô 4 Chỗ,Nắng,0.35623,0.462018,14,1,92.07,Đêm,1.16
Hải Phòng,,1,3.58,Xe ViP,Mưa Bão,0.766299,0.403286,15,0,94.06,Cao điểm Sáng,1.79
Hà Nội,,0,4.9,Xe Máy,Nhiều Mây,0.404401,0.65582,3,0,97.55,Cao điểm Sáng,1.71
Đà Nẵng,,3,19.95,Xe Máy,Mưa,0.790193,0.43142,2,0,96.73,Cao điểm Tối,1.57
Hải Phòng,,1,7.34,Xe ViP,Mưa Bão,0.236915,0.46224,1,0,96.14,Đêm,1.54
Đà Nẵng,,2,6.77,Ô Tô 4 Chỗ,Nhiều Mây,0.991876,0.458198,3,0,97.94,Cao điểm Sáng,1.23
Hải Phòng,,3,7.86,Ô Tô 4 Chỗ,Nắng,0.78783,0.597996,1,0,94.28,Cao điểm Tối,1.29
Hồ Chí Minh,,0,11.44,Xe Máy,Nắng,0.594668,0.422983,12,0,85.53,Chiều,1
Cần Thơ,,2,19.15,Xe ViP,Mưa Bão,0.460634,0.480227,3,0,93.74,Cao điểm Sáng,2.28
Hải Phòng,,4,7.15,Xe ViP,Mưa Bão,0.919882,0.431109,21,0,93.32,Cao điểm Tối,1.95
Hà Nội,,5,13.53,Ô Tô 4 Chỗ,Nắng,0.477798,0.597375,9,1,98,Cao điểm Sáng,1.29
Hải Phòng,,4,8.28,Xe ViP,Nắng,0.318608,0.729016,3,0,96.22,Đêm,1.62
Hà Nội,,4,16.12,Xe ViP,Mưa Bão,0.820197,0.992958,15,0,90.74,Cao điểm Tối,1.78
Hồ Chí Minh,,6,5.88,Xe ViP,Mưa,0.844112,0.418826,8,1,95.97,Chiều,1.32
Cần Thơ,,0,5.45,Xe ViP,Mưa,0.306537,0.841318,16,0,96.05,Chiều,2.16
Hải Phòng,,0,1.25,Xe ViP,Mưa Bão,0.623344,0.690846,2,0,87.22,Cao điểm Tối,2.43
Đà Nẵng,,5,16.92,Xe ViP,Nắng,0.997874,0.995888,7,1,94.3,Cao điểm Tối,1
Hải Phòng,,5,16.11,Xe Máy,Mưa Bão,0.898352,0.573447,6,1,91.06,Đêm,1.24
Hà Nội,,0,5.65,Ô Tô 4 Chỗ,Nắng,0.743461,0.902378,14,0,87.19,Cao điểm Sáng,1.38
Đà Nẵng,,1,10.07,Xe ViP,Mưa,0.946842,0.761824,10,0,87.81,Đêm,1.15
Hải Phòng,,6,15.04,Ô Tô 4 Chỗ,Mưa Bão,0.511737,0.73476,14,1,94.17,Cao điểm Tối,2.39
Cần Thơ,,4,5.32,Xe Máy,Mưa,0.317529,0.973048,2,0,84.71,Cao điểm Tối,2.66
Hà Nội,,3,17.07,Xe ViP,Nhiều Mây,0.882765,0.412087,17,0,85.42,Cao điểm Sáng,1.24
Đà Nẵng,,4,1.26,Xe ViP,Mưa,0.334875,0.914118,20,0,96.28,Cao điểm Sáng,3.05
Hồ Chí Minh,,6,14.11,Xe ViP,Nhiều Mây,0.610994,0.743962,4,1,90.28,Cao điểm Tối,1.41
Đà Nẵng,,3,18.72,Xe ViP,Nắng,0.566122,0.704947,14,0,92.21,Đêm,1.21
Cần Thơ,,2,4.57,Ô Tô 4 Chỗ,Nhiều Mây,0.698494,0.773964,15,0,97.45,Chiều,1.11
Đà Nẵng,,6,7.4,Xe ViP,Nắng,0.316655,0.490711,4,1,89.09,Chiều,1.14
Đà Nẵng,,5,14.6,Xe Máy,Mưa Bão,0.259338,0.760939,11,1,90.22,Cao điểm Sáng,3
Hồ Chí Minh,,3,17.76,Xe ViP,Mưa Bão,0.917473,0.764421,4,0,89.53,Cao điểm Tối,2.43
Hải Phòng,,2,1.03,Ô Tô 4 Chỗ,Nhiều Mây,0.575801,0.792694,19,0,85.22,Đêm,1.33
Hồ Chí Minh,,5,1.62,Ô Tô 4 Chỗ,Nắng,0.823496,0.71225,1,1,87.68,Chiều,1
Hà Nội,,3,10.02,Xe Máy,Nhiều Mây,0.381868,0.510417,4,0,96.59,Cao điểm Tối,1.4
Hà Nội,,0,4.29,Xe ViP,Mưa,0.453536,0.796992,13,0,94.45,Đêm,1.64
Đà Nẵng,,3,4,Xe Máy,Mưa,0.564736,0.563396,8,0,95.28,Đêm,1.39
Hồ Chí Minh,,3,16.63,Xe ViP,Nắng,0.621752,0.758107,6,0,94.82,Chiều,1.2
Hồ Chí Minh,,1,11.44,Ô Tô 4 Chỗ,Mưa Bão,0.864735,0.566156,5,0,91.92,Cao điểm Sáng,2.4
Đà Nẵng,,3,2.76,Xe Máy,Nhiều Mây,0.421884,0.825722,11,0,88.71,Đêm,1.61
Cần Thơ,,1,12.17,Ô Tô 4 Chỗ,Mưa Bão,0.804916,0.706894,1,0,95.35,Cao điểm Sáng,2.17
Hà Nội,,6,8.51,Xe Máy,Mưa Bão,0.328507,0.739467,11,1,92.16,Đêm,1.73
Cần Thơ,,0,14.1,Ô Tô 4 Chỗ,Mưa,0.232915,0.732154,17,0,88.93,Chiều,1.87
Đà Nẵng,,3,5.19,Ô Tô 4 Chỗ,Nắng,0.73384,0.507971,18,0,91.51,Đêm,1
Hà Nội,,5,18.82,Xe Máy,Nhiều Mây,0.553382,0.430656,8,1,97.54,Cao điểm Tối,1.21
Hải Phòng,,2,9.94,Ô Tô 4 Chỗ,Nắng,0.545582,0.626436,12,0,94.8,Đêm,1.12
Cần Thơ,,4,11.03,Xe ViP,Mưa,0.57275,0.700554,17,0,89.74,Chiều,1.59
Cần Thơ,,2,11.68,Xe ViP,Mưa,0.555841,0.930486,1,0,86.6,Đêm,1.94
Hải Phòng,,0,18.76,Xe Máy,Mưa Bão,0.557162,0.580995,19,0,97.59,Đêm,1.24
Hải Phòng,,2,10.32,Xe ViP,Mưa,0.793657,0.42246,1,0,90.67,Đêm,1.26
Đà Nẵng,,4,13.13,Ô Tô 4 Chỗ,Nhiều Mây,0.884267,0.704593,20,0,96.89,Cao điểm Sáng,1.39
Cần Thơ,,6,2.37,Ô Tô 4 Chỗ,Mưa,0.43896,0.792979,0,1,88.45,Đêm,1.73
Hải Phòng,,0,0.51,Ô Tô 4 Chỗ,Mưa Bão,0.25122,0.747414,8,0,90.84,Cao điểm Sáng,3
Hải Phòng,,3,13.32,Ô Tô 4 Chỗ,Nắng,0.979994,0.703929,2,0,95.97,Cao điểm Tối,1.3
Hà Nội,,2,7.35,Xe ViP,Mưa,0.364916,0.608545,5,0,89.19,Cao điểm Sáng,2.21
Cần Thơ,,2,4.97,Ô Tô 4 Chỗ,Mưa,0.794794,0.445401,15,0,91.83,Chiều,1.16
Hải Phòng,,1,4.52,Xe Máy,Nắng,0.28985,0.647539,16,0,90.73,Đêm,1.54
Cần Thơ,,2,9.33,Ô Tô 4 Chỗ,Nắng,0.608835,0.50688,21,0,92.61,Chiều,1
Hải Phòng,,4,14.95,Xe ViP,Mưa Bão,0.805118,0.929518,1,0,95.59,Đêm,1.59
Cần Thơ,,0,17.55,Ô Tô 4 Chỗ,Mưa,0.639734,0.888037,15,0,91,Đêm,1.76
Đà Nẵng,,1,2.47,Xe ViP,Mưa,0.498228,0.896738,17,0,94.24,Cao điểm Sáng,2.13
Cần Thơ,,0,14.4,Xe Máy,Mưa Bão,0.955922,0.891042,4,0,91.8,Đêm,1.33
Hà Nội,,2,16.32,Ô Tô 4 Chỗ,Mưa,0.235004,0.514532,18,0,86.57,Đêm,1.72
Đà Nẵng,,3,1.07,Xe Máy,Mưa Bão,0.94242,0.807694,6,0,93.9,Đêm,1.27
Hải Phòng,,0,13.02,Xe ViP,Nhiều Mây,0.787803,0.570032,7,0,93.81,Cao điểm Tối,1.24
Cần Thơ,,4,4.81,Ô Tô 4 Chỗ,Mưa,0.295324,0.587096,11,0,96.92,Cao điểm Sáng,2.24
Hải Phòng,,4,2.47,Xe ViP,Nhiều Mây,0.676495,0.682642,9,0,94.12,Chiều,1.01
Hải Phòng,,5,16.89,Xe ViP,Nhiều Mây,0.801655,0.406637,2,1,92.3,Chiều,1
Hải Phòng,,3,9.3,Xe ViP,Mưa Bão,0.902321,0.962552,8,0,83.16,Cao điểm Tối,2.42
Cần Thơ,,2,4.83,Xe ViP,Nhiều Mây,0.909266,0.494971,5,0,86.77,Cao điểm Sáng,1.38
Hải Phòng,,0,1.02,Xe Máy,Nhiều Mây,0.233861,0.891551,13,0,92.41,Cao điểm Sáng,2.13
Đà Nẵng,,4,9.28,Ô Tô 4 Chỗ,Nhiều Mây,0.627165,0.954451,15,0,92.88,Đêm,1.49
Hồ Chí Minh,,6,7.28,Ô Tô 4 Chỗ,Nhiều Mây,0.615167,0.738998,9,1,89.1,Cao điểm Sáng,1.53
Hồ Chí Minh,,4,8.4,Xe ViP,Nắng,0.638673,0.995221,20,0,87.63,Đêm,1.53
Hải Phòng,,5,11.2,Xe ViP,Nắng,0.28555,0.458858,18,1,96.32,Đêm,1.04
Hồ Chí Minh,,3,0.68,Xe Máy,Mưa Bão,0.876602,0.841069,0,0,91.7,Cao điểm Sáng,1.67
Hà Nội,,2,5.47,Ô Tô 4 Chỗ,Mưa Bão,0.751679,0.611858,19,0,93.35,Cao điểm Tối,2.16
Hà Nội,,4,3.54,Xe ViP,Mưa Bão,0.81845,0.449433,15,0,94.94,Cao điểm Sáng,1.55
Đà Nẵng,,6,7.47,Xe ViP,Mưa,0.369876,0.475272,11,1,89.03,Cao điểm Tối,2.28
Cần Thơ,,1,2.02,Xe Máy,Nắng,0.931108,0.885722,7,0,92.84,Đêm,1
Hồ Chí Minh,,1,14.94,Xe ViP,Nhiều Mây,0.271693,0.629537,5,0,91.59,Cao điểm Tối,1.75
Đà Nẵng,,0,13.87,Ô Tô 4 Chỗ,Mưa,0.925945,0.664838,15,0,95.32,Chiều,1.21
Đà Nẵng,,0,17.01,Ô Tô 4 Chỗ,Nhiều Mây,0.731745,0.605295,5,0,85.2,Chiều,1
Hải Phòng,,3,12.94,Ô Tô 4 Chỗ,Nhiều Mây,0.369972,0.600244,5,0,86.87,Chiều,1.35
Hà Nội,,3,19.31,Xe ViP,Nắng,0.764689,0.745266,2,0,89.33,Cao điểm Tối,1.13
Hà Nội,,5,1.06,Xe ViP,Mưa Bão,0.361867,0.569498,11,1,96.14,Đêm,1.7
Hải Phòng,,4,13.18,Ô Tô 4 Chỗ,Mưa,0.970824,0.994112,18,0,94.12,Cao điểm Tối,2.18
Đà Nẵng,,4,14.07,Xe Máy,Nhiều Mây,0.812215,0.513551,17,0,97.79,Đêm,1
Đà Nẵng,,4,11.81,Xe ViP,Nhiều Mây,0.367572,0.483308,5,0,91.87,Cao điểm Sáng,1.53
Hồ Chí Minh,,6,3.19,Xe ViP,Mưa,0.334279,0.933038,10,1,93.7,Đêm,2.19
Hải Phòng,,2,13.36,Xe Máy,Mưa,0.477606,0.414029,15,0,94.25,Đêm,1.27
Đà Nẵng,,2,0.95,Xe Máy,Mưa,0.551637,0.731689,22,0,92.73,Chiều,1.39
Hà Nội,,5,18.19,Xe Máy,Mưa,0.834239,0.440147,22,1,91.98,Đêm,1.22
Hải Phòng,,1,17.63,Ô Tô 4 Chỗ,Mưa Bão,0.833088,0.825673,1,0,99.22,Cao điểm Sáng,1.7
Hải Phòng,,6,2.82,Xe ViP,Mưa Bão,0.805922,0.850756,11,1,88.31,Đêm,1.36
Hải Phòng,,5,3.57,Xe ViP,Mưa Bão,0.821243,0.417792,17,1,90.87,Cao điểm Sáng,1.98
Hải Phòng,,1,16.18,Xe Máy,Mưa,0.258641,0.711144,1,0,85.31,Chiều,2.03
Đà Nẵng,,4,15.63,Xe Máy,Nắng,0.787442,0.838611,19,0,94.51,Cao điểm Tối,1.47
Cần Thơ,,5,4.34,Xe ViP,Nhiều Mây,0.685832,0.896007,23,1,83.94,Cao điểm Tối,1.54
Hải Phòng,,6,5.36,Xe ViP,Mưa,0.748401,0.854796,15,1,96.44,Cao điểm Tối,1.67
Đà Nẵng,,5,12.25,Xe Máy,Nắng,0.666793,0.531757,13,1,94.52,Đêm,1
Hồ Chí Minh,,3,4.48,Xe ViP,Nhiều Mây,0.666546,0.473015,11,0,97.87,Cao điểm Tối,1.13
Hà Nội,,2,5.13,Xe ViP,Mưa,0.247806,0.434294,14,0,86.32,Đêm,1.67
Hồ Chí Minh,,0,2.82,Xe Máy,Nắng,0.934767,0.844153,23,0,91.62,Cao điểm Tối,1.29
Cần Thơ,,0,8.15,Xe Máy,Nắng,0.752406,0.640006,9,0,88.3,Chiều,1
Cần Thơ,,6,4.07,Xe ViP,Mưa Bão,0.329921,0.888757,4,1,96.31,Cao điểm Tối,2.73
Hà Nội,,4,11.61,Ô Tô 4 Chỗ,Nhiều Mây,0.405021,0.911499,6,0,92.1,Chiều,1.76
Hồ Chí Minh,,5,16.14,Ô Tô 4 Chỗ,Mưa,0.4675,0.675245,11,1,86.2,Cao điểm Sáng,2.6
Hải Phòng,,2,16.79,Xe Máy,Nhiều Mây,0.517794,0.908744,21,0,90.67,Cao điểm Tối,1.85
Hải Phòng,,2,10.17,Ô Tô 4 Chỗ,Mưa,0.862462,0.817373,14,0,90.94,Đêm,1.2
Đà Nẵng,,4,18.58,Xe Máy,Mưa,0.645569,0.449098,3,0,86.52,Cao điểm Tối,2.48
Hải Phòng,,3,5.26,Ô Tô 4 Chỗ,Mưa,0.539598,0.891298,17,0,96.38,Cao điểm Sáng,2.89
Đà Nẵng,,3,5.45,Xe ViP,Nắng,0.349319,0.773399,17,0,88.79,Cao điểm Sáng,1.97
Đà Nẵng,,5,2.77,Ô Tô 4 Chỗ,Nắng,0.539187,0.99725,22,1,87.23,Cao điểm Tối,1.8
Hải Phòng,,2,10.08,Ô Tô 4 Chỗ,Nắng,0.876864,0.721112,2,0,96.9,Cao điểm Tối,1.25
Hải Phòng,,2,16.11,Ô Tô 4 Chỗ,Nhiều Mây,0.319034,0.532337,17,0,91.27,Cao điểm Sáng,1.69
Hà Nội,,1,7.05,Ô Tô 4 Chỗ,Nhiều Mây,0.859136,0.494657,12,0,94.59,Cao điểm Sáng,1.26
Hà Nội,,5,19.86,Ô Tô 4 Chỗ,Nắng,0.692269,0.714246,18,1,95.04,Cao điểm Sáng,1.14
Hồ Chí Minh,,1,0.53,Ô Tô 4 Chỗ,Nhiều Mây,0.753213,0.600522,3,0,93.25,Chiều,1
Cần Thơ,,0,7.42,Xe Máy,Nhiều Mây,0.635628,0.509305,16,0,83.93,Đêm,1
Cần Thơ,,6,1.29,Xe Máy,Mưa Bão,0.212705,0.517622,19,1,92.03,Cao điểm Sáng,2.34
Hồ Chí Minh,,3,6.13,Xe ViP,Mưa,0.870432,0.588778,22,0,84.26,Chiều,1.33
Cần Thơ,,4,2.95,Ô Tô 4 Chỗ,Nắng,0.88187,0.766562,18,0,90.65,Chiều,1
Đà Nẵng,,2,9.06,Ô Tô 4 Chỗ,Nắng,0.325725,0.487852,22,0,91.8,Cao điểm Tối,1.35
Hải Phòng,,5,1.25,Ô Tô 4 Chỗ,Mưa,0.515869,0.825841,8,1,96.09,Cao điểm Sáng,2.74
Hà Nội,,0,3.63,Ô Tô 4 Chỗ,Nhiều Mây,0.339056,0.757081,21,0,89.58,Cao điểm Tối,1.92
Đà Nẵng,,5,9.95,Ô Tô 4 Chỗ,Nắng,0.408976,0.935364,22,1,92.69,Chiều,1.52
Cần Thơ,,0,12.86,Xe ViP,Nắng,0.57914,0.748411,15,0,92,Cao điểm Tối,1.64
Hải Phòng,,1,3.65,Xe Máy,Nhiều Mây,0.223209,0.678627,9,0,85.97,Cao điểm Sáng,2.01
Cần Thơ,,1,7.33,Xe ViP,Mưa Bão,0.222588,0.92805,14,0,96.05,Đêm,2.22
Hồ Chí Minh,,5,5.67,Xe ViP,Nhiều Mây,0.790737,0.500341,14,1,97.7,Cao điểm Sáng,1.34
Đà Nẵng,,6,15.76,Ô Tô 4 Chỗ,Mưa Bão,0.736889,0.775595,4,1,98.81,Chiều,1.2
Hồ Chí Minh,,6,9.61,Xe Máy,Nắng,0.529485,0.93997,7,1,94.12,Cao điểm Tối,1.9
Đà Nẵng,,1,5.28,Ô Tô 4 Chỗ,Mưa Bão,0.282437,0.939593,21,0,90.85,Cao điểm Sáng,3.06
Hà Nội,,2,18.66,Xe Máy,Nhiều Mây,0.207539,0.476929,14,0,92.01,Chiều,1.4
Hải Phòng,,5,18.69,Xe ViP,Mưa Bão,0.406864,0.639262,1,1,92.41,Chiều,1.59
Hải Phòng,,2,13.89,Xe Máy,Mưa Bão,0.367401,0.642574,16,0,89.11,Chiều,1.58
Hải Phòng,,0,12.28,Ô Tô 4 Chỗ,Nhiều Mây,0.49737,0.915595,14,0,85.55,Cao điểm Tối,1.75
Đà Nẵng,,6,16.99,Xe Máy,Nhiều Mây,0.594955,0.742527,9,1,90.51,Chiều,1.03
Hồ Chí Minh,,5,7.76,Xe Máy,Mưa,0.227258,0.912183,11,1,92.2,Chiều,2.24
Đà Nẵng,,2,9.37,Xe ViP,Mưa,0.648763,0.892442,3,0,85.85,Chiều,1.68
Hà Nội,,2,5,Xe Máy,Mưa,0.278318,0.774337,18,0,93.02,Cao điểm Tối,3.14
Hải Phòng,,5,6.19,Xe Máy,Nhiều Mây,0.611746,0.599159,13,1,96.48,Chiều,1
Đà Nẵng,,2,6.24,Xe Máy,Nhiều Mây,0.890144,0.690671,11,0,95.31,Cao điểm Sáng,1.15
Hà Nội,,1,11.94,Ô Tô 4 Chỗ,Mưa,0.468748,0.691994,14,0,86.36,Đêm,1.68
Đà Nẵng,,3,2.35,Xe ViP,Mưa Bão,0.808063,0.920338,0,0,87.16,Cao điểm Sáng,2.02
Hà Nội,,6,2.15,Ô Tô 4 Chỗ,Nắng,0.790555,0.985463,20,1,89.34,Cao điểm Sáng,1.44
Đà Nẵng,,4,12.59,Xe Máy,Mưa Bão,0.452997,0.970181,11,0,87.74,Đêm,2.08
Hà Nội,,1,0.59,Xe ViP,Nhiều Mây,0.463109,0.936004,8,0,97.43,Chiều,1.71
Hồ Chí Minh,,1,2.51,Xe ViP,Nhiều Mây,0.289619,0.808504,12,0,89.06,Cao điểm Sáng,1.98
Đà Nẵng,,3,17.09,Ô Tô 4 Chỗ,Nắng,0.642877,0.513394,13,0,88.63,Cao điểm Tối,1.15
Hà Nội,,2,13.23,Xe ViP,Mưa Bão,0.201865,0.435319,15,0,87.44,Cao điểm Tối,2.68
Hải Phòng,,0,4.3,Ô Tô 4 Chỗ,Nắng,0.480209,0.414742,15,0,85.99,Cao điểm Tối,1.12
Hồ Chí Minh,,0,12.8,Ô Tô 4 Chỗ,Mưa Bão,0.521708,0.506942,16,0,87.25,Cao điểm Sáng,1.81
Hồ Chí Minh,,1,12.83,Xe Máy,Mưa,0.870614,0.90887,18,0,95.78,Cao điểm Tối,1.75
Đà Nẵng,,4,6.37,Xe ViP,Nhiều Mây,0.46183,0.547113,16,0,86.92,Cao điểm Tối,1.5
Hồ Chí Minh,,2,1.63,Xe Máy,Mưa,0.586094,0.938036,19,0,87.04,Chiều,1.79
Hà Nội,,2,4.76,Xe ViP,Nhiều Mây,0.506089,0.563946,16,0,94.88,Cao điểm Tối,1.2
Hà Nội,,1,6.05,Xe ViP,Nhiều Mây,0.221408,0.645961,12,0,91.18,Đêm,1.64
Hồ Chí Minh,,5,12.56,Xe Máy,Nhiều Mây,0.227968,0.420575,12,1,84.45,Đêm,1.29
Hà Nội,,3,5.44,Xe ViP,Nhiều Mây,0.705884,0.873586,15,0,85.84,Cao điểm Sáng,1.52
Đà Nẵng,,4,4.02,Xe ViP,Mưa,0.469563,0.736546,1,0,85.47,Cao điểm Sáng,2.82
Cần Thơ,,5,6.07,Xe Máy,Nắng,0.272075,0.559247,22,1,84.58,Đêm,1.36
Hải Phòng,,6,6.36,Xe ViP,Mưa,0.954836,0.989825,22,1,89.97,Cao điểm Tối,1.98
Hải Phòng,,4,3.6,Xe ViP,Nắng,0.560707,0.838291,1,0,86.91,Cao điểm Sáng,1.52
Hồ Chí Minh,,5,17.17,Xe Máy,Nhiều Mây,0.752091,0.539826,11,1,86.17,Chiều,1
Hà Nội,,1,11.12,Ô Tô 4 Chỗ,Nắng,0.299088,0.477321,21,0,87.31,Cao điểm Tối,1.58
Đà Nẵng,,0,19.61,Xe ViP,Mưa Bão,0.94047,0.849373,19,0,92.28,Đêm,1.19
Hải Phòng,,3,14.82,Xe Máy,Nhiều Mây,0.418532,0.416756,16,0,87.63,Cao điểm Tối,1.23
Đà Nẵng,,0,11.21,Xe Máy,Nhiều Mây,0.415722,0.803804,6,0,91.26,Chiều,1.58
Hải Phòng,,5,4.65,Ô Tô 4 Chỗ,Mưa,0.839806,0.642879,23,1,93.91,Cao điểm Sáng,2.2
Cần Thơ,,2,7.91,Xe Máy,Mưa,0.620667,0.482544,9,0,85.72,Chiều,1.12
Hồ Chí Minh,,2,0.51,Xe ViP,Nắng,0.448014,0.718738,18,0,86.89,Cao điểm Tối,1.65
Hồ Chí Minh,,0,1.61,Xe Máy,Nhiều Mây,0.786968,0.891065,11,0,95.03,Đêm,1.16
Hồ Chí Minh,,2,10.59,Ô Tô 4 Chỗ,Nhiều Mây,0.779618,0.975529,18,0,89.15,Đêm,1.29
Cần Thơ,,5,8.29,Ô Tô 4 Chỗ,Nhiều Mây,0.827699,0.922417,14,1,93.94,Cao điểm Sáng,1.2
Hải Phòng,,1,8.46,Xe ViP,Mưa Bão,0.793698,0.547447,10,0,93.84,Cao điểm Sáng,1.93
Hồ Chí Minh,,3,9.84,Xe Máy,Mưa Bão,0.364306,0.736564,22,0,92.16,Cao điểm Tối,3.01
Hà Nội,,0,1.78,Xe Máy,Nắng,0.791684,0.538658,23,0,97.26,Chiều,1
Hồ Chí Minh,,4,15.78,Xe Máy,Mưa,0.430243,0.654249,14,0,88.78,Đêm,1.47
Hồ Chí Minh,,1,12.9,Xe ViP,Nắng,0.202056,0.472081,19,0,95.02,Chiều,1.41
Đà Nẵng,,4,14.33,Xe Máy,Nhiều Mây,0.778292,0.581478,22,0,95.58,Chiều,1
Hồ Chí Minh,,6,14.01,Ô Tô 4 Chỗ,Nhiều Mây,0.799626,0.526674,21,1,86.05,Cao điểm Tối,1.1
Hải Phòng,,6,10.23,Ô Tô 4 Chỗ,Mưa Bão,0.670708,0.720713,21,1,95.92,Đêm,1.39
Cần Thơ,,3,4.99,Ô Tô 4 Chỗ,Nắng,0.379326,0.440451,10,0,89.01,Cao điểm Sáng,1.41
Đà Nẵng,,1,19.02,Ô Tô 4 Chỗ,Mưa,0.973138,0.50024,1,0,95.08,Cao điểm Sáng,1.63
Hải Phòng,,2,11.93,Xe ViP,Nhiều Mây,0.982371,0.99683,20,0,95.74,Đêm,1.02
Cần Thơ,,6,10.96,Xe Máy,Mưa,0.501973,0.999127,3,1,88.47,Cao điểm Tối,2.56
Hồ Chí Minh,,2,16.48,Xe Máy,Mưa,0.378837,0.955162,0,0,94.24,Đêm,2.23
Cần Thơ,,6,0.54,Xe Máy,Mưa,0.357753,0.579774,3,1,90.31,Đêm,1.54
Cần Thơ,,5,6.89,Xe ViP,Mưa Bão,0.519167,0.561956,9,1,93.64,Chiều,1.26
Hồ Chí Minh,,6,17.18,Xe ViP,Mưa,0.262921,0.458496,16,1,83.8,Cao điểm Tối,2.18
Cần Thơ,,3,17.23,Xe ViP,Nhiều Mây,0.491007,0.801239,6,0,95.91,Cao điểm Tối,1.78
Hải Phòng,,6,11.64,Ô Tô 4 Chỗ,Mưa,0.910151,0.932803,23,1,90.28,Cao điểm Sáng,1.89
Hải Phòng,,6,0.64,Xe ViP,Mưa,0.460407,0.456212,21,1,93.85,Cao điểm Sáng,1.88
Hồ Chí Minh,,6,1.84,Xe ViP,Nhiều Mây,0.201584,0.999022,4,1,99.06,Cao điểm Sáng,2.59
Hồ Chí Minh,,3,14.58,Xe Máy,Mưa Bão,0.2459,0.738521,18,0,88.44,Đêm,1.86
Cần Thơ,,1,13.01,Ô Tô 4 Chỗ,Nhiều Mây,0.878973,0.889046,21,0,93.95,Cao điểm Tối,1.24
Đà Nẵng,,0,2.21,Xe ViP,Mưa,0.797584,0.49549,13,0,98.36,Cao điểm Sáng,1.86
Hà Nội,,6,19.24,Xe ViP,Mưa Bão,0.333474,0.927701,21,1,96.91,Cao điểm Sáng,2.67
Hà Nội,,1,13.59,Xe Máy,Mưa,0.642437,0.82369,11,0,95.35,Cao điểm Tối,1.82
Hồ Chí Minh,,4,13.72,Xe ViP,Mưa Bão,0.91375,0.726825,8,0,91.62,Cao điểm Sáng,1.67
Hải Phòng,,4,9.98,Ô Tô 4 Chỗ,Nắng,0.663089,0.948302,10,0,92.2,Cao điểm Sáng,1.76
Hải Phòng,,1,6.3,Ô Tô 4 Chỗ,Nắng,0.488923,0.852617,17,0,95.29,Cao điểm Sáng,1.91
Cần Thơ,,4,10.53,Xe Máy,Mưa,0.882476,0.652832,4,0,85.72,Cao điểm Sáng,1.83
Đà Nẵng,,3,7.11,Xe Máy,Mưa Bão,0.408632,0.765306,6,0,87.81,Cao điểm Tối,2.34
Hồ Chí Minh,,4,5.9,Xe Máy,Nhiều Mây,0.488015,0.591599,9,0,92.83,Cao điểm Tối,1.31
Hà Nội,,6,9.2,Xe ViP,Nắng,0.907898,0.494325,5,1,84.96,Cao điểm Sáng,1.14
Hồ Chí Minh,,1,8.76,Xe ViP,Nhiều Mây,0.244466,0.595642,5,0,87.23,Đêm,1.53
Cần Thơ,,6,17.25,Xe Máy,Nắng,0.638825,0.821711,4,1,97.54,Cao điểm Sáng,1.27
Hải Phòng,,6,14.3,Ô Tô 4 Chỗ,Nhiều Mây,0.262075,0.973372,22,1,92.6,Chiều,2.05
Hải Phòng,,6,19.84,Xe ViP,Nắng,0.287514,0.900046,8,1,94.56,Cao điểm Tối,2.13
Cần Thơ,,2,12.97,Xe ViP,Mưa Bão,0.306751,0.665653,16,0,88.93,Đêm,1.7
Đà Nẵng,,1,9,Ô Tô 4 Chỗ,Mưa,0.991658,0.635468,0,0,96.82,Chiều,1.26
Hà Nội,,2,1.2,Xe ViP,Mưa,0.737475,0.818433,7,0,91.77,Cao điểm Sáng,1.72
Đà Nẵng,,0,3.11,Ô Tô 4 Chỗ,Nắng,0.724182,0.879116,15,0,92.86,Đêm,1.23
Hải Phòng,,3,4.44,Ô Tô 4 Chỗ,Mưa,0.682545,0.946446,22,0,96.1,Cao điểm Sáng,2.3
Hồ Chí Minh,,5,13.63,Xe ViP,Nhiều Mây,0.69022,0.476855,6,1,88.11,Cao điểm Sáng,1.18
Cần Thơ,,0,15.32,Ô Tô 4 Chỗ,Mưa Bão,0.807111,0.587733,5,0,91.87,Đêm,1.32
Đà Nẵng,,2,9.67,Xe Máy,Nắng,0.824872,0.664679,15,0,96.87,Chiều,1
Hải Phòng,,6,19.16,Xe ViP,Nắng,0.542203,0.498103,2,1,95.03,Chiều,1
Cần Thơ,,1,14.05,Ô Tô 4 Chỗ,Mưa,0.299701,0.454876,1,0,98.2,Đêm,1.35
Hà Nội,,3,5.4,Ô Tô 4 Chỗ,Nhiều Mây,0.315158,0.946737,8,0,98.38,Đêm,1.95
Hà Nội,,3,11.09,Xe ViP,Nắng,0.34023,0.42283,10,0,97.33,Cao điểm Sáng,1.23
Hải Phòng,,2,4.24,Xe ViP,Mưa Bão,0.761235,0.898132,7,0,94.66,Chiều,1.47
Hải Phòng,,5,3.11,Xe ViP,Nắng,0.806823,0.725533,14,1,91.48,Cao điểm Sáng,1.01
Đà Nẵng,,0,2.92,Xe ViP,Nhiều Mây,0.899543,0.402822,17,0,84.22,Chiều,1
Hồ Chí Minh,,2,11.17,Ô Tô 4 Chỗ,Nhiều Mây,0.272915,0.670778,6,0,87.86,Đêm,1.6
Hồ Chí Minh,,6,8.98,Ô Tô 4 Chỗ,Mưa Bão,0.634799,0.494661,15,1,85.17,Chiều,1.18
Hà Nội,,0,6.8,Xe Máy,Nhiều Mây,0.821868,0.571555,18,0,96.47,Chiều,1
Đà Nẵng,,2,6.63,Ô Tô 4 Chỗ,Mưa Bão,0.809975,0.568288,6,0,85.71,Đêm,1.19
Hà Nội,,2,10.99,Xe Máy,Mưa Bão,0.347256,0.57589,22,0,92.21,Chiều,1.45
Hải Phòng,,6,17.96,Ô Tô 4 Chỗ,Nhiều Mây,0.490695,0.402101,16,1,94.67,Chiều,1
Hà Nội,,1,2.9,Xe Máy,Nắng,0.33062,0.515055,0,0,93.92,Đêm,1.28
Hồ Chí Minh,,3,18.98,Xe ViP,Nắng,0.795884,0.769801,22,0,87.62,Cao điểm Sáng,1.19
Cần Thơ,,0,2.94,Ô Tô 4 Chỗ,Mưa Bão,0.750524,0.972578,10,0,95.21,Cao điểm Tối,2.16
Hải Phòng,,6,4.13,Xe ViP,Nhiều Mây,0.886759,0.967501,22,1,97.49,Chiều,1.04
Hải Phòng,,6,4.01,Xe Máy,Mưa Bão,0.422941,0.449828,10,1,85.52,Chiều,1.42
Cần Thơ,,3,15.5,Xe Máy,Mưa Bão,0.569807,0.436072,12,0,89.91,Chiều,1.15
Hồ Chí Minh,,1,11.78,Xe Máy,Mưa,0.824655,0.546284,17,0,99.03,Cao điểm Sáng,2.44
Hải Phòng,,3,13.55,Xe Máy,Nắng,0.827756,0.417467,18,0,95.98,Chiều,1
Hải Phòng,,2,1.67,Ô Tô 4 Chỗ,Nắng,0.513941,0.99434,12,0,92.69,Chiều,1.72
Đà Nẵng,,4,5.14,Xe ViP,Nắng,0.570425,0.991191,5,0,97.38,Chiều,1.63
Hồ Chí Minh,,2,19.36,Xe ViP,Nhiều Mây,0.704947,0.95582,13,0,93.7,Cao điểm Sáng,1.66
Đà Nẵng,,2,3.21,Ô Tô 4 Chỗ,Mưa,0.741038,0.912203,14,0,90.9,Cao điểm Sáng,2.57
Hà Nội,,1,4.08,Ô Tô 4 Chỗ,Nắng,0.407885,0.607501,6,0,92.15,Cao điểm Sáng,1.66
Hà Nội,,1,4.88,Ô Tô 4 Chỗ,Nắng,0.572061,0.666991,10,0,91.4,Cao điểm Tối,1.34
Hồ Chí Minh,,1,19.9,Ô Tô 4 Chỗ,Mưa,0.849141,0.463855,21,0,97.28,Cao điểm Sáng,2.38
Cần Thơ,,0,13.65,Xe Máy,Mưa Bão,0.315064,0.707857,18,0,92.92,Đêm,1.82
Đà Nẵng,,5,17.46,Xe ViP,Nắng,0.982447,0.685772,1,1,96.3,Cao điểm Sáng,1.09
Đà Nẵng,,6,16.95,Ô Tô 4 Chỗ,Mưa,0.881193,0.589067,19,1,90.7,Chiều,1.19
Đà Nẵng,,0,18.85,Xe Máy,Nhiều Mây,0.952056,0.865656,4,0,88.12,Cao điểm Sáng,1.16
Đà Nẵng,,4,19.5,Xe ViP,Nhiều Mây,0.772678,0.559714,6,0,89.84,Chiều,1
Hà Nội,,2,7.82,Ô Tô 4 Chỗ,Nắng,0.735146,0.939082,12,0,84.67,Đêm,1.31
Hải Phòng,,0,17.92,Xe Máy,Mưa,0.86271,0.726921,18,0,90.42,Cao điểm Sáng,2.16
Đà Nẵng,,0,14.34,Ô Tô 4 Chỗ,Mưa,0.854827,0.712734,14,0,89.17,Đêm,1.29
Cần Thơ,,3,17.35,Ô Tô 4 Chỗ,Nắng,0.341932,0.789997,15,0,97.75,Cao điểm Sáng,2.03
Đà Nẵng,,5,3.8,Xe Máy,Nắng,0.331241,0.547272,11,1,94.9,Chiều,1.22
Đà Nẵng,,3,8.35,Xe Máy,Mưa Bão,0.300048,0.726269,6,0,88.8,Đêm,1.92
Cần Thơ,,6,5.39,Ô Tô 4 Chỗ,Mưa,0.952041,0.458813,20,1,92.5,Đêm,1.35
Hồ Chí Minh,,3,13.44,Xe ViP,Nhiều Mây,0.423213,0.429943,13,0,96.01,Chiều,1.01
Hải Phòng,,1,11.21,Xe Máy,Mưa Bão,0.676693,0.457694,6,0,95.61,Cao điểm Sáng,1.97
Hải Phòng,,0,15.03,Ô Tô 4 Chỗ,Mưa Bão,0.986272,0.808496,13,0,97.46,Đêm,1.15
Hà Nội,,2,1.68,Xe Máy,Nắng,0.833386,0.89179,11,0,97.84,Cao điểm Tối,1.25
Cần Thơ,,3,17.19,Xe Máy,Nắng,0.751176,0.606534,0,0,85.09,Cao điểm Tối,1.35
Hồ Chí Minh,,0,8.21,Ô Tô 4 Chỗ,Nắng,0.982016,0.658008,21,0,87.79,Cao điểm Sáng,1.15
Hà Nội,,4,12.5,Xe ViP,Nắng,0.257877,0.446423,17,0,96.72,Cao điểm Tối,1.55
Hồ Chí Minh,,2,12.44,Xe ViP,Mưa Bão,0.385948,0.658835,3,0,93,Cao điểm Sáng,2.34
Hà Nội,,0,8.08,Xe Máy,Mưa,0.738313,0.483678,0,0,96.44,Chiều,1.26
Hải Phòng,,3,16.03,Ô Tô 4 Chỗ,Nắng,0.7329,0.664659,15,0,90.26,Chiều,1
Đà Nẵng,,0,13.34,Ô Tô 4 Chỗ,Nhiều Mây,0.307339,0.52534,3,0,86,Cao điểm Sáng,1.51
Hải Phòng,,1,15.99,Xe Máy,Nhiều Mây,0.755646,0.760043,6,0,87.54,Đêm,1.01
Hồ Chí Minh,,6,8.88,Ô Tô 4 Chỗ,Nắng,0.329513,0.549979,17,1,87.38,Cao điểm Sáng,1.49
Hà Nội,,2,8.13,Ô Tô 4 Chỗ,Mưa,0.570304,0.634377,19,0,97.19,Đêm,1.42
Hà Nội,,1,15.87,Ô Tô 4 Chỗ,Nhiều Mây,0.201037,0.91271,14,0,95.79,Đêm,2.07
Hà Nội,,6,17.69,Xe Máy,Nắng,0.668463,0.512152,8,1,94.8,Đêm,1
Hải Phòng,,6,5.67,Ô Tô 4 Chỗ,Mưa Bão,0.250646,0.627602,0,1,96.7,Đêm,1.83
Hà Nội,,1,5.19,Xe ViP,Mưa Bão,0.815018,0.610511,22,0,91.69,Cao điểm Tối,2.05
Hải Phòng,,2,6.81,Xe Máy,Nắng,0.875936,0.89635,17,0,96.67,Cao điểm Sáng,1.32
Hà Nội,,1,10.62,Xe Máy,Nhiều Mây,0.767219,0.635703,15,0,91.88,Chiều,1
Hải Phòng,,4,7.75,Ô Tô 4 Chỗ,Nhiều Mây,0.598558,0.485395,13,0,93.25,Đêm,1
Hải Phòng,,0,19.33,Xe ViP,Nắng,0.53906,0.461979,17,0,96.51,Cao điểm Tối,1.33
Cần Thơ,,3,3.33,Xe Máy,Nhiều Mây,0.952062,0.459915,17,0,88.4,Đêm,1
Đà Nẵng,,2,1.32,Ô Tô 4 Chỗ,Nắng,0.924135,0.865281,12,0,89.65,Cao điểm Sáng,1.19
Hà Nội,,5,3.38,Xe ViP,Nắng,0.417303,0.610875,3,1,89.82,Đêm,1.29
Hồ Chí Minh,,4,5.81,Ô Tô 4 Chỗ,Nắng,0.911317,0.971767,19,0,86.48,Cao điểm Tối,1.38
Cần Thơ,,5,2.11,Xe ViP,Mưa Bão,0.779758,0.541714,20,1,95.83,Chiều,1.14
Đà Nẵng,,2,19.21,Ô Tô 4 Chỗ,Nhiều Mây,0.511806,0.910873,9,0,90.58,Chiều,1.6
Đà Nẵng,,0,1.75,Xe Máy,Mưa,0.233921,0.65802,16,0,86.46,Chiều,1.88
Hải Phòng,,3,13.81,Xe Máy,Nắng,0.728596,0.752027,10,0,96.31,Đêm,1.04
Hải Phòng,,1,14.1,Xe Máy,Nhiều Mây,0.36529,0.675603,17,0,92.39,Đêm,1.47
Hồ Chí Minh,,2,13.97,Ô Tô 4 Chỗ,Mưa Bão,0.354673,0.532535,9,0,84.31,Cao điểm Tối,2.72
Đà Nẵng,,0,15.59,Xe Máy,Nhiều Mây,0.565167,0.790465,10,0,88.83,Đêm,1.34
Hải Phòng,,6,14.11,Xe ViP,Mưa Bão,0.903213,0.908261,10,1,89.99,Cao điểm Sáng,1.68
Hồ Chí Minh,,1,0.98,Xe Máy,Mưa Bão,0.21462,0.43587,18,0,95.52,Cao điểm Sáng,2.37
Hà Nội,,6,15.19,Xe Máy,Nhiều Mây,0.243994,0.777249,13,1,93.64,Cao điểm Tối,1.92
Hồ Chí Minh,,0,12.39,Ô Tô 4 Chỗ,Nhiều Mây,0.920677,0.663323,20,0,90.01,Chiều,1
Hồ Chí Minh,,3,16.32,Xe Máy,Nắng,0.564613,0.771515,8,0,96.02,Chiều,1.31
Cần Thơ,,4,7.37,Ô Tô 4 Chỗ,Nhiều Mây,0.452078,0.850039,9,0,96.64,Cao điểm Tối,1.95
Cần Thơ,,0,4.58,Ô Tô 4 Chỗ,Nắng,0.222179,0.53153,21,0,96.34,Cao điểm Sáng,1.64
Hải Phòng,,4,3.76,Xe ViP,Nắng,0.514166,0.429374,10,0,90.38,Cao điểm Tối,1.26
Đà Nẵng,,6,1.28,Xe Máy,Nhiều Mây,0.657738,0.400619,13,1,89.74,Chiều,1
Hải Phòng,,0,18.13,Ô Tô 4 Chỗ,Mưa Bão,0.960384,0.979867,16,0,95.02,Đêm,1.18
Hải Phòng,,0,18.89,Xe ViP,Mưa Bão,0.886134,0.550953,8,0,86.39,Chiều,1.18
Hồ Chí Minh,,1,3.76,Xe Máy,Nhiều Mây,0.659895,0.642821,2,0,88.44,Đêm,1
Hà Nội,,4,14.31,Xe Máy,Nắng,0.223748,0.513758,2,0,92.83,Cao điểm Sáng,1.63
Hải Phòng,,4,8.03,Ô Tô 4 Chỗ,Mưa Bão,0.42606,0.751237,11,0,87.53,Cao điểm Sáng,2.42
Hà Nội,,0,13.69,Ô Tô 4 Chỗ,Mưa Bão,0.605056,0.499859,15,0,94.44,Chiều,1.22
Hồ Chí Minh,,5,3.72,Xe ViP,Mưa,0.219549,0.810945,3,1,90.34,Cao điểm Tối,2.92
Đà Nẵng,,3,17.54,Ô Tô 4 Chỗ,Nhiều Mây,0.910873,0.872901,10,0,89.25,Chiều,1
Cần Thơ,,1,1.54,Xe ViP,Mưa Bão,0.696269,0.525272,11,0,84.56,Đêm,1.13
Đà Nẵng,,1,9.77,Xe ViP,Mưa Bão,0.53564,0.602766,15,0,89.8,Đêm,1.31
Hải Phòng,,2,7.39,Ô Tô 4 Chỗ,Mưa,0.673311,0.592573,16,0,97.39,Đêm,1.23
Cần Thơ,,3,11.41,Xe Máy,Nắng,0.493891,0.479647,19,0,93.73,Cao điểm Sáng,1.2
Cần Thơ,,3,3.46,Ô Tô 4 Chỗ,Mưa,0.206142,0.96067,22,0,94.55,Cao điểm Sáng,3.01
Hải Phòng,,2,5.25,Xe ViP,Mưa,0.927432,0.77725,23,0,92.12,Cao điểm Sáng,1.65
Đà Nẵng,,1,8.08,Xe ViP,Mưa Bão,0.768081,0.677391,20,0,92.53,Chiều,1.36
Đà Nẵng,,2,1.69,Xe ViP,Nắng,0.982478,0.819164,18,0,90.49,Cao điểm Sáng,1.37
Hồ Chí Minh,,3,7.01,Ô Tô 4 Chỗ,Nhiều Mây,0.579879,0.856436,15,0,89.55,Cao điểm Sáng,1.76
Hà Nội,,4,5.14,Xe ViP,Mưa Bão,0.268537,0.441218,2,0,96.49,Cao điểm Sáng,2.5
Hồ Chí Minh,,2,16.15,Xe ViP,Mưa Bão,0.222336,0.822308,17,0,92.01,Chiều,2.14
Đà Nẵng,,5,18.44,Ô Tô 4 Chỗ,Mưa Bão,0.697831,0.500034,15,1,89.44,Cao điểm Tối,2.39
Hải Phòng,,2,2.42,Xe Máy,Nhiều Mây,0.744996,0.661684,13,0,91.54,Cao điểm Sáng,1.39
Hải Phòng,,1,13.41,Ô Tô 4 Chỗ,Mưa Bão,0.250999,0.753986,19,0,86.38,Đêm,1.97
Hà Nội,,5,1.93,Xe Máy,Mưa Bão,0.696654,0.713049,17,1,98.55,Cao điểm Sáng,2.2
Đà Nẵng,,0,2.83,Xe ViP,Nhiều Mây,0.997756,0.476357,8,0,92.91,Đêm,1
Cần Thơ,,1,8.95,Ô Tô 4 Chỗ,Nắng,0.622899,0.654919,2,0,94.84,Đêm,1.05
Hà Nội,,4,7.13,Xe Máy,Nắng,0.700636,0.512982,12,0,99.11,Chiều,1
Hải Phòng,,1,7.94,Xe ViP,Mưa,0.761748,0.768978,13,0,85.36,Cao điểm Tối,2.44
Hồ Chí Minh,,2,18.37,Ô Tô 4 Chỗ,Nhiều Mây,0.750351,0.637882,5,0,88.19,Đêm,1
Cần Thơ,,5,5.68,Ô Tô 4 Chỗ,Nhiều Mây,0.475483,0.504792,11,1,85.74,Chiều,1
Hải Phòng,,2,19.2,Ô Tô 4 Chỗ,Mưa,0.960144,0.918399,6,0,87.34,Cao điểm Sáng,1.65
Cần Thơ,,6,13.64,Xe Máy,Mưa Bão,0.597525,0.90732,11,1,91.88,Cao điểm Sáng,2.75
Cần Thơ,,2,10.7,Xe ViP,Mưa,0.455963,0.780115,13,0,95.26,Chiều,1.64
Cần Thơ,,4,18.25,Ô Tô 4 Chỗ,Mưa,0.408207,0.440209,2,0,84.36,Chiều,1.31
Hồ Chí Minh,,2,11.34,Xe Máy,Mưa Bão,0.947454,0.703176,6,0,90.59,Cao điểm Tối,1.83
Cần Thơ,,6,7.21,Xe ViP,Mưa,0.464494,0.991185,19,1,95.16,Đêm,1.93
Hải Phòng,,2,12.72,Xe ViP,Nhiều Mây,0.378003,0.636733,23,0,96.35,Cao điểm Sáng,1.67
Đà Nẵng,,5,11.44,Ô Tô 4 Chỗ,Nhiều Mây,0.775618,0.471189,19,1,96.23,Chiều,1
Hải Phòng,,1,16.47,Ô Tô 4 Chỗ,Nhiều Mây,0.759795,0.68969,0,0,93.61,Chiều,1
Đà Nẵng,,0,17.84,Xe Máy,Nhiều Mây,0.582309,0.542117,13,0,92.74,Chiều,1
Hải Phòng,,3,14.61,Xe ViP,Nhiều Mây,0.600692,0.657932,13,0,90.07,Cao điểm Sáng,1.35
Hà Nội,,6,2.92,Ô Tô 4 Chỗ,Nắng,0.469651,0.561946,18,1,92.2,Đêm,1.14
Hồ Chí Minh,,5,18.26,Ô Tô 4 Chỗ,Mưa Bão,0.767522,0.739701,5,1,97.45,Đêm,1.16
Hải Phòng,,5,3.25,Xe Máy,Nhiều Mây,0.39568,0.53207,14,1,97.39,Đêm,1
Hà Nội,,1,18.11,Ô Tô 4 Chỗ,Mưa Bão,0.4332,0.534757,23,0,92.89,Cao điểm Sáng,1.84
Cần Thơ,,0,2.97,Xe Máy,Nhiều Mây,0.84691,0.735982,18,0,86.46,Cao điểm Tối,1.18
Hải Phòng,,1,12.43,Ô Tô 4 Chỗ,Mưa,0.620875,0.491553,7,0,92.95,Chiều,1.32
Hà Nội,,2,0.79,Xe ViP,Nhiều Mây,0.408727,0.796397,23,0,84.37,Cao điểm Sáng,1.73
Đà Nẵng,,2,5.58,Xe Máy,Mưa,0.340514,0.443248,15,0,86.55,Đêm,1.46
Hồ Chí Minh,,3,18.12,Xe ViP,Mưa Bão,0.944425,0.42479,14,0,90.02,Chiều,1.21
Hồ Chí Minh,,5,16.58,Xe ViP,Nắng,0.201205,0.863363,13,1,85.62,Đêm,1.99
Hà Nội,,3,2.35,Ô Tô 4 Chỗ,Mưa,0.450691,0.847982,18,0,93,Chiều,1.88
Hồ Chí Minh,,5,2.81,Xe Máy,Nắng,0.53433,0.456352,4,1,83.37,Cao điểm Sáng,1.37
Đà Nẵng,,2,16.68,Xe ViP,Mưa Bão,0.768096,0.560935,0,0,95.46,Cao điểm Sáng,1.6
Cần Thơ,,6,15.3,Ô Tô 4 Chỗ,Mưa,0.337155,0.490488,10,1,90.44,Cao điểm Sáng,2.7
Cần Thơ,,0,12.08,Xe ViP,Mưa Bão,0.877629,0.593634,12,0,91.9,Đêm,1.26
Hồ Chí Minh,,2,9.95,Ô Tô 4 Chỗ,Mưa Bão,0.638702,0.40197,14,0,91.94,Chiều,1.19
Hà Nội,,3,8.89,Ô Tô 4 Chỗ,Mưa Bão,0.228512,0.918994,22,0,90.91,Chiều,2.26
Hải Phòng,,5,6.94,Xe Máy,Mưa,0.322411,0.641536,12,1,85.46,Cao điểm Tối,2.37
Đà Nẵng,,4,8.39,Ô Tô 4 Chỗ,Mưa Bão,0.210882,0.861512,22,0,97.28,Cao điểm Tối,3.07
Hồ Chí Minh,,0,3.32,Xe Máy,Mưa,0.95945,0.855055,21,0,97.68,Cao điểm Tối,2.38
Cần Thơ,,5,7.74,Xe Máy,Nắng,0.670047,0.656739,21,1,94.9,Chiều,1
Hải Phòng,,4,10.46,Xe Máy,Mưa,0.524807,0.648297,3,0,98.18,Chiều,1.52
Cần Thơ,,4,6.07,Xe ViP,Mưa Bão,0.263101,0.789446,1,0,88.75,Chiều,2.13
Đà Nẵng,,5,13.28,Xe Máy,Mưa Bão,0.587626,0.60956,16,1,84.67,Chiều,1.27
Hồ Chí Minh,,0,18.57,Xe ViP,Mưa Bão,0.818471,0.615659,2,0,90.3,Đêm,1.13
Hải Phòng,,0,12.56,Xe Máy,Nắng,0.546431,0.428297,12,0,89.35,Đêm,1
Đà Nẵng,,5,6.87,Xe Máy,Nắng,0.727224,0.779616,14,1,97.03,Đêm,1
Hải Phòng,,2,3.33,Ô Tô 4 Chỗ,Mưa Bão,0.76024,0.570752,18,0,94.1,Cao điểm Tối,1.84
Hải Phòng,,4,10.62,Ô Tô 4 Chỗ,Mưa Bão,0.741676,0.767232,17,0,93.03,Cao điểm Tối,1.63
Hồ Chí Minh,,2,10.74,Ô Tô 4 Chỗ,Nhiều Mây,0.938671,0.955721,3,0,94.87,Cao điểm Tối,1.25
Cần Thơ,,4,11.1,Xe Máy,Nhiều Mây,0.796029,0.484819,3,0,89.75,Đêm,1
Hải Phòng,,5,15.68,Xe Máy,Mưa,0.936417,0.803886,17,1,88.67,Cao điểm Sáng,1.85
Cần Thơ,,0,11.88,Xe ViP,Nhiều Mây,0.586141,0.78734,4,0,94.29,Cao điểm Tối,1.61
Hồ Chí Minh,,2,7.21,Ô Tô 4 Chỗ,Mưa,0.852743,0.412968,14,0,90.14,Đêm,1.26
Hải Phòng,,5,9.51,Xe ViP,Nhiều Mây,0.799792,0.544814,19,1,95.11,Cao điểm Sáng,1.19
Hải Phòng,,3,6.57,Ô Tô 4 Chỗ,Mưa Bão,0.911633,0.853524,2,0,90.97,Đêm,1.3
Hồ Chí Minh,,3,17.86,Ô Tô 4 Chỗ,Mưa,0.637213,0.915097,15,0,84.36,Chiều,1.63
Hồ Chí Minh,,5,6.21,Xe ViP,Nắng,0.284535,0.907517,8,1,87.77,Cao điểm Sáng,2.23
Cần Thơ,,3,3.33,Xe Máy,Nắng,0.327399,0.65941,0,0,87.49,Cao điểm Tối,1.71
Đà Nẵng,,6,13.55,Xe Máy,Mưa,0.405184,0.6808,12,1,87.58,Đêm,1.63
Hà Nội,,4,2.05,Xe Máy,Nắng,0.294808,0.432765,12,0,93.25,Chiều,1.21
Hồ Chí Minh,,2,12.06,Xe ViP,Nhiều Mây,0.37259,0.99154,1,0,94.29,Chiều,1.93
Đà Nẵng,,6,8.59,Xe Máy,Mưa,0.433432,0.962262,20,1,90.05,Cao điểm Tối,2.95
Hồ Chí Minh,,1,8.24,Xe Máy,Mưa Bão,0.823838,0.502848,14,0,97.22,Chiều,1.13
Đà Nẵng,,6,2.28,Ô Tô 4 Chỗ,Nắng,0.558567,0.685612,1,1,92.3,Chiều,1.01
Hải Phòng,,5,13.53,Ô Tô 4 Chỗ,Mưa,0.77384,0.661022,17,1,84.78,Cao điểm Tối,1.97
Hải Phòng,,6,6.43,Ô Tô 4 Chỗ,Mưa Bão,0.621507,0.654001,1,1,92.72,Chiều,1.36
Cần Thơ,,6,14,Xe ViP,Nắng,0.668784,0.498702,20,1,97.25,Chiều,1
Hà Nội,,1,6.69,Ô Tô 4 Chỗ,Nắng,0.580684,0.853566,11,0,88.91,Cao điểm Tối,1.71
Hồ Chí Minh,,0,15.45,Xe Máy,Nắng,0.782368,0.820554,1,0,97.19,Cao điểm Tối,1.32
Hồ Chí Minh,,1,4.6,Ô Tô 4 Chỗ,Nhiều Mây,0.305724,0.861816,22,0,89.09,Đêm,1.83
Cần Thơ,,2,5.34,Xe Máy,Mưa,0.213887,0.438173,0,0,88.82,Cao điểm Tối,2.52
Hà Nội,,4,6.72,Xe ViP,Mưa,0.976351,0.749507,10,0,90.62,Chiều,1.13
Hải Phòng,,5,0.51,Ô Tô 4 Chỗ,Mưa Bão,0.665561,0.676677,6,1,89.42,Cao điểm Tối,2.14
Hồ Chí Minh,,3,12.06,Xe ViP,Nắng,0.807617,0.746552,12,0,86.63,Chiều,1
Hà Nội,,4,10.87,Xe ViP,Nắng,0.273515,0.962191,16,0,91.18,Cao điểm Tối,2.36
Hải Phòng,,2,15.18,Xe ViP,Nhiều Mây,0.344107,0.531569,23,0,86.84,Đêm,1.28
Cần Thơ,,5,19.38,Ô Tô 4 Chỗ,Nắng,0.476886,0.642602,2,1,93.54,Đêm,1.06
Đà Nẵng,,1,14.64,Ô Tô 4 Chỗ,Mưa Bão,0.848617,0.453109,8,0,85.86,Cao điểm Tối,1.79
Cần Thơ,,2,6.38,Ô Tô 4 Chỗ,Nắng,0.907637,0.403993,22,0,92.29,Cao điểm Tối,1.25
Hà Nội,,1,15.02,Xe Máy,Nắng,0.935957,0.822603,17,0,86.32,Chiều,1
Đà Nẵng,,0,3.12,Xe ViP,Mưa,0.893849,0.413103,16,0,87.63,Đêm,1.19
Hà Nội,,3,12.83,Ô Tô 4 Chỗ,Mưa Bão,0.446471,0.537539,3,0,90.7,Chiều,1.35
Hà Nội,,2,11.18,Ô Tô 4 Chỗ,Mưa Bão,0.343345,0.763955,11,0,87.87,Cao điểm Sáng,2.68
Hải Phòng,,3,2.88,Xe ViP,Nắng,0.483664,0.759565,22,0,93.46,Đêm,1.41
Hồ Chí Minh,,2,7.26,Xe ViP,Mưa,0.664963,0.713025,7,0,92.11,Đêm,1.24
Hải Phòng,,0,6.42,Xe Máy,Mưa Bão,0.944736,0.596893,3,0,93.47,Cao điểm Tối,1.95
Hồ Chí Minh,,5,16.82,Xe Máy,Mưa,0.392863,0.631722,16,1,92.09,Cao điểm Sáng,2.22
Hà Nội,,5,9.69,Ô Tô 4 Chỗ,Mưa Bão,0.735411,0.916155,9,1,86.13,Đêm,1.55
Đà Nẵng,,2,4.82,Ô Tô 4 Chỗ,Nhiều Mây,0.829193,0.810805,9,0,85.44,Đêm,1
Hải Phòng,,2,9.37,Xe Máy,Mưa Bão,0.508033,0.754611,4,0,91.82,Cao điểm Tối,1.93
Hồ Chí Minh,,5,8.85,Xe Máy,Mưa,0.760129,0.816389,22,1,94.2,Chiều,1.41
Hà Nội,,3,7.05,Xe Máy,Mưa,0.938666,0.509631,3,0,93.61,Chiều,1.13
Hồ Chí Minh,,2,2.21,Ô Tô 4 Chỗ,Nhiều Mây,0.267197,0.894093,22,0,94.54,Đêm,1.94
Đà Nẵng,,2,4.79,Xe Máy,Nắng,0.476189,0.705906,14,0,93.11,Cao điểm Tối,1.48
Hà Nội,,1,17.32,Ô Tô 4 Chỗ,Nắng,0.934876,0.504552,5,0,84.68,Đêm,1
Hải Phòng,,4,14.52,Xe ViP,Nhiều Mây,0.900742,0.896279,11,0,90.99,Chiều,1
Hồ Chí Minh,,1,3.67,Xe Máy,Nắng,0.546971,0.699114,1,0,91.97,Chiều,1.23
Đà Nẵng,,0,11.58,Xe ViP,Nhiều Mây,0.731053,0.883241,13,0,86.1,Cao điểm Tối,1.43
Hà Nội,,1,12,Xe ViP,Mưa Bão,0.676805,0.563583,10,0,95.76,Chiều,1.1
Cần Thơ,,3,15.45,Xe ViP,Nắng,0.521734,0.454283,4,0,97.99,Đêm,1
Đà Nẵng,,6,18.64,Ô Tô 4 Chỗ,Mưa Bão,0.943514,0.715514,10,1,96.3,Cao điểm Sáng,1.54
Hồ Chí Minh,,2,1.08,Xe ViP,Mưa,0.339146,0.429558,13,0,85.68,Cao điểm Sáng,2.29
Hà Nội,,2,17.56,Xe ViP,Nắng,0.357713,0.464433,23,0,88.47,Cao điểm Tối,1.51
Đà Nẵng,,3,8.57,Xe ViP,Mưa,0.389468,0.552388,18,0,90.8,Đêm,1.39
Cần Thơ,,0,6.9,Xe Máy,Nắng,0.436904,0.555486,17,0,97.7,Đêm,1.18
Hồ Chí Minh,,1,1.18,Ô Tô 4 Chỗ,Mưa Bão,0.753124,0.67811,7,0,94.51,Cao điểm Tối,2.23
Cần Thơ,,6,1.99,Xe Máy,Nhiều Mây,0.952083,0.80053,20,1,98.29,Cao điểm Sáng,1
Hồ Chí Minh,,0,16.59,Ô Tô 4 Chỗ,Nắng,0.233934,0.675851,12,0,97.8,Cao điểm Sáng,1.78
Hải Phòng,,0,19.21,Xe ViP,Nhiều Mây,0.290194,0.707384,21,0,94.98,Cao điểm Tối,1.97
Hà Nội,,1,1.98,Xe ViP,Mưa,0.374278,0.557164,5,0,98.39,Chiều,1.59
Đà Nẵng,,2,18.51,Ô Tô 4 Chỗ,Mưa,0.254694,0.473106,6,0,91.49,Cao điểm Tối,2.23
Hà Nội,,6,0.73,Xe ViP,Nắng,0.512446,0.636964,21,1,97.01,Cao điểm Tối,1.49
Đà Nẵng,,2,2.96,Xe ViP,Mưa,0.230917,0.458649,1,0,91.29,Chiều,1.5
Cần Thơ,,3,4.41,Xe ViP,Mưa Bão,0.497863,0.58259,0,0,86.58,Cao điểm Sáng,2.14
Hà Nội,,4,3.55,Xe ViP,Nhiều Mây,0.706687,0.941864,17,0,90.03,Chiều,1.35
Hồ Chí Minh,,4,19.7,Ô Tô 4 Chỗ,Mưa Bão,0.374268,0.602897,2,0,92.36,Chiều,1.49
Đà Nẵng,,1,7.63,Xe ViP,Nắng,0.914167,0.785978,19,0,96.58,Đêm,1
Hồ Chí Minh,,4,5.47,Ô Tô 4 Chỗ,Nhiều Mây,0.241325,0.80564,9,0,89.08,Cao điểm Tối,1.97
Cần Thơ,,5,16.68,Xe ViP,Mưa,0.323611,0.597294,5,1,94.67,Cao điểm Tối,1.91
Hà Nội,,0,19.21,Xe ViP,Mưa Bão,0.799307,0.726906,12,0,94.62,Cao điểm Sáng,1.76
Đà Nẵng,,6,19.35,Xe Máy,Mưa Bão,0.909624,0.533031,0,1,96.95,Chiều,1.22
Cần Thơ,,6,3.47,Ô Tô 4 Chỗ,Nắng,0.785338,0.805163,10,1,92.07,Chiều,1
Hải Phòng,,1,4.25,Xe ViP,Mưa,0.779273,0.640506,21,0,90.59,Đêm,1.18
Đà Nẵng,,4,10.11,Ô Tô 4 Chỗ,Mưa,0.811061,0.674592,10,0,85.64,Đêm,1.39
Đà Nẵng,,1,2.77,Ô Tô 4 Chỗ,Mưa,0.705131,0.432689,2,0,86.84,Đêm,1.16
Hồ Chí Minh,,0,17.99,Xe Máy,Nhiều Mây,0.798895,0.870089,5,0,91.82,Cao điểm Tối,1.38
Hà Nội,,4,11.23,Xe Máy,Nắng,0.945241,0.563578,11,0,94.41,Đêm,1
Hồ Chí Minh,,2,17.12,Ô Tô 4 Chỗ,Nhiều Mây,0.652034,0.593393,18,0,97.06,Đêm,1
Cần Thơ,,6,2.33,Xe ViP,Nhiều Mây,0.615342,0.446562,20,1,97.76,Cao điểm Tối,1.28
Hà Nội,,4,11.92,Xe Máy,Mưa Bão,0.541237,0.71395,3,0,92.56,Cao điểm Sáng,2.39
Hồ Chí Minh,,0,5.18,Ô Tô 4 Chỗ,Nhiều Mây,0.370136,0.801449,21,0,90.17,Chiều,1.65
Đà Nẵng,,6,9.32,Xe ViP,Nhiều Mây,0.862537,0.417,23,1,95.15,Cao điểm Sáng,1.11
Cần Thơ,,6,3.99,Ô Tô 4 Chỗ,Nhiều Mây,0.690862,0.982221,20,1,92.27,Chiều,1.23
Hải Phòng,,1,3,Xe Máy,Mưa Bão,0.855991,0.924247,9,0,96.02,Cao điểm Tối,2.49
Cần Thơ,,5,9.8,Xe ViP,Mưa,0.336231,0.475483,1,1,87.95,Cao điểm Tối,2.43
Hà Nội,,4,3.87,Ô Tô 4 Chỗ,Nhiều Mây,0.422203,0.949762,7,0,90.37,Chiều,1.79
Cần Thơ,,5,15.63,Ô Tô 4 Chỗ,Mưa Bão,0.363942,0.814421,14,1,95.26,Cao điểm Sáng,2.2
Hồ Chí Minh,,1,4.37,Xe Máy,Mưa,0.729919,0.67027,21,0,92.53,Cao điểm Tối,1.78
Hồ Chí Minh,,2,14.67,Xe Máy,Nhiều Mây,0.208268,0.671888,1,0,98.19,Cao điểm Tối,1.94
Cần Thơ,,1,6.67,Xe Máy,Nắng,0.829697,0.699627,11,0,89.28,Đêm,1
Hà Nội,,2,19.28,Xe ViP,Mưa,0.37538,0.943029,20,0,84.57,Chiều,2.16
Hồ Chí Minh,,5,7.44,Xe ViP,Mưa Bão,0.783619,0.426982,9,1,98.88,Chiều,1.19
Đà Nẵng,,2,2.61,Ô Tô 4 Chỗ,Nhiều Mây,0.281981,0.478057,8,0,92.81,Chiều,1.29
Hồ Chí Minh,,2,12.66,Xe Máy,Nắng,0.791381,0.646701,9,0,86.02,Đêm,1
Cần Thơ,,6,11.46,Xe Máy,Nắng,0.442992,0.696315,12,1,88.53,Cao điểm Sáng,1.3
Hải Phòng,,1,1.39,Ô Tô 4 Chỗ,Mưa Bão,0.554455,0.416414,10,0,96.4,Cao điểm Sáng,2.08
Hải Phòng,,0,12.81,Ô Tô 4 Chỗ,Mưa Bão,0.483036,0.57244,4,0,89.95,Đêm,1.42
Cần Thơ,,1,10.14,Xe ViP,Nắng,0.446515,0.886928,21,0,94.85,Cao điểm Tối,1.89
Đà Nẵng,,1,8.55,Ô Tô 4 Chỗ,Nắng,0.604566,0.670743,8,0,84.24,Cao điểm Sáng,1.24
Hà Nội,,6,17.5,Xe Máy,Nhiều Mây,0.295763,0.693511,14,1,84,Cao điểm Sáng,1.73
Hà Nội,,5,12.37,Ô Tô 4 Chỗ,Mưa Bão,0.495655,0.983213,6,1,97.82,Cao điểm Sáng,2.79
Hồ Chí Minh,,1,8.04,Xe Máy,Nắng,0.309165,0.821949,23,0,85.34,Cao điểm Sáng,2.01
Hải Phòng,,6,9.54,Xe ViP,Nhiều Mây,0.368308,0.747454,16,1,93.77,Cao điểm Sáng,1.49
Hải Phòng,,3,10.59,Xe ViP,Nắng,0.3424,0.858569,20,0,97.79,Chiều,1.77
Hồ Chí Minh,,3,4.86,Ô Tô 4 Chỗ,Mưa,0.793462,0.752836,15,0,85.6,Cao điểm Sáng,1.76
Hà Nội,,0,17.85,Xe Máy,Nhiều Mây,0.63183,0.93629,8,0,86.72,Cao điểm Sáng,1.58
Hà Nội,,0,13.1,Ô Tô 4 Chỗ,Nhiều Mây,0.501883,0.823903,2,0,95.84,Đêm,1.48
Hà Nội,,4,4.06,Xe Máy,Nhiều Mây,0.915571,0.506505,21,0,89.34,Cao điểm Sáng,1.36
Hải Phòng,,0,17.27,Xe Máy,Nhiều Mây,0.742266,0.608045,20,0,92.75,Cao điểm Tối,1.34
Đà Nẵng,,0,19.35,Xe Máy,Mưa Bão,0.394145,0.85786,13,0,90.78,Chiều,2.06
Cần Thơ,,5,6.61,Xe Máy,Mưa,0.579481,0.765002,11,1,92.89,Cao điểm Sáng,1.88
Hồ Chí Minh,,4,2.37,Ô Tô 4 Chỗ,Mưa Bão,0.779679,0.867791,15,0,97.51,Cao điểm Tối,2.58
Hải Phòng,,5,1.96,Ô Tô 4 Chỗ,Nắng,0.90175,0.838334,18,1,86.01,Chiều,1
Cần Thơ,,3,2.75,Xe Máy,Mưa,0.320795,0.940016,16,0,96.58,Đêm,2.25
Đà Nẵng,,5,3.17,Xe ViP,Nắng,0.656283,0.975695,8,1,87.25,Cao điểm Sáng,1.73
Hải Phòng,,0,2.98,Xe ViP,Mưa Bão,0.419362,0.534663,5,0,97.99,Cao điểm Tối,2.59
Đà Nẵng,,6,9.3,Xe Máy,Mưa,0.255207,0.816144,3,1,92.1,Chiều,2.13
Hồ Chí Minh,,3,0.51,Ô Tô 4 Chỗ,Mưa,0.951671,0.677292,18,0,96.62,Đêm,1.15
Hải Phòng,,2,9.84,Ô Tô 4 Chỗ,Mưa Bão,0.298983,0.792107,1,0,94.51,Chiều,1.86
Hồ Chí Minh,,1,10.74,Xe ViP,Mưa,0.606937,0.802204,7,0,85.45,Cao điểm Tối,2.53
Hồ Chí Minh,,1,11.85,Xe ViP,Mưa,0.684926,0.890889,22,0,98.69,Cao điểm Sáng,1.93
Hồ Chí Minh,,5,4.05,Ô Tô 4 Chỗ,Nắng,0.294931,0.901724,10,1,95.68,Cao điểm Tối,2.02
Hải Phòng,,2,9.75,Xe Máy,Nắng,0.814646,0.943458,14,0,96.94,Cao điểm Sáng,1.47
Hải Phòng,,2,16.94,Xe ViP,Nhiều Mây,0.901994,0.507744,15,0,88.2,Đêm,1
Cần Thơ,,6,1.9,Ô Tô 4 Chỗ,Nhiều Mây,0.324957,0.684551,15,1,95.8,Cao điểm Sáng,1.59
Cần Thơ,,5,1.46,Xe ViP,Mưa Bão,0.703683,0.857564,11,1,89.25,Cao điểm Tối,2.07
Hải Phòng,,1,18.68,Ô Tô 4 Chỗ,Nắng,0.752647,0.948586,15,0,88.34,Đêm,1.29
Hà Nội,,0,6.25,Xe ViP,Nắng,0.366949,0.684611,17,0,96.39,Đêm,1.48
Hồ Chí Minh,,3,4.5,Ô Tô 4 Chỗ,Nắng,0.3941,0.633853,10,0,94.69,Đêm,1.36
Cần Thơ,,5,3.51,Xe Máy,Nắng,0.682494,0.484689,18,1,92.07,Đêm,1
Hải Phòng,,2,9.33,Xe Máy,Mưa,0.855745,0.892443,19,0,87.54,Đêm,1.22
Hải Phòng,,6,5.26,Ô Tô 4 Chỗ,Nhiều Mây,0.291115,0.498452,22,1,85.79,Đêm,1.09
Hà Nội,,5,2.38,Xe Máy,Nhiều Mây,0.821956,0.91488,20,1,93.55,Cao điểm Sáng,1.43
Hà Nội,,2,12.39,Xe Máy,Nắng,0.566174,0.481084,7,0,91.42,Đêm,1
Đà Nẵng,,0,8.99,Ô Tô 4 Chỗ,Mưa Bão,0.294553,0.443472,6,0,93.74,Cao điểm Sáng,2.01
Hồ Chí Minh,,2,6.94,Ô Tô 4 Chỗ,Nắng,0.4606,0.412075,23,0,87.09,Cao điểm Sáng,1.3
Đà Nẵng,,3,4.31,Xe ViP,Nắng,0.578835,0.90493,3,0,89.09,Đêm,1.49
Đà Nẵng,,4,2.57,Xe Máy,Mưa,0.37376,0.98077,20,0,98.23,Cao điểm Tối,3.03
Đà Nẵng,,2,10.89,Ô Tô 4 Chỗ,Nhiều Mây,0.930947,0.673166,2,0,93.58,Cao điểm Tối,1.35
Hồ Chí Minh,,1,8.91,Xe Máy,Nắng,0.372451,0.826775,5,0,93.17,Chiều,1.68
Hà Nội,,0,9.88,Xe ViP,Nắng,0.501244,0.711379,11,0,86.03,Cao điểm Tối,1.56
Hồ Chí Minh,,3,12.14,Xe ViP,Nhiều Mây,0.812443,0.953979,10,0,85.46,Chiều,1.21
Đà Nẵng,,1,7.77,Xe ViP,Nhiều Mây,0.672603,0.679201,17,0,90.28,Chiều,1.01
Hồ Chí Minh,,2,5.88,Xe ViP,Mưa,0.791993,0.619538,20,0,94.93,Cao điểm Sáng,1.85
Đà Nẵng,,2,6.29,Xe ViP,Nắng,0.372435,0.965706,4,0,95.48,Cao điểm Tối,2.16
Hải Phòng,,5,12.3,Xe ViP,Mưa,0.511879,0.919881,23,1,91.03,Cao điểm Tối,2.34
Hải Phòng,,4,12.13,Xe Máy,Nhiều Mây,0.616488,0.620314,14,0,91.85,Cao điểm Tối,1.33
Cần Thơ,,5,8.77,Xe Máy,Mưa,0.573845,0.445972,8,1,99.81,Cao điểm Sáng,1.54
Hồ Chí Minh,,3,16.45,Xe ViP,Mưa,0.685062,0.458597,6,0,89.54,Cao điểm Tối,2.21
Đà Nẵng,,0,7.73,Ô Tô 4 Chỗ,Mưa Bão,0.208267,0.869006,21,0,85.77,Đêm,2.16
Đà Nẵng,,1,6.63,Xe Máy,Mưa,0.788413,0.632164,12,0,94.68,Cao điểm Sáng,2.11
Hải Phòng,,1,4.09,Xe Máy,Nắng,0.935412,0.71091,21,0,85.66,Cao điểm Sáng,1.15
Cần Thơ,,3,8.62,Xe ViP,Mưa,0.917511,0.661904,7,0,86.15,Cao điểm Tối,1.64
Hải Phòng,,4,1.12,Xe ViP,Nắng,0.92811,0.542558,23,0,90.2,Đêm,1
Hồ Chí Minh,,1,8.15,Xe ViP,Mưa Bão,0.710798,0.618616,11,0,95.56,Cao điểm Tối,1.82
Hồ Chí Minh,,3,8.2,Xe ViP,Nhiều Mây,0.324104,0.693998,22,0,96.47,Cao điểm Sáng,1.8
Cần Thơ,,0,19.49,Xe Máy,Mưa Bão,0.310615,0.904471,16,0,89.11,Cao điểm Sáng,3.29
Cần Thơ,,0,14.08,Xe ViP,Mưa,0.592789,0.566984,2,0,91.59,Cao điểm Sáng,1.85
Cần Thơ,,1,16.48,Xe ViP,Nắng,0.426711,0.961357,16,0,92.06,Cao điểm Tối,1.93
Đà Nẵng,,5,2.63,Xe Máy,Nhiều Mây,0.867588,0.673608,7,1,85.51,Đêm,1
Cần Thơ,,2,10.66,Xe ViP,Mưa Bão,0.973351,0.496217,1,0,94.27,Chiều,1.22
Hồ Chí Minh,,1,17.8,Xe ViP,Mưa Bão,0.336229,0.487667,8,0,87.12,Cao điểm Sáng,2.21
Đà Nẵng,,0,0.5,Xe Máy,Mưa,0.712637,0.765722,10,0,89.82,Đêm,1.34
Hải Phòng,,5,13.66,Xe ViP,Mưa Bão,0.646195,0.446382,4,1,97.78,Cao điểm Tối,1.65
Hồ Chí Minh,,0,9.8,Ô Tô 4 Chỗ,Mưa Bão,0.469307,0.868287,22,0,86.12,Chiều,1.96
Hồ Chí Minh,,2,19.88,Ô Tô 4 Chỗ,Mưa,0.672468,0.561265,11,0,92.22,Chiều,1.16
Hà Nội,,0,10.59,Ô Tô 4 Chỗ,Nhiều Mây,0.254797,0.475377,12,0,94.19,Cao điểm Tối,1.46
Hải Phòng,,2,16.08,Xe ViP,Mưa Bão,0.498667,0.917269,12,0,94.81,Cao điểm Sáng,2.15
Hải Phòng,,0,13.59,Xe Máy,Nắng,0.227456,0.987818,15,0,93.46,Cao điểm Tối,2.45
Đà Nẵng,,2,10.36,Xe ViP,Mưa,0.840849,0.662509,18,0,85.55,Cao điểm Sáng,1.85
Đà Nẵng,,0,9.1,Xe Máy,Mưa Bão,0.40494,0.44447,22,0,88.56,Cao điểm Sáng,2.25
Hồ Chí Minh,,5,8.95,Xe ViP,Mưa,0.960997,0.68586,20,1,91.91,Đêm,1.3
Cần Thơ,,4,8.23,Ô Tô 4 Chỗ,Mưa Bão,0.88955,0.598514,15,0,94.13,Cao điểm Sáng,1.83
Cần Thơ,,2,1.4,Xe Máy,Mưa Bão,0.881768,0.482846,22,0,94.38,Chiều,1.33
Cần Thơ,,0,10.15,Xe ViP,Mưa,0.759994,0.473207,0,0,90.05,Chiều,1.33
Hà Nội,,1,17.91,Ô Tô 4 Chỗ,Mưa Bão,0.679958,0.421997,14,0,86.63,Chiều,1.26
Đà Nẵng,,3,17.03,Xe ViP,Mưa,0.544222,0.461782,20,0,90.2,Đêm,1.37
Hà Nội,,5,10.55,Ô Tô 4 Chỗ,Nhiều Mây,0.46461,0.563403,8,1,84.06,Cao điểm Tối,1.55
Cần Thơ,,3,13.17,Xe ViP,Mưa,0.236524,0.858051,1,0,88.49,Cao điểm Sáng,2.56
Cần Thơ,,3,16.21,Xe Máy,Nắng,0.471501,0.736344,4,0,86.61,Đêm,1.4
Hà Nội,,1,18.81,Ô Tô 4 Chỗ,Nắng,0.723893,0.409676,10,0,92.57,Chiều,1
Cần Thơ,,4,12.26,Xe Máy,Nắng,0.867506,0.92042,10,0,87.07,Chiều,1.08
Hải Phòng,,2,12.43,Xe ViP,Mưa,0.32374,0.910632,1,0,89.28,Chiều,2.27
Hải Phòng,,6,17.76,Xe ViP,Nắng,0.32951,0.459386,20,1,88.75,Chiều,1.14
Đà Nẵng,,4,12.27,Xe Máy,Mưa Bão,0.870687,0.515261,5,0,86.9,Chiều,1.31
Hải Phòng,,3,19.1,Xe Máy,Nắng,0.523618,0.447276,15,0,91.59,Chiều,1
Hồ Chí Minh,,0,16.44,Xe ViP,Nắng,0.646279,0.690215,11,0,87.9,Cao điểm Sáng,1.4
Hồ Chí Minh,,2,13.09,Ô Tô 4 Chỗ,Mưa,0.396725,0.421487,14,0,97.51,Cao điểm Sáng,2.01
Cần Thơ,,4,1.91,Ô Tô 4 Chỗ,Mưa Bão,0.670102,0.86094,23,0,94.14,Cao điểm Tối,1.83
Hà Nội,,0,18.31,Ô Tô 4 Chỗ,Nắng,0.828162,0.935731,5,0,86.94,Chiều,1.16
Hà Nội,,0,12.89,Ô Tô 4 Chỗ,Mưa,0.602036,0.580585,3,0,89.98,Cao điểm Sáng,2.14
Hồ Chí Minh,,3,13.79,Xe Máy,Nắng,0.201105,0.752289,19,0,89.92,Cao điểm Sáng,1.94
Hải Phòng,,4,16.24,Ô Tô 4 Chỗ,Nhiều Mây,0.656675,0.452297,6,0,96.11,Cao điểm Tối,1.28
Hà Nội,,2,4.76,Xe Máy,Mưa Bão,0.45376,0.897621,6,0,95.93,Đêm,1.89
Hà Nội,,5,16.3,Xe Máy,Mưa Bão,0.753397,0.991806,23,1,95.54,Đêm,1.47
Cần Thơ,,4,13.72,Ô Tô 4 Chỗ,Nhiều Mây,0.80377,0.672122,15,0,88.47,Cao điểm Sáng,1.22
Cần Thơ,,4,6.21,Ô Tô 4 Chỗ,Nhiều Mây,0.319852,0.732572,13,0,96.04,Đêm,1.62
Hải Phòng,,4,13.75,Xe Máy,Nắng,0.770079,0.6783,21,0,90.34,Cao điểm Tối,1.22
Hải Phòng,,0,19.79,Xe Máy,Mưa,0.530894,0.687338,5,0,99.78,Đêm,1.36
Hà Nội,,6,4.49,Xe ViP,Nhiều Mây,0.806676,0.43228,13,1,89.65,Cao điểm Tối,1.18
Hà Nội,,0,17.98,Xe ViP,Nắng,0.286146,0.414,10,0,86.33,Cao điểm Sáng,1.36
Hải Phòng,,1,13.82,Ô Tô 4 Chỗ,Mưa,0.841967,0.563281,14,0,91.17,Chiều,1.31
Hồ Chí Minh,,6,11.46,Xe Máy,Nhiều Mây,0.837214,0.545655,22,1,88.92,Cao điểm Sáng,1.14
Đà Nẵng,,3,5.83,Ô Tô 4 Chỗ,Nhiều Mây,0.468227,0.854895,5,0,93.74,Đêm,1.58
Cần Thơ,,5,8.4,Xe ViP,Mưa Bão,0.518974,0.469083,5,1,90.9,Chiều,1.13
Đà Nẵng,,6,10.81,Xe ViP,Mưa,0.832626,0.531546,23,1,87.85,Cao điểm Sáng,2
Cần Thơ,,0,8.71,Xe ViP,Nắng,0.257458,0.402405,22,0,91.13,Cao điểm Sáng,1.52
Hồ Chí Minh,,2,13.65,Ô Tô 4 Chỗ,Mưa Bão,0.989128,0.600973,2,0,96.8,Đêm,1.17
Cần Thơ,,6,16.77,Ô Tô 4 Chỗ,Nắng,0.925487,0.631025,5,1,89.14,Cao điểm Tối,1
Hồ Chí Minh,,2,6.23,Ô Tô 4 Chỗ,Mưa,0.446499,0.537251,18,0,84.19,Chiều,1.52
Hồ Chí Minh,,0,7.09,Xe ViP,Mưa Bão,0.548478,0.526094,15,0,92.04,Cao điểm Tối,1.68
Cần Thơ,,5,8.79,Xe ViP,Nắng,0.518168,0.736894,22,1,99.89,Cao điểm Sáng,1.19
Hà Nội,,6,13.64,Ô Tô 4 Chỗ,Mưa,0.306908,0.829243,5,1,95.42,Cao điểm Sáng,2.67
Đà Nẵng,,0,15.34,Xe ViP,Nắng,0.936996,0.504562,14,0,85.88,Cao điểm Tối,1.16
Hà Nội,,5,11.36,Xe ViP,Nắng,0.400975,0.774734,4,1,87.79,Cao điểm Sáng,1.81
Đà Nẵng,,1,3.29,Xe Máy,Nhiều Mây,0.63067,0.656345,9,0,94.27,Đêm,1.04
Cần Thơ,,3,16.88,Xe ViP,Mưa Bão,0.531317,0.441115,18,0,91.41,Đêm,1.21
Đà Nẵng,,4,12.33,Xe ViP,Mưa Bão,0.851959,0.757398,5,0,97.25,Đêm,1.1
Đà Nẵng,,0,5.46,Xe ViP,Mưa Bão,0.51154,0.702651,14,0,90.82,Cao điểm Sáng,2.22
Hải Phòng,,6,11.61,Xe ViP,Mưa Bão,0.916656,0.893051,14,1,89.33,Cao điểm Sáng,2.2
Hải Phòng,,6,9.29,Xe Máy,Nắng,0.405048,0.591067,15,1,95.53,Cao điểm Tối,1.43
Cần Thơ,,0,12,Xe Máy,Mưa,0.514719,0.928489,1,0,92.92,Chiều,1.83
Hồ Chí Minh,,3,12.79,Ô Tô 4 Chỗ,Nắng,0.815236,0.5311,16,0,96.19,Chiều,1
Hồ Chí Minh,,1,4.64,Xe Máy,Mưa,0.309603,0.916554,22,0,96.63,Cao điểm Tối,2.44
Hồ Chí Minh,,5,19.21,Ô Tô 4 Chỗ,Nắng,0.47752,0.707796,10,1,88.01,Cao điểm Tối,1.68
Hà Nội,,1,16.31,Xe ViP,Nhiều Mây,0.738684,0.814773,5,0,87.7,Chiều,1.11
Hải Phòng,,1,13.53,Xe ViP,Mưa Bão,0.738554,0.822315,0,0,85.9,Cao điểm Tối,2.47
Đà Nẵng,,2,15.22,Ô Tô 4 Chỗ,Nắng,0.352123,0.642816,10,0,84.71,Cao điểm Tối,1.65
Hà Nội,,6,1.03,Xe ViP,Mưa Bão,0.385554,0.622664,21,1,92.94,Đêm,1.61
Hồ Chí Minh,,1,0.94,Xe Máy,Nắng,0.525778,0.43074,6,0,97.76,Cao điểm Tối,1.25
Hà Nội,,1,16.25,Ô Tô 4 Chỗ,Nắng,0.220177,0.455443,8,0,95.98,Đêm,1.35
Hồ Chí Minh,,5,7.45,Xe Máy,Nắng,0.316079,0.481151,5,1,91.08,Cao điểm Tối,1.63
Đà Nẵng,,6,9.28,Xe ViP,Nắng,0.665462,0.961391,21,1,93.88,Đêm,1.16
Hà Nội,,3,13.24,Xe ViP,Mưa,0.386776,0.447751,7,0,85.57,Chiều,1.47
Đà Nẵng,,3,4.95,Ô Tô 4 Chỗ,Mưa,0.213578,0.757272,12,0,92.94,Cao điểm Tối,2.62
Hồ Chí Minh,,6,15.44,Xe ViP,Mưa Bão,0.613379,0.640735,0,1,99.59,Chiều,1.42
Hà Nội,,5,19.47,Xe ViP,Mưa,0.281353,0.984026,2,1,90.46,Đêm,2.35
Hà Nội,,1,4.51,Xe ViP,Mưa Bão,0.203465,0.622566,13,0,92.61,Chiều,1.78
Hà Nội,,3,13.64,Xe Máy,Mưa,0.219254,0.937108,12,0,84.26,Chiều,2.25
Hà Nội,,1,16.35,Ô Tô 4 Chỗ,Mưa,0.247773,0.512708,20,0,97.64,Cao điểm Sáng,1.97
Hồ Chí Minh,,3,9.57,Xe ViP,Mưa,0.930437,0.435471,11,0,87.52,Đêm,1.23
Hải Phòng,,4,14.32,Ô Tô 4 Chỗ,Nhiều Mây,0.770312,0.676643,13,0,91.17,Cao điểm Sáng,1.21
Cần Thơ,,0,15.76,Xe Máy,Mưa,0.433656,0.88326,18,0,91.86,Đêm,1.83
Hà Nội,,1,16.02,Xe ViP,Nắng,0.909132,0.853698,12,0,97.5,Cao điểm Tối,1.13
Đà Nẵng,,2,9.92,Xe Máy,Mưa,0.698405,0.875608,5,0,93.34,Chiều,1.6
Hồ Chí Minh,,0,1.67,Xe Máy,Mưa Bão,0.45023,0.615172,0,0,86.75,Cao điểm Tối,2.18
Hải Phòng,,0,4.67,Ô Tô 4 Chỗ,Mưa Bão,0.958328,0.425788,0,0,86.04,Chiều,1.24
Cần Thơ,,4,14.84,Xe ViP,Nhiều Mây,0.534416,0.879661,19,0,95.69,Đêm,1.52
Cần Thơ,,2,18.66,Ô Tô 4 Chỗ,Mưa Bão,0.446527,0.839994,3,0,99.68,Cao điểm Sáng,2.59
Hải Phòng,,1,18.38,Ô Tô 4 Chỗ,Nắng,0.467728,0.755216,0,0,86.49,Chiều,1.43
Cần Thơ,,1,18.59,Ô Tô 4 Chỗ,Nhiều Mây,0.679575,0.996964,17,0,99.2,Chiều,1.48
Cần Thơ,,5,16.46,Ô Tô 4 Chỗ,Nhiều Mây,0.668528,0.45582,3,1,89.22,Chiều,1
Hải Phòng,,5,18.33,Xe Máy,Nhiều Mây,0.318935,0.666073,12,1,86.04,Đêm,1.22
Cần Thơ,,0,0.81,Ô Tô 4 Chỗ,Nắng,0.659087,0.781858,9,0,85.46,Cao điểm Sáng,1.57
Hồ Chí Minh,,0,0.82,Xe Máy,Mưa,0.35157,0.78653,6,0,95.18,Đêm,1.83
Hồ Chí Minh,,4,16.98,Xe Máy,Nhiều Mây,0.506045,0.584365,3,0,88.28,Chiều,1.12
Hà Nội,,2,16.49,Xe ViP,Nắng,0.359946,0.917924,15,0,85.51,Đêm,1.84
Hà Nội,,6,8.54,Ô Tô 4 Chỗ,Mưa Bão,0.221127,0.625126,14,1,90.97,Chiều,1.73
Đà Nẵng,,3,0.88,Ô Tô 4 Chỗ,Nắng,0.308151,0.746248,23,0,89.96,Đêm,1.66
Hải Phòng,,5,16.17,Ô Tô 4 Chỗ,Nắng,0.533519,0.467613,3,1,95.82,Đêm,1
Cần Thơ,,2,3.71,Ô Tô 4 Chỗ,Nhiều Mây,0.202404,0.591887,3,0,97.7,Cao điểm Tối,1.88
Hải Phòng,,0,7.91,Ô Tô 4 Chỗ,Nhiều Mây,0.37286,0.767635,13,0,87.89,Đêm,1.59
Đà Nẵng,,2,11.97,Xe ViP,Nhiều Mây,0.2604,0.993954,2,0,92.56,Cao điểm Tối,2.35
Hải Phòng,,6,1.75,Xe Máy,Mưa Bão,0.309423,0.421574,7,1,93.79,Chiều,1.45
Hà Nội,,3,3.29,Ô Tô 4 Chỗ,Mưa,0.487492,0.810773,11,0,87.12,Chiều,1.87
Đà Nẵng,,5,4.16,Xe ViP,Nắng,0.779926,0.608226,10,1,89.76,Cao điểm Sáng,1.22
Hải Phòng,,4,13.97,Xe ViP,Mưa,0.385397,0.862766,2,0,88.1,Đêm,2.05
Hồ Chí Minh,,4,18.11,Xe ViP,Nắng,0.7715,0.586696,13,0,98,Cao điểm Sáng,1.38
Đà Nẵng,,1,2.94,Xe ViP,Nhiều Mây,0.21393,0.861441,6,0,86.43,Cao điểm Tối,2.08
Đà Nẵng,,3,11.04,Xe ViP,Mưa Bão,0.397898,0.454426,17,0,86.61,Đêm,1.42
Hải Phòng,,1,4.22,Ô Tô 4 Chỗ,Nhiều Mây,0.276647,0.514157,6,0,97.86,Chiều,1.36
Đà Nẵng,,1,19.44,Xe ViP,Nắng,0.873406,0.867727,18,0,90.97,Chiều,1
Đà Nẵng,,3,5.67,Ô Tô 4 Chỗ,Mưa,0.546593,0.855747,22,0,96.91,Đêm,1.79
Cần Thơ,,2,8.83,Xe ViP,Nắng,0.805272,0.863701,19,0,88.28,Đêm,1.09
Đà Nẵng,,1,17.3,Xe Máy,Nắng,0.633067,0.851982,7,0,93.18,Cao điểm Sáng,1.56
Hải Phòng,,5,14.55,Ô Tô 4 Chỗ,Nhiều Mây,0.564806,0.782244,21,1,87.44,Đêm,1.08
Cần Thơ,,1,14.83,Xe ViP,Nhiều Mây,0.29209,0.682166,2,0,87.59,Cao điểm Sáng,1.85
Đà Nẵng,,0,10.02,Xe ViP,Mưa,0.282533,0.548705,5,0,97.85,Chiều,1.68
Cần Thơ,,2,7.28,Ô Tô 4 Chỗ,Mưa Bão,0.428731,0.553599,14,0,95.27,Chiều,1.37
Cần Thơ,,0,0.74,Xe ViP,Mưa Bão,0.964969,0.699352,12,0,89.7,Cao điểm Sáng,1.62
Hà Nội,,2,9.75,Xe Máy,Mưa,0.972686,0.525379,16,0,97.4,Cao điểm Sáng,1.55
Hồ Chí Minh,,1,1.44,Ô Tô 4 Chỗ,Mưa Bão,0.354088,0.9438,18,0,84.86,Chiều,2.14
Cần Thơ,,4,9.42,Ô Tô 4 Chỗ,Mưa,0.708405,0.978895,17,0,97.26,Cao điểm Tối,2.62
Đà Nẵng,,2,2.14,Xe ViP,Nắng,0.887981,0.89158,18,0,95.74,Đêm,1.01
Đà Nẵng,,6,7.35,Ô Tô 4 Chỗ,Mưa,0.74392,0.491081,23,1,97.33,Cao điểm Tối,2.42
Hải Phòng,,5,9.84,Xe ViP,Mưa,0.867212,0.932041,12,1,87.59,Chiều,1.39
Hà Nội,,5,16.54,Xe Máy,Mưa,0.691553,0.857813,23,1,89.74,Đêm,1.4
Hồ Chí Minh,,0,16.73,Xe ViP,Nhiều Mây,0.250786,0.802653,18,0,87.1,Đêm,1.83
Hải Phòng,,2,15.03,Ô Tô 4 Chỗ,Nhiều Mây,0.518071,0.491734,6,0,90.26,Đêm,1
Hà Nội,,3,10.09,Xe Máy,Mưa,0.21327,0.851594,10,0,87.2,Chiều,2.2
Hà Nội,,3,5.82,Ô Tô 4 Chỗ,Mưa,0.741567,0.797578,0,0,91.78,Đêm,1.26
Hồ Chí Minh,,5,6.66,Xe Máy,Mưa Bão,0.730892,0.855682,6,1,93.68,Đêm,1.44
Hà Nội,,1,8.03,Ô Tô 4 Chỗ,Mưa,0.363149,0.506734,1,0,89.03,Cao điểm Tối,2.59
Hồ Chí Minh,,5,15.29,Xe ViP,Nhiều Mây,0.201976,0.540274,5,1,96.45,Chiều,1.51
Hải Phòng,,4,11.5,Ô Tô 4 Chỗ,Mưa Bão,0.662893,0.629727,5,0,91.9,Đêm,1.32
Hà Nội,,2,10.6,Xe Máy,Nắng,0.902595,0.555422,5,0,88.76,Đêm,1
Hà Nội,,2,14.99,Ô Tô 4 Chỗ,Nhiều Mây,0.855978,0.566274,23,0,98.1,Cao điểm Tối,1.15
Hà Nội,,6,10.44,Xe Máy,Nắng,0.243789,0.625519,2,1,89.07,Cao điểm Sáng,1.91
Hà Nội,,5,8.97,Ô Tô 4 Chỗ,Mưa,0.263059,0.68273,18,1,91.28,Cao điểm Tối,2.48
Hải Phòng,,2,10.65,Xe ViP,Mưa,0.459793,0.617771,15,0,88.82,Cao điểm Tối,2.55
Cần Thơ,,3,5.31,Ô Tô 4 Chỗ,Nắng,0.316251,0.960409,10,0,99.27,Đêm,1.97
Hà Nội,,1,10.5,Xe ViP,Nắng,0.461674,0.55691,13,0,97.03,Cao điểm Sáng,1.51
Hồ Chí Minh,,4,17.42,Ô Tô 4 Chỗ,Nhiều Mây,0.742044,0.687674,12,0,90.94,Chiều,1
Hải Phòng,,0,10.94,Ô Tô 4 Chỗ,Mưa Bão,0.357047,0.411524,13,0,97.27,Cao điểm Sáng,1.74
Hà Nội,,2,3.33,Xe ViP,Nhiều Mây,0.706406,0.792657,19,0,86.15,Cao điểm Tối,1.47
Hải Phòng,,0,13.52,Xe ViP,Nắng,0.469927,0.820176,1,0,94.93,Chiều,1.53
Đà Nẵng,,1,9.09,Ô Tô 4 Chỗ,Mưa Bão,0.65632,0.934673,16,0,88.54,Đêm,1.6
Hồ Chí Minh,,6,15.8,Xe ViP,Nhiều Mây,0.617328,0.42315,6,1,96.61,Chiều,1
Cần Thơ,,0,8.27,Xe Máy,Mưa Bão,0.794834,0.665494,4,0,92.44,Đêm,1.37
Hải Phòng,,4,8.82,Xe ViP,Mưa,0.262096,0.421256,4,0,85.7,Đêm,1.47
Hải Phòng,,6,10.28,Ô Tô 4 Chỗ,Nắng,0.828664,0.741636,2,1,97.09,Cao điểm Tối,1
Hồ Chí Minh,,2,11.03,Xe ViP,Nhiều Mây,0.576444,0.636955,6,0,90.2,Chiều,1.09
Hồ Chí Minh,,0,15.95,Ô Tô 4 Chỗ,Nhiều Mây,0.921209,0.870333,9,0,88.51,Cao điểm Sáng,1.4
Hồ Chí Minh,,5,2.94,Xe ViP,Nhiều Mây,0.558765,0.75296,3,1,90.68,Cao điểm Tối,1.64
Hà Nội,,0,4.71,Xe Máy,Mưa,0.847237,0.538732,7,0,88.16,Cao điểm Sáng,2.15
Đà Nẵng,,6,1.74,Xe Máy,Mưa Bão,0.76847,0.814136,15,1,97.85,Cao điểm Tối,1.91
Hải Phòng,,1,4.29,Xe Máy,Nắng,0.993116,0.970905,9,0,92.61,Chiều,1
Hồ Chí Minh,,5,19.52,Xe ViP,Mưa,0.83873,0.467224,16,1,97.92,Chiều,1.15
Hải Phòng,,6,18.46,Ô Tô 4 Chỗ,Mưa,0.988807,0.587992,4,1,85.06,Cao điểm Tối,2.05
Hồ Chí Minh,,6,17.82,Ô Tô 4 Chỗ,Nhiều Mây,0.24777,0.718904,6,1,85.47,Đêm,1.71
Cần Thơ,,6,15.8,Ô Tô 4 Chỗ,Nhiều Mây,0.708246,0.427177,2,1,87.8,Đêm,1
Hà Nội,,6,14.54,Xe ViP,Mưa Bão,0.293041,0.881643,10,1,93.3,Chiều,1.99
Hà Nội,,1,7.94,Xe ViP,Nắng,0.946917,0.925597,21,0,96.19,Chiều,1
Hải Phòng,,0,12.64,Xe ViP,Nắng,0.876318,0.734552,11,0,97.41,Cao điểm Sáng,1.26
Hồ Chí Minh,,0,2.31,Xe Máy,Mưa,0.326725,0.913308,9,0,90.39,Đêm,2.15
Hà Nội,,1,18.36,Xe ViP,Nắng,0.775146,0.813654,17,0,89.52,Cao điểm Sáng,1.16
Hồ Chí Minh,,4,4.44,Xe ViP,Mưa Bão,0.79305,0.442439,9,0,87.42,Cao điểm Tối,2.17
Cần Thơ,,4,6.4,Xe Máy,Mưa,0.815908,0.569822,11,0,85.6,Chiều,1.29
Hà Nội,,2,4.06,Ô Tô 4 Chỗ,Nắng,0.412171,0.67345,4,0,88.28,Cao điểm Sáng,1.76
Đà Nẵng,,5,11.49,Ô Tô 4 Chỗ,Mưa Bão,0.853638,0.800547,0,1,86.92,Chiều,1.35
Hải Phòng,,2,17.59,Xe ViP,Nắng,0.562956,0.581985,18,0,91.22,Cao điểm Tối,1.24
Đà Nẵng,,4,13.89,Xe Máy,Nhiều Mây,0.304416,0.975841,1,0,83.96,Đêm,2.01
Hà Nội,,6,6.53,Xe Máy,Mưa,0.430698,0.519891,18,1,94.08,Cao điểm Sáng,1.66
Cần Thơ,,4,9.24,Ô Tô 4 Chỗ,Nhiều Mây,0.404733,0.721782,19,0,91.64,Đêm,1.48
Hải Phòng,,0,5.69,Xe ViP,Nắng,0.662314,0.979963,10,0,89.9,Chiều,1.48
Hải Phòng,,2,15.87,Ô Tô 4 Chỗ,Nhiều Mây,0.931492,0.709226,3,0,93.91,Chiều,1
Hà Nội,,1,1.42,Ô Tô 4 Chỗ,Mưa Bão,0.774512,0.804085,14,0,89.53,Cao điểm Tối,2.39
Hồ Chí Minh,,2,4.71,Xe Máy,Mưa Bão,0.243235,0.471636,7,0,92.26,Cao điểm Sáng,2.07
Hải Phòng,,3,16.85,Xe ViP,Mưa,0.949055,0.7345,13,0,85.94,Cao điểm Sáng,2.27
Hồ Chí Minh,,1,2.88,Xe Máy,Mưa,0.608459,0.674165,16,0,86.84,Cao điểm Tối,1.68
Cần Thơ,,6,7.52,Xe Máy,Nhiều Mây,0.465722,0.627027,22,1,94.86,Cao điểm Sáng,1.3
Hà Nội,,1,17.46,Ô Tô 4 Chỗ,Nhiều Mây,0.531773,0.758681,17,0,85.68,Đêm,1.34
Hồ Chí Minh,,1,5.48,Ô Tô 4 Chỗ,Mưa Bão,0.378224,0.879927,13,0,85.23,Cao điểm Sáng,2.31
Đà Nẵng,,5,14.44,Ô Tô 4 Chỗ,Mưa,0.484425,0.581346,3,1,90.12,Chiều,1.28
Cần Thơ,,1,15.38,Xe ViP,Nhiều Mây,0.661119,0.624244,20,0,84.74,Cao điểm Sáng,1.11
Hồ Chí Minh,,4,2.65,Ô Tô 4 Chỗ,Mưa,0.538838,0.752027,10,0,97.05,Đêm,1.55
Hồ Chí Minh,,4,10.43,Xe ViP,Mưa,0.935903,0.768042,1,0,93.74,Cao điểm Tối,2.48
Đà Nẵng,,3,9.17,Xe Máy,Nhiều Mây,0.417649,0.531606,2,0,97.23,Đêm,1.17
Cần Thơ,,1,19.78,Xe ViP,Mưa Bão,0.688498,0.834583,2,0,91.74,Cao điểm Sáng,2.13
Hà Nội,,2,19.28,Ô Tô 4 Chỗ,Mưa,0.758788,0.60793,4,0,93.83,Cao điểm Tối,2.17
Hải Phòng,,2,7.15,Xe Máy,Nhiều Mây,0.980253,0.813903,22,0,97.21,Cao điểm Tối,1.21
Hà Nội,,3,9,Xe Máy,Nhiều Mây,0.26922,0.461919,1,0,93.91,Đêm,1.29
Cần Thơ,,0,1.43,Ô Tô 4 Chỗ,Nắng,0.523967,0.66848,4,0,91.7,Cao điểm Tối,1.52
Đà Nẵng,,1,14.68,Ô Tô 4 Chỗ,Mưa,0.381074,0.481125,17,0,84.96,Cao điểm Sáng,2.34
Đà Nẵng,,6,6.08,Xe Máy,Mưa,0.732187,0.496234,8,1,93.38,Chiều,1.25
Hải Phòng,,5,19.7,Xe ViP,Nắng,0.354959,0.447567,0,1,86.11,Đêm,1.05
Hồ Chí Minh,,2,4.93,Xe Máy,Mưa Bão,0.885861,0.859315,2,0,96.32,Cao điểm Tối,1.69
Hồ Chí Minh,,2,2.67,Ô Tô 4 Chỗ,Nắng,0.734364,0.929202,17,0,96.47,Cao điểm Tối,1.6
Hồ Chí Minh,,4,17.81,Xe ViP,Mưa Bão,0.594487,0.979877,1,0,96.99,Chiều,1.68
Cần Thơ,,2,14.59,Xe ViP,Nắng,0.517529,0.43751,0,0,98.99,Cao điểm Sáng,1.29
Hải Phòng,,4,14.35,Ô Tô 4 Chỗ,Nhiều Mây,0.927315,0.441227,21,0,92.8,Đêm,1
Hải Phòng,,4,15.73,Ô Tô 4 Chỗ,Mưa,0.209206,0.501641,16,0,96.43,Đêm,1.73
Hà Nội,,6,10.27,Xe ViP,Nắng,0.660274,0.765235,16,1,92.18,Cao điểm Sáng,1.34
Đà Nẵng,,4,8.28,Xe Máy,Mưa,0.495919,0.614409,16,0,95.77,Cao điểm Tối,2.24
Cần Thơ,,0,19.95,Xe ViP,Mưa Bão,0.513579,0.91728,0,0,99.63,Cao điểm Sáng,2.71
Hải Phòng,,0,14.48,Xe ViP,Mưa,0.644716,0.927847,0,0,94.77,Cao điểm Sáng,2.81
Cần Thơ,,4,9.3,Xe ViP,Nắng,0.24359,0.518896,16,0,93.36,Cao điểm Tối,1.64
Hồ Chí Minh,,3,13.75,Ô Tô 4 Chỗ,Nắng,0.201672,0.445503,7,0,88.32,Chiều,1.37
Đà Nẵng,,3,1.66,Xe Máy,Nhiều Mây,0.340824,0.928362,8,0,85.91,Cao điểm Tối,2.18
Đà Nẵng,,4,12.54,Xe ViP,Nắng,0.839798,0.955846,18,0,88.95,Cao điểm Tối,1.53
Hồ Chí Minh,,2,14.77,Xe ViP,Nắng,0.875214,0.50852,7,0,85.14,Chiều,1
Đà Nẵng,,2,1.76,Ô Tô 4 Chỗ,Mưa Bão,0.673145,0.819978,16,0,98.9,Cao điểm Sáng,1.89
Hải Phòng,,0,9.04,Xe Máy,Mưa,0.358144,0.886506,2,0,89.11,Cao điểm Tối,2.81
Hồ Chí Minh,,5,15.87,Xe Máy,Nhiều Mây,0.837063,0.634109,13,1,96.97,Cao điểm Tối,1.31
Đà Nẵng,,5,3.41,Xe ViP,Mưa Bão,0.474895,0.950209,12,1,98.13,Cao điểm Sáng,2.57
Đà Nẵng,,2,9.64,Xe ViP,Mưa,0.893389,0.453617,18,0,88.13,Chiều,1.23
Hà Nội,,3,14.76,Xe Máy,Nắng,0.908409,0.63788,11,0,86.49,Chiều,1
Hồ Chí Minh,,0,12.75,Ô Tô 4 Chỗ,Nắng,0.968346,0.584689,5,0,93.76,Cao điểm Tối,1.27
Hải Phòng,,6,19.27,Xe Máy,Nhiều Mây,0.654283,0.447985,10,1,94.47,Cao điểm Sáng,1.05
Hải Phòng,,6,9.36,Xe ViP,Mưa,0.292136,0.486391,22,1,88.77,Đêm,1.56
Đà Nẵng,,3,0.82,Ô Tô 4 Chỗ,Mưa,0.566032,0.7412,6,0,90.68,Cao điểm Tối,2.75
Hà Nội,,2,5.26,Xe Máy,Mưa,0.469965,0.420284,19,0,84.4,Chiều,1.39
Hà Nội,,1,8.93,Ô Tô 4 Chỗ,Mưa Bão,0.215223,0.516926,10,0,97.54,Cao điểm Tối,2.18
Hà Nội,,4,13.52,Xe ViP,Mưa,0.515066,0.646318,16,0,88.63,Đêm,1.59
Hải Phòng,,1,13.12,Ô Tô 4 Chỗ,Nhiều Mây,0.990707,0.471001,1,0,89.57,Cao điểm Sáng,1.32
Cần Thơ,,6,1.75,Xe Máy,Mưa,0.90279,0.549955,23,1,94.94,Cao điểm Tối,2.22
Đà Nẵng,,0,4.21,Xe ViP,Mưa Bão,0.396343,0.583783,11,0,86.81,Đêm,1.66
Cần Thơ,,4,15.2,Ô Tô 4 Chỗ,Nhiều Mây,0.537293,0.648421,7,0,92.09,Đêm,1.17
Hà Nội,,2,12.73,Ô Tô 4 Chỗ,Nắng,0.655049,0.760269,2,0,83.2,Chiều,1.16
Cần Thơ,,4,8.23,Xe Máy,Nắng,0.628228,0.568826,21,0,90.2,Cao điểm Tối,1.38
Cần Thơ,,4,19.09,Xe Máy,Nắng,0.317083,0.869161,14,0,91.03,Chiều,1.83
Hồ Chí Minh,,1,17.81,Xe ViP,Mưa Bão,0.285774,0.688508,2,0,94.86,Cao điểm Sáng,2.21
Cần Thơ,,2,10.67,Xe Máy,Mưa Bão,0.556072,0.929785,16,0,98.62,Cao điểm Sáng,3
Cần Thơ,,0,18.3,Xe Máy,Nhiều Mây,0.83039,0.566807,1,0,95.95,Chiều,1
Cần Thơ,,5,6.36,Xe Máy,Mưa,0.534724,0.886899,0,1,94.62,Cao điểm Sáng,2.78
Hà Nội,,2,11.33,Ô Tô 4 Chỗ,Nhiều Mây,0.469925,0.965227,13,0,83.67,Cao điểm Sáng,2.08
Hồ Chí Minh,,6,9.59,Ô Tô 4 Chỗ,Mưa,0.65482,0.592395,20,1,96.91,Chiều,1.29
Hồ Chí Minh,,0,18.11,Ô Tô 4 Chỗ,Mưa,0.607498,0.933863,4,0,92.17,Cao điểm Sáng,2.7
Hồ Chí Minh,,3,10.81,Ô Tô 4 Chỗ,Nhiều Mây,0.504078,0.899028,10,0,99.32,Đêm,1.59
Hồ Chí Minh,,6,13.97,Xe Máy,Mưa Bão,0.226935,0.426284,9,1,96.79,Cao điểm Tối,2.08
Hải Phòng,,2,18.76,Xe ViP,Mưa,0.694424,0.839491,0,0,96.14,Cao điểm Tối,2.66
Hà Nội,,5,11.08,Ô Tô 4 Chỗ,Mưa,0.24685,0.717191,19,1,90.62,Cao điểm Sáng,2.36
Đà Nẵng,,4,12.07,Xe ViP,Mưa Bão,0.761412,0.869165,19,0,91.51,Chiều,1.41
Đà Nẵng,,3,4.34,Ô Tô 4 Chỗ,Nắng,0.335668,0.626006,13,0,84.22,Chiều,1.44
Đà Nẵng,,6,19.33,Xe ViP,Nắng,0.239922,0.877883,3,1,94.62,Cao điểm Sáng,1.89
Hải Phòng,,3,13.41,Xe Máy,Mưa,0.75054,0.629318,15,0,92.07,Cao điểm Sáng,1.87
Đà Nẵng,,1,7.11,Xe ViP,Nắng,0.487856,0.725885,23,0,88.59,Cao điểm Tối,1.63
Cần Thơ,,0,0.68,Xe ViP,Mưa Bão,0.875794,0.768963,15,0,87.76,Đêm,1.29
Hải Phòng,,0,16.08,Xe Máy,Nắng,0.676843,0.920633,23,0,85.14,Cao điểm Tối,1.69
Hà Nội,,5,0.79,Xe ViP,Nhiều Mây,0.979396,0.748687,8,1,90.71,Đêm,1
Hải Phòng,,1,15.39,Xe Máy,Nắng,0.406433,0.506638,13,0,91.66,Cao điểm Tối,1.29
Hà Nội,,4,10.65,Ô Tô 4 Chỗ,Mưa Bão,0.730195,0.713285,23,0,85.09,Cao điểm Tối,1.51
Cần Thơ,,6,16.4,Xe ViP,Nắng,0.9873,0.977685,3,1,95.05,Cao điểm Sáng,1.36
Hà Nội,,5,14.78,Xe Máy,Mưa,0.474328,0.909693,13,1,99.18,Đêm,1.79
Hồ Chí Minh,,4,14.29,Xe ViP,Mưa,0.244391,0.442103,4,0,94.66,Chiều,1.53
Đà Nẵng,,5,4.87,Ô Tô 4 Chỗ,Nhiều Mây,0.731255,0.754573,22,1,86.28,Cao điểm Tối,1.24
Hải Phòng,,1,14.43,Xe Máy,Mưa Bão,0.739929,0.581922,3,0,90.24,Đêm,1.29
Đà Nẵng,,2,1.88,Xe Máy,Mưa,0.217499,0.60046,20,0,88.58,Đêm,1.73
Hà Nội,,1,18.06,Xe Máy,Nắng,0.444759,0.823411,6,0,88.23,Cao điểm Sáng,1.95
Cần Thơ,,0,14.33,Xe Máy,Nắng,0.264778,0.673446,20,0,97.68,Cao điểm Tối,1.99
Hải Phòng,,5,0.95,Ô Tô 4 Chỗ,Mưa Bão,0.656079,0.933816,6,1,97.99,Cao điểm Sáng,1.99
Đà Nẵng,,0,15.44,Ô Tô 4 Chỗ,Nhiều Mây,0.848727,0.661017,1,0,93.27,Chiều,1
Đà Nẵng,,1,8.09,Xe ViP,Mưa,0.293216,0.598857,13,0,91.53,Cao điểm Sáng,2.58
Cần Thơ,,3,8.77,Xe ViP,Nhiều Mây,0.619333,0.435898,14,0,96.46,Đêm,1
Hải Phòng,,1,9.49,Xe Máy,Nhiều Mây,0.781471,0.950123,13,0,90.02,Cao điểm Tối,1.64
Hà Nội,,2,6.48,Xe ViP,Nhiều Mây,0.891487,0.933708,3,0,85.32,Cao điểm Tối,1.37
Cần Thơ,,3,16.44,Xe ViP,Mưa Bão,0.946097,0.472433,17,0,95.32,Đêm,1.39
Hồ Chí Minh,,2,4.83,Ô Tô 4 Chỗ,Mưa,0.579707,0.950704,11,0,87.49,Chiều,1.85
Hồ Chí Minh,,1,15.24,Ô Tô 4 Chỗ,Nhiều Mây,0.936942,0.718065,22,0,96.05,Cao điểm Sáng,1.19
Đà Nẵng,,0,17.3,Xe Máy,Mưa Bão,0.539762,0.937506,9,0,86.41,Chiều,1.72
Hồ Chí Minh,,0,5.27,Xe ViP,Mưa,0.826115,0.749491,23,0,88.46,Cao điểm Tối,2.12
Hải Phòng,,3,14.09,Xe Máy,Nhiều Mây,0.810713,0.627854,13,0,92.56,Cao điểm Sáng,1.2
Hồ Chí Minh,,2,0.79,Ô Tô 4 Chỗ,Nhiều Mây,0.705874,0.765458,22,0,95.11,Cao điểm Tối,1.36
Hồ Chí Minh,,0,8.92,Ô Tô 4 Chỗ,Nắng,0.666297,0.878996,20,0,88.58,Cao điểm Sáng,1.65
Hà Nội,,4,4.14,Xe Máy,Mưa Bão,0.859484,0.806953,0,0,94.13,Chiều,1.2
Hồ Chí Minh,,4,5.94,Xe ViP,Mưa Bão,0.968872,0.445045,4,0,99.37,Đêm,1.13
Hà Nội,,1,19.72,Ô Tô 4 Chỗ,Nắng,0.810747,0.746277,10,0,92.43,Cao điểm Tối,1.25
Hà Nội,,6,14.82,Ô Tô 4 Chỗ,Mưa,0.219538,0.551074,21,1,96.81,Đêm,1.8
Đà Nẵng,,2,16.01,Xe ViP,Nắng,0.494373,0.914145,7,0,88.71,Đêm,1.63
Hồ Chí Minh,,2,13.86,Xe Máy,Nhiều Mây,0.231855,0.833732,17,0,87.09,Đêm,1.9
Hồ Chí Minh,,3,14.6,Xe ViP,Mưa Bão,0.510291,0.577905,1,0,96.86,Đêm,1.26
Cần Thơ,,1,15.43,Ô Tô 4 Chỗ,Mưa,0.966699,0.837766,1,0,97.32,Cao điểm Sáng,1.83
Cần Thơ,,5,4.23,Xe Máy,Nhiều Mây,0.444754,0.847578,2,1,97.77,Cao điểm Sáng,1.74
Hà Nội,,2,15.08,Ô Tô 4 Chỗ,Mưa Bão,0.963469,0.879176,10,0,85.97,Cao điểm Sáng,1.61
Hà Nội,,1,13.3,Xe ViP,Nắng,0.591637,0.911013,11,0,95.1,Chiều,1.48
Cần Thơ,,1,16.24,Xe Máy,Mưa Bão,0.450728,0.566247,10,0,90.03,Cao điểm Sáng,2.05
Hồ Chí Minh,,0,18.08,Xe Máy,Mưa Bão,0.460525,0.904044,12,0,97.31,Đêm,2.04
Hà Nội,,1,16.2,Ô Tô 4 Chỗ,Mưa Bão,0.687843,0.629853,15,0,87.79,Chiều,1.1
Hồ Chí Minh,,5,4.18,Xe ViP,Mưa,0.386606,0.988328,20,1,94.59,Chiều,2.23
Đà Nẵng,,3,18.44,Ô Tô 4 Chỗ,Nhiều Mây,0.483408,0.474849,3,0,92.07,Đêm,1
Hà Nội,,6,5.85,Ô Tô 4 Chỗ,Nắng,0.296044,0.904596,18,1,95.79,Cao điểm Tối,2.01
Hà Nội,,3,2.34,Ô Tô 4 Chỗ,Mưa,0.748587,0.445812,3,0,92.99,Cao điểm Tối,2.18
Hồ Chí Minh,,1,6.78,Xe Máy,Mưa,0.505086,0.961274,19,0,87.71,Chiều,1.97
Đà Nẵng,,5,8.33,Xe Máy,Mưa Bão,0.829871,0.794541,11,1,98.55,Cao điểm Sáng,2.45
Hồ Chí Minh,,1,1.74,Ô Tô 4 Chỗ,Nhiều Mây,0.915469,0.429315,5,0,90.78,Đêm,1
Hà Nội,,6,3.94,Xe ViP,Mưa,0.99277,0.824696,8,1,92.72,Cao điểm Sáng,2.2
Hồ Chí Minh,,4,10.33,Ô Tô 4 Chỗ,Nhiều Mây,0.347635,0.764122,3,0,98.81,Đêm,1.62
Hồ Chí Minh,,6,17.6,Ô Tô 4 Chỗ,Nhiều Mây,0.756246,0.605196,16,1,92.69,Chiều,1
Hồ Chí Minh,,3,16.31,Xe ViP,Nhiều Mây,0.934239,0.98473,21,0,95.19,Cao điểm Sáng,1.36
Cần Thơ,,3,6.48,Ô Tô 4 Chỗ,Nhiều Mây,0.362131,0.871772,16,0,93.18,Đêm,1.76
Hà Nội,,4,2.83,Ô Tô 4 Chỗ,Mưa Bão,0.34071,0.970091,20,0,86.12,Đêm,2.25
Hồ Chí Minh,,5,13.67,Xe Máy,Nhiều Mây,0.896693,0.425516,9,1,93.35,Đêm,1
Hồ Chí Minh,,5,2.38,Ô Tô 4 Chỗ,Mưa Bão,0.614962,0.43348,22,1,91.59,Chiều,1.37
Cần Thơ,,1,18.6,Xe ViP,Mưa,0.723273,0.836709,6,0,85.85,Đêm,1.52
Hà Nội,,6,18.2,Ô Tô 4 Chỗ,Mưa Bão,0.327993,0.883725,16,1,86.88,Cao điểm Sáng,2.73
Hà Nội,,5,18.33,Ô Tô 4 Chỗ,Mưa Bão,0.862836,0.874989,5,1,89.78,Cao điểm Tối,2.16
Cần Thơ,,3,10.09,Xe Máy,Nhiều Mây,0.893559,0.60415,16,0,93.19,Cao điểm Sáng,1.13
Hà Nội,,2,11.33,Ô Tô 4 Chỗ,Nhiều Mây,0.576212,0.614523,15,0,93.91,Chiều,1.06
Cần Thơ,,3,17.15,Xe ViP,Mưa,0.880333,0.407502,5,0,95.91,Cao điểm Tối,2.28
Đà Nẵng,,6,3.41,Ô Tô 4 Chỗ,Nhiều Mây,0.259038,0.95564,7,1,91.18,Cao điểm Sáng,2.19
Hải Phòng,,6,1.31,Ô Tô 4 Chỗ,Mưa,0.385025,0.48009,17,1,96.3,Cao điểm Sáng,2.26
Hồ Chí Minh,,4,6.5,Xe Máy,Nhiều Mây,0.241245,0.674422,15,0,91.8,Cao điểm Sáng,1.87
Hải Phòng,,6,14.3,Ô Tô 4 Chỗ,Mưa,0.351425,0.659204,13,1,84.29,Chiều,1.6
Cần Thơ,,0,13.2,Xe ViP,Nhiều Mây,0.574069,0.486812,7,0,86.11,Chiều,1
Hồ Chí Minh,,3,5.44,Ô Tô 4 Chỗ,Nhiều Mây,0.230448,0.643742,6,0,86.44,Cao điểm Sáng,1.81
Đà Nẵng,,2,19.63,Xe ViP,Mưa,0.628579,0.610156,7,0,93.46,Đêm,1.27
Đà Nẵng,,3,19.69,Ô Tô 4 Chỗ,Mưa Bão,0.502684,0.972235,9,0,93.09,Chiều,1.81
Hồ Chí Minh,,5,16.5,Xe ViP,Nắng,0.36143,0.951788,6,1,96.81,Cao điểm Sáng,2.19
Hải Phòng,,3,13.65,Xe ViP,Nhiều Mây,0.701229,0.494312,19,0,88.71,Đêm,1
Đà Nẵng,,2,4.67,Xe ViP,Nắng,0.698287,0.590805,11,0,90.38,Cao điểm Tối,1.37
Cần Thơ,,1,7.63,Xe Máy,Nhiều Mây,0.448671,0.565492,7,0,96.17,Chiều,1.18
Đà Nẵng,,1,8.91,Ô Tô 4 Chỗ,Nhiều Mây,0.369926,0.416516,4,0,96.95,Cao điểm Tối,1.42
Hồ Chí Minh,,4,15.34,Xe ViP,Nắng,0.373367,0.697311,16,0,91.67,Cao điểm Sáng,1.74
Cần Thơ,,5,18.18,Ô Tô 4 Chỗ,Nhiều Mây,0.777269,0.591107,14,1,94.11,Đêm,1
Hải Phòng,,0,19.16,Xe Máy,Mưa Bão,0.465283,0.428079,7,0,88.42,Chiều,1.22
Cần Thơ,,1,16.06,Ô Tô 4 Chỗ,Nắng,0.909291,0.723169,11,0,97.96,Cao điểm Tối,1.34
Đà Nẵng,,3,18.35,Ô Tô 4 Chỗ,Nắng,0.95045,0.849254,17,0,87.44,Chiều,1
Hà Nội,,4,12.86,Xe ViP,Nhiều Mây,0.871486,0.867418,10,0,96.49,Chiều,1
Cần Thơ,,3,1.38,Xe ViP,Nắng,0.255632,0.782897,16,0,85.77,Chiều,1.79
Hải Phòng,,3,14.98,Ô Tô 4 Chỗ,Nhiều Mây,0.4025,0.419136,7,0,93.9,Cao điểm Sáng,1.24
Cần Thơ,,5,14.65,Xe Máy,Mưa Bão,0.817494,0.583086,21,1,95.6,Cao điểm Sáng,1.86
Hà Nội,,1,5.39,Ô Tô 4 Chỗ,Nhiều Mây,0.40326,0.993676,6,0,90.41,Đêm,1.89
Cần Thơ,,2,15.58,Xe ViP,Mưa Bão,0.705938,0.818455,3,0,93.99,Cao điểm Tối,2.53
Hải Phòng,,6,4.53,Xe Máy,Mưa Bão,0.45219,0.517524,15,1,98.83,Chiều,1.37
Cần Thơ,,5,14.52,Xe ViP,Mưa Bão,0.519943,0.918369,4,1,96.69,Cao điểm Tối,2.48
Hồ Chí Minh,,5,12.03,Xe Máy,Nhiều Mây,0.539228,0.587575,18,1,97.39,Cao điểm Tối,1.42
Hải Phòng,,5,17.45,Xe Máy,Mưa Bão,0.354469,0.830336,22,1,98.8,Cao điểm Tối,2.27
Hà Nội,,5,6.38,Ô Tô 4 Chỗ,Mưa,0.623551,0.555573,15,1,97.12,Cao điểm Tối,1.52
Hải Phòng,,0,18.41,Xe Máy,Nhiều Mây,0.941262,0.585883,14,0,90.33,Cao điểm Sáng,1.16
Hồ Chí Minh,,6,6.69,Ô Tô 4 Chỗ,Mưa,0.732185,0.962057,19,1,96.96,Cao điểm Tối,2.58
Hà Nội,,6,19.82,Xe ViP,Mưa Bão,0.440095,0.553328,20,1,88.86,Cao điểm Sáng,2.66
Hải Phòng,,4,2.02,Xe ViP,Mưa,0.943943,0.842519,3,0,90.28,Đêm,1.15
Hà Nội,,3,7.29,Xe ViP,Nắng,0.595427,0.68442,5,0,84.02,Chiều,1.13
Hồ Chí Minh,,5,4.7,Xe ViP,Nhiều Mây,0.377616,0.8379,19,1,95.03,Cao điểm Tối,1.81
Đà Nẵng,,1,8.94,Xe Máy,Nhiều Mây,0.731446,0.849735,23,0,91.21,Đêm,1.18
Hà Nội,,1,11.16,Xe Máy,Mưa Bão,0.96726,0.920864,3,0,94.09,Cao điểm Sáng,2.14
Cần Thơ,,5,6.22,Xe Máy,Mưa,0.654323,0.681291,8,1,88.74,Cao điểm Tối,1.94
Hải Phòng,,5,7,Xe ViP,Mưa Bão,0.393868,0.964721,18,1,96.11,Cao điểm Tối,2.37
Hồ Chí Minh,,4,15.03,Ô Tô 4 Chỗ,Mưa,0.844053,0.579744,12,0,88.65,Chiều,1.18
Cần Thơ,,2,1.45,Xe ViP,Mưa,0.324764,0.722046,20,0,86.47,Cao điểm Tối,2.33
Cần Thơ,,6,19.88,Ô Tô 4 Chỗ,Nắng,0.217391,0.98637,17,1,94.7,Đêm,1.91
Cần Thơ,,6,19.24,Ô Tô 4 Chỗ,Nhiều Mây,0.737399,0.42284,14,1,88.71,Chiều,1
Đà Nẵng,,3,15.52,Ô Tô 4 Chỗ,Nắng,0.311123,0.738137,18,0,95.57,Cao điểm Tối,1.96
Hà Nội,,6,9.13,Xe ViP,Mưa,0.35971,0.862605,11,1,95.32,Cao điểm Tối,2.94
Đà Nẵng,,0,6.92,Xe ViP,Mưa Bão,0.792415,0.513175,9,0,92.49,Cao điểm Tối,1.6
Hồ Chí Minh,,3,2.41,Ô Tô 4 Chỗ,Mưa Bão,0.457132,0.493552,10,0,91.25,Cao điểm Tối,2.11
Hồ Chí Minh,,5,17.31,Xe Máy,Nắng,0.968416,0.537624,16,1,94.58,Chiều,1
Đà Nẵng,,5,8.17,Ô Tô 4 Chỗ,Mưa Bão,0.662453,0.698277,15,1,95.1,Đêm,1.35
Hà Nội,,6,11.4,Xe ViP,Mưa,0.662453,0.791332,5,1,96.64,Cao điểm Sáng,2.2
Hải Phòng,,4,16.42,Ô Tô 4 Chỗ,Nhiều Mây,0.320273,0.619434,4,0,97.83,Chiều,1.45
Hồ Chí Minh,,2,9.99,Xe ViP,Mưa Bão,0.349222,0.748691,8,0,96.72,Cao điểm Sáng,2.79
Hà Nội,,6,14.78,Xe Máy,Mưa,0.393994,0.89675,9,1,97.46,Đêm,2.12
Hải Phòng,,3,4.99,Ô Tô 4 Chỗ,Nắng,0.988202,0.635617,1,0,92.34,Đêm,1
Hà Nội,,1,17.58,Ô Tô 4 Chỗ,Nắng,0.365224,0.960583,1,0,94.29,Đêm,1.89
Hồ Chí Minh,,2,6.21,Xe Máy,Mưa,0.322281,0.86099,1,0,87.86,Đêm,1.97
Hồ Chí Minh,,2,1.74,Xe Máy,Mưa Bão,0.334359,0.865234,9,0,96.33,Cao điểm Sáng,2.39
Cần Thơ,,1,2.53,Xe ViP,Nắng,0.310085,0.911226,10,0,94.96,Chiều,1.9
Cần Thơ,,1,9.49,Xe ViP,Nhiều Mây,0.512108,0.654049,16,0,89.3,Cao điểm Tối,1.43
Cần Thơ,,4,19.87,Xe Máy,Nhiều Mây,0.910983,0.899563,10,0,94.53,Chiều,1
Hà Nội,,3,11.02,Xe Máy,Nhiều Mây,0.989378,0.584413,2,0,95.42,Chiều,1
Hồ Chí Minh,,3,9.92,Ô Tô 4 Chỗ,Nhiều Mây,0.204464,0.957925,8,0,97.54,Cao điểm Tối,2.26
Cần Thơ,,4,6.9,Ô Tô 4 Chỗ,Nhiều Mây,0.416727,0.678971,17,0,96.41,Cao điểm Sáng,1.62
Hà Nội,,4,9.55,Xe ViP,Mưa,0.291465,0.887669,5,0,97.67,Cao điểm Sáng,3.26
Hải Phòng,,6,4.85,Xe ViP,Mưa Bão,0.658405,0.825732,8,1,88.65,Đêm,1.62
Đà Nẵng,,1,1.83,Ô Tô 4 Chỗ,Nắng,0.293445,0.840622,1,0,97.2,Chiều,1.82
Đà Nẵng,,1,2.33,Xe Máy,Mưa Bão,0.743686,0.486972,23,0,88.8,Chiều,1.27
Đà Nẵng,,5,17.71,Ô Tô 4 Chỗ,Nắng,0.406356,0.827413,17,1,95.37,Đêm,1.53
Hà Nội,,3,5.89,Ô Tô 4 Chỗ,Mưa Bão,0.947312,0.93542,12,0,92.39,Cao điểm Tối,2.12
Hải Phòng,,0,17.3,Xe Máy,Nắng,0.32231,0.416948,5,0,93.22,Cao điểm Tối,1.53
Cần Thơ,,2,18.55,Xe Máy,Nhiều Mây,0.742488,0.485187,13,0,86.38,Đêm,1
Cần Thơ,,5,19.36,Xe ViP,Mưa Bão,0.71331,0.826928,1,1,86.35,Cao điểm Tối,2.35
Đà Nẵng,,5,4.36,Ô Tô 4 Chỗ,Mưa,0.701258,0.779502,7,1,97.34,Chiều,1.24
Cần Thơ,,2,7.2,Xe Máy,Nắng,0.278802,0.826194,17,0,90.64,Cao điểm Sáng,2.11
Cần Thơ,,2,3.51,Xe ViP,Mưa Bão,0.350077,0.639539,9,0,88.86,Đêm,1.7
Đà Nẵng,,1,5.43,Ô Tô 4 Chỗ,Mưa Bão,0.215397,0.599957,3,0,90.55,Cao điểm Sáng,2.99
Hồ Chí Minh,,3,1.18,Ô Tô 4 Chỗ,Nắng,0.764696,0.456049,13,0,89.37,Cao điểm Tối,1.27
Hải Phòng,,4,14.38,Xe Máy,Nhiều Mây,0.376565,0.79905,3,0,95.96,Cao điểm Tối,1.78
Hà Nội,,6,18.76,Xe ViP,Nhiều Mây,0.202422,0.893935,3,1,96.86,Đêm,2.04
Hà Nội,,4,3.49,Xe Máy,Mưa Bão,0.659519,0.639302,17,0,87.38,Cao điểm Sáng,1.84
Hà Nội,,0,11.21,Ô Tô 4 Chỗ,Mưa,0.710461,0.573752,11,0,95.83,Đêm,1.2
Đà Nẵng,,4,2.22,Ô Tô 4 Chỗ,Mưa,0.372392,0.732023,5,0,89.5,Cao điểm Sáng,3.01
Hải Phòng,,3,2.41,Xe Máy,Nhiều Mây,0.559567,0.897611,8,0,90.06,Chiều,1.51
Hải Phòng,,3,7.88,Ô Tô 4 Chỗ,Nắng,0.881045,0.576199,8,0,97.49,Cao điểm Tối,1.34
Hà Nội,,4,18.22,Ô Tô 4 Chỗ,Nắng,0.581546,0.562638,11,0,93.71,Đêm,1
Đà Nẵng,,4,12.19,Xe ViP,Nhiều Mây,0.448038,0.616377,9,0,95.25,Cao điểm Sáng,1.54
Đà Nẵng,,0,15.29,Xe Máy,Nắng,0.749415,0.911945,3,0,94.32,Cao điểm Sáng,1.42
Đà Nẵng,,6,16.01,Xe ViP,Mưa Bão,0.390604,0.94642,6,1,94.02,Đêm,2.19
Đà Nẵng,,3,2.97,Xe ViP,Nhiều Mây,0.576373,0.454966,13,0,91.23,Cao điểm Tối,1.23
Hải Phòng,,6,17.88,Ô Tô 4 Chỗ,Mưa,0.354638,0.709782,12,1,91.67,Cao điểm Sáng,2.46
Hồ Chí Minh,,5,15.33,Xe ViP,Mưa Bão,0.308982,0.869646,19,1,89.87,Cao điểm Tối,3.32
Đà Nẵng,,6,3.17,Xe Máy,Mưa,0.360334,0.455735,9,1,97.12,Chiều,1.45
Cần Thơ,,0,2.9,Ô Tô 4 Chỗ,Nhiều Mây,0.933852,0.740278,19,0,94.87,Đêm,1
Hải Phòng,,4,2.75,Xe Máy,Nhiều Mây,0.304778,0.491779,4,0,98.94,Chiều,1.28
Đà Nẵng,,3,18.63,Xe Máy,Nhiều Mây,0.986189,0.644694,4,0,86.22,Đêm,1
Đà Nẵng,,2,6.76,Xe Máy,Nhiều Mây,0.950047,0.863361,5,0,96.37,Cao điểm Sáng,1.18
Hồ Chí Minh,,1,17.76,Xe Máy,Nhiều Mây,0.224999,0.429735,12,0,97.66,Cao điểm Tối,1.5
Cần Thơ,,4,4.48,Xe ViP,Mưa Bão,0.556787,0.785404,8,0,91.45,Đêm,1.53
Hà Nội,,2,7.08,Ô Tô 4 Chỗ,Mưa Bão,0.745747,0.766049,22,0,91.39,Cao điểm Tối,2.12
Cần Thơ,,6,18.85,Ô Tô 4 Chỗ,Mưa,0.653455,0.403679,1,1,90.43,Đêm,1.24
Hồ Chí Minh,,6,7.73,Ô Tô 4 Chỗ,Mưa Bão,0.870747,0.428836,10,1,95.13,Cao điểm Sáng,2.07
Hải Phòng,,1,8.98,Ô Tô 4 Chỗ,Mưa,0.853431,0.406768,8,0,91.55,Đêm,1.29
Đà Nẵng,,0,19.54,Ô Tô 4 Chỗ,Nắng,0.6699,0.838678,20,0,87.32,Cao điểm Tối,1.49
Hải Phòng,,2,13,Xe ViP,Nắng,0.672875,0.424515,15,0,95.16,Cao điểm Tối,1.37
Đà Nẵng,,6,6.26,Xe ViP,Mưa Bão,0.654548,0.620188,1,1,86.81,Cao điểm Tối,1.63
Cần Thơ,,0,14.49,Xe ViP,Nhiều Mây,0.812426,0.979751,9,0,94.34,Cao điểm Sáng,1.4
Đà Nẵng,,1,13.48,Ô Tô 4 Chỗ,Nắng,0.691328,0.794868,23,0,95.78,Đêm,1.16
Cần Thơ,,0,8.71,Xe Máy,Nhiều Mây,0.613201,0.77899,10,0,92.28,Chiều,1.25
Hồ Chí Minh,,6,5.12,Ô Tô 4 Chỗ,Mưa,0.869367,0.629257,12,1,89.77,Đêm,1.17
Hồ Chí Minh,,4,1.17,Xe Máy,Nhiều Mây,0.698019,0.530649,7,0,87.37,Chiều,1
Hà Nội,,0,3.65,Ô Tô 4 Chỗ,Mưa Bão,0.31094,0.983554,4,0,95.65,Cao điểm Sáng,2.78
Hà Nội,,5,0.81,Xe Máy,Nắng,0.630659,0.654247,10,1,93.09,Chiều,1.04
Hải Phòng,,4,11.38,Ô Tô 4 Chỗ,Nhiều Mây,0.617745,0.551201,15,0,88.17,Cao điểm Tối,1.32
Hải Phòng,,2,8.81,Xe ViP,Nắng,0.791832,0.953232,17,0,91.73,Cao điểm Sáng,1.56
Hồ Chí Minh,,0,4.87,Xe ViP,Mưa Bão,0.979217,0.92882,6,0,91.78,Cao điểm Tối,1.66
Hồ Chí Minh,,1,15.56,Xe ViP,Mưa,0.791324,0.928958,14,0,96.12,Cao điểm Sáng,2.41
Cần Thơ,,5,17.5,Ô Tô 4 Chỗ,Mưa Bão,0.331047,0.826926,7,1,90.75,Cao điểm Tối,2.8
Hồ Chí Minh,,2,2.32,Xe Máy,Mưa,0.787397,0.478805,2,0,93.32,Cao điểm Tối,1.8
Hà Nội,,1,7.05,Ô Tô 4 Chỗ,Mưa Bão,0.946745,0.461111,18,0,90.99,Chiều,1.27
Hà Nội,,3,18.36,Ô Tô 4 Chỗ,Mưa,0.760666,0.705935,15,0,94.81,Cao điểm Tối,2.2
Đà Nẵng,,0,1.95,Xe ViP,Mưa,0.259988,0.742576,11,0,94.44,Chiều,1.84
Hồ Chí Minh,,5,5.5,Ô Tô 4 Chỗ,Mưa,0.535596,0.990624,9,1,88.69,Chiều,1.79
Đà Nẵng,,2,17.73,Ô Tô 4 Chỗ,Nắng,0.283106,0.774495,20,0,94.17,Cao điểm Sáng,1.86
Đà Nẵng,,0,6.59,Xe ViP,Nhiều Mây,0.57418,0.633737,21,0,86.22,Cao điểm Tối,1.34
Hà Nội,,0,15.01,Xe Máy,Nhiều Mây,0.239786,0.541166,2,0,91.68,Cao điểm Sáng,1.58
Đà Nẵng,,3,10.1,Xe Máy,Nắng,0.361343,0.981963,15,0,86.51,Cao điểm Tối,2.05
Cần Thơ,,0,13.22,Xe ViP,Mưa,0.760431,0.405412,12,0,94.19,Chiều,1.33
Cần Thơ,,4,16.81,Xe ViP,Nắng,0.77581,0.948781,13,0,98.07,Cao điểm Tối,1.55
Cần Thơ,,2,3.27,Xe ViP,Nhiều Mây,0.727485,0.984246,21,0,86.35,Cao điểm Tối,1.5
Hải Phòng,,3,15.06,Ô Tô 4 Chỗ,Nắng,0.49962,0.453471,1,0,96.89,Cao điểm Tối,1.17
Hải Phòng,,1,18.99,Ô Tô 4 Chỗ,Nhiều Mây,0.569697,0.603308,6,0,86.88,Cao điểm Tối,1.33
Hồ Chí Minh,,3,18.52,Ô Tô 4 Chỗ,Mưa Bão,0.229178,0.868756,23,0,94.5,Chiều,2.35
Đà Nẵng,,4,14.14,Ô Tô 4 Chỗ,Mưa,0.766482,0.919683,8,0,92.16,Chiều,1.6
Hà Nội,,4,11.23,Xe ViP,Nắng,0.319476,0.672042,20,0,87.43,Đêm,1.53
Đà Nẵng,,3,7.9,Xe ViP,Nắng,0.628266,0.559339,3,0,85.72,Cao điểm Tối,1.14
Đà Nẵng,,3,11.06,Xe Máy,Nắng,0.848441,0.427245,14,0,89.03,Đêm,1
Cần Thơ,,6,14.37,Xe Máy,Mưa,0.22428,0.722334,8,1,87.73,Cao điểm Sáng,2.34
Hà Nội,,4,17.74,Xe ViP,Mưa,0.467267,0.426309,13,0,86.82,Đêm,1.37
Hải Phòng,,0,11.61,Xe ViP,Nắng,0.88716,0.990914,14,0,93.94,Cao điểm Tối,1.27
Hải Phòng,,2,1.3,Xe ViP,Nhiều Mây,0.342556,0.862279,1,0,85.49,Chiều,1.78
Hải Phòng,,1,11.41,Xe Máy,Mưa,0.557694,0.849986,4,0,97.26,Chiều,1.68
Hồ Chí Minh,,4,1.52,Xe ViP,Mưa Bão,0.777816,0.693432,7,0,94.3,Đêm,1.29
Cần Thơ,,0,2.31,Xe Máy,Mưa Bão,0.409904,0.434268,14,0,85.59,Đêm,1.31
Đà Nẵng,,2,3.54,Xe Máy,Mưa Bão,0.727323,0.955066,7,0,91.55,Đêm,1.5
Đà Nẵng,,0,3.72,Xe Máy,Mưa Bão,0.272964,0.689571,5,0,95.77,Cao điểm Sáng,2.42
Hải Phòng,,2,9.78,Ô Tô 4 Chỗ,Nắng,0.349416,0.857567,10,0,89.62,Chiều,1.76
Đà Nẵng,,5,11.16,Xe Máy,Nắng,0.81344,0.87918,0,1,97.43,Chiều,1
Đà Nẵng,,5,8.85,Xe Máy,Nắng,0.309043,0.925775,8,1,94.09,Chiều,1.85
Hồ Chí Minh,,0,9.35,Ô Tô 4 Chỗ,Mưa,0.442263,0.614339,12,0,96.02,Đêm,1.58
Cần Thơ,,4,7.42,Xe ViP,Nhiều Mây,0.602088,0.869655,22,0,93.44,Cao điểm Sáng,1.61
Hải Phòng,,1,17.2,Ô Tô 4 Chỗ,Nhiều Mây,0.766213,0.642135,11,0,89.47,Đêm,1
Cần Thơ,,4,6.37,Ô Tô 4 Chỗ,Mưa,0.78018,0.57212,17,0,86.32,Cao điểm Tối,2.09
Hồ Chí Minh,,1,9.04,Xe Máy,Nắng,0.770581,0.41183,10,0,87.53,Cao điểm Tối,1.34
Hà Nội,,2,9.68,Xe Máy,Mưa Bão,0.741334,0.511515,22,0,88.07,Đêm,1.38
Cần Thơ,,0,17.7,Xe Máy,Mưa,0.974043,0.993403,8,0,90.01,Cao điểm Sáng,1.93
Cần Thơ,,5,14.53,Xe Máy,Nhiều Mây,0.454571,0.784259,22,1,83.99,Đêm,1.4
Hà Nội,,2,16.64,Ô Tô 4 Chỗ,Nắng,0.927811,0.63959,17,0,94.6,Chiều,1
Đà Nẵng,,2,16.67,Xe ViP,Nắng,0.623782,0.536248,12,0,88.46,Chiều,1
Hải Phòng,,4,4.9,Xe Máy,Mưa Bão,0.227549,0.856651,11,0,89.4,Cao điểm Tối,3.3
Hải Phòng,,1,13.1,Xe ViP,Mưa,0.305997,0.444018,0,0,87.47,Chiều,1.43
Đà Nẵng,,1,10.1,Xe ViP,Mưa Bão,0.628518,0.854798,10,0,92.17,Cao điểm Tối,1.87
Đà Nẵng,,3,2.81,Xe Máy,Nắng,0.771414,0.875932,21,0,85.06,Cao điểm Tối,1.44
Đà Nẵng,,4,15.5,Xe ViP,Nhiều Mây,0.841597,0.41034,8,0,90.58,Đêm,1
Cần Thơ,,0,16.31,Xe Máy,Mưa,0.411384,0.584021,7,0,89.4,Chiều,1.62
Cần Thơ,,0,10.12,Xe ViP,Mưa,0.261949,0.504394,15,0,83.82,Cao điểm Sáng,2.48
Đà Nẵng,,1,4.55,Ô Tô 4 Chỗ,Nắng,0.375075,0.558602,7,0,97.1,Đêm,1.28
Hà Nội,,3,17.05,Ô Tô 4 Chỗ,Mưa,0.45178,0.867433,19,0,89.68,Đêm,1.96
Hải Phòng,,0,14.43,Xe Máy,Mưa,0.645975,0.91515,21,0,93.39,Chiều,1.55
Đà Nẵng,,0,12.98,Xe ViP,Nhiều Mây,0.688113,0.731754,11,0,88.05,Cao điểm Sáng,1.35
Hà Nội,,3,11,Xe ViP,Nắng,0.772576,0.428668,23,0,85.72,Đêm,1
Hải Phòng,,6,13.52,Ô Tô 4 Chỗ,Nắng,0.95366,0.932472,1,1,89.08,Đêm,1
Hồ Chí Minh,,6,18.94,Xe ViP,Mưa,0.255823,0.525539,5,1,88.83,Cao điểm Sáng,2.27
Cần Thơ,,2,16.02,Xe Máy,Nhiều Mây,0.684551,0.432356,8,0,90.71,Cao điểm Sáng,1.1
Hồ Chí Minh,,4,16.95,Xe Máy,Mưa Bão,0.627211,0.80362,1,0,97.77,Cao điểm Tối,2.07
Đà Nẵng,,0,7.47,Ô Tô 4 Chỗ,Nhiều Mây,0.53506,0.578334,13,0,84.66,Đêm,1.06
Cần Thơ,,1,7.33,Xe Máy,Nắng,0.461561,0.976052,2,0,97.08,Cao điểm Sáng,1.88
Cần Thơ,,4,15.56,Ô Tô 4 Chỗ,Nhiều Mây,0.959585,0.537322,8,0,95.91,Cao điểm Tối,1.37
Hồ Chí Minh,,6,8.9,Ô Tô 4 Chỗ,Mưa Bão,0.338209,0.895951,21,1,90.48,Cao điểm Sáng,2.95
Hải Phòng,,3,6.03,Xe Máy,Nhiều Mây,0.227034,0.565199,22,0,97.67,Cao điểm Sáng,1.72
Hải Phòng,,4,10.57,Ô Tô 4 Chỗ,Mưa,0.352009,0.688853,4,0,88.22,Cao điểm Sáng,2.26
Hồ Chí Minh,,4,14.61,Xe Máy,Mưa Bão,0.379419,0.461737,21,0,88.86,Cao điểm Tối,1.89
Hải Phòng,,2,2.55,Xe ViP,Nhiều Mây,0.860738,0.617888,12,0,96.33,Đêm,1
Đà Nẵng,,6,17.25,Ô Tô 4 Chỗ,Nhiều Mây,0.246809,0.866925,4,1,91.24,Đêm,1.82
Hải Phòng,,6,15.42,Xe Máy,Nắng,0.582752,0.669073,19,1,86.9,Chiều,1.06
Hồ Chí Minh,,3,9.66,Ô Tô 4 Chỗ,Mưa Bão,0.828548,0.761049,15,0,96.66,Đêm,1.13
Hồ Chí Minh,,2,6.27,Xe ViP,Mưa Bão,0.38433,0.839713,3,0,90.15,Cao điểm Sáng,3.17
Hải Phòng,,4,4,Xe ViP,Mưa,0.787906,0.820303,8,0,96.42,Chiều,1.36
Đà Nẵng,,6,14.5,Xe Máy,Mưa,0.843496,0.670797,2,1,97.94,Cao điểm Sáng,1.71
Hà Nội,,2,5.28,Xe ViP,Nắng,0.718673,0.877737,5,0,89.4,Cao điểm Sáng,1.58
Hồ Chí Minh,,5,14.45,Xe Máy,Mưa Bão,0.246207,0.958561,20,1,92.14,Cao điểm Sáng,3.14
Hải Phòng,,4,9.4,Ô Tô 4 Chỗ,Mưa,0.776882,0.726524,18,0,89.72,Cao điểm Sáng,2.04
Hải Phòng,,3,3.26,Xe ViP,Nhiều Mây,0.565934,0.604437,8,0,95.37,Cao điểm Tối,1.21
Hà Nội,,2,19.01,Xe ViP,Mưa,0.512247,0.682061,3,0,88.09,Cao điểm Sáng,2.37
Hà Nội,,0,17.14,Xe ViP,Mưa,0.539196,0.538015,2,0,97.72,Chiều,1.28
Hải Phòng,,3,2.14,Ô Tô 4 Chỗ,Mưa,0.966613,0.953619,8,0,89.26,Đêm,1.28
Hồ Chí Minh,,5,11.27,Xe Máy,Mưa,0.761039,0.707576,12,1,94.94,Đêm,1.29
Đà Nẵng,,3,7.84,Xe Máy,Nắng,0.522733,0.693681,19,0,89.17,Cao điểm Tối,1.65
Hà Nội,,0,4.6,Ô Tô 4 Chỗ,Mưa,0.52434,0.837427,6,0,89.16,Cao điểm Sáng,2.02
Hải Phòng,,2,10.49,Xe Máy,Mưa Bão,0.584101,0.732502,23,0,97.27,Chiều,1.47
Hà Nội,,3,16.33,Xe ViP,Nhiều Mây,0.7337,0.423972,14,0,93.78,Cao điểm Tối,1.39
Hải Phòng,,6,17.18,Ô Tô 4 Chỗ,Mưa,0.349849,0.81637,14,1,87.35,Chiều,2.01
Hải Phòng,,3,14.66,Xe ViP,Mưa,0.412435,0.563849,21,0,94.59,Đêm,1.57
Cần Thơ,,0,18.78,Ô Tô 4 Chỗ,Nhiều Mây,0.391013,0.748993,10,0,90.76,Chiều,1.54
Đà Nẵng,,0,3.5,Xe ViP,Mưa Bão,0.702298,0.697008,13,0,96.26,Đêm,1.39
Hà Nội,,0,6.01,Xe Máy,Nắng,0.345837,0.741832,18,0,97.83,Đêm,1.59
Hải Phòng,,1,18.92,Xe ViP,Nắng,0.396395,0.407524,21,0,97.78,Đêm,1.02
Hà Nội,,6,13.87,Xe ViP,Mưa Bão,0.383798,0.547086,6,1,96.24,Cao điểm Tối,2.14
Hải Phòng,,2,9.79,Xe Máy,Nhiều Mây,0.728262,0.649414,19,0,89.08,Cao điểm Sáng,1.26
Đà Nẵng,,0,18.96,Xe ViP,Mưa Bão,0.787689,0.834077,14,0,87.31,Đêm,1.38
Cần Thơ,,1,1.64,Xe ViP,Nắng,0.764401,0.465164,4,0,88.09,Chiều,1
Hồ Chí Minh,,4,9.8,Xe Máy,Mưa,0.440451,0.61583,20,0,93.26,Chiều,1.46
Cần Thơ,,5,12.93,Xe ViP,Mưa Bão,0.589994,0.97357,11,1,91.88,Cao điểm Sáng,2.87
Đà Nẵng,,1,13.86,Xe ViP,Mưa Bão,0.882853,0.570396,11,0,86.25,Đêm,1.24
Hà Nội,,5,12.27,Xe Máy,Nắng,0.995512,0.734744,21,1,89.43,Cao điểm Tối,1.27
Hải Phòng,,5,3.22,Xe ViP,Mưa,0.769779,0.559868,7,1,94.04,Chiều,1.31
Hải Phòng,,5,7.48,Xe Máy,Nắng,0.925566,0.664214,7,1,88.59,Cao điểm Sáng,1.38
Hồ Chí Minh,,4,13.29,Xe Máy,Mưa,0.922274,0.500162,19,0,92.43,Đêm,1.24
Hồ Chí Minh,,0,12.6,Xe Máy,Mưa Bão,0.598222,0.630463,8,0,86.81,Chiều,1.34
Đà Nẵng,,4,1.3,Ô Tô 4 Chỗ,Nắng,0.834558,0.809857,10,0,89.06,Cao điểm Sáng,1.13
Hải Phòng,,0,11.01,Ô Tô 4 Chỗ,Nhiều Mây,0.870809,0.971836,6,0,90.15,Chiều,1.15
Cần Thơ,,5,0.61,Xe Máy,Mưa,0.212428,0.488483,21,1,87.19,Chiều,1.65
Hồ Chí Minh,,5,16.13,Ô Tô 4 Chỗ,Mưa Bão,0.663757,0.916329,1,1,88.16,Đêm,1.49
Đà Nẵng,,6,4.24,Xe ViP,Nhiều Mây,0.324607,0.421457,21,1,93.31,Chiều,1
Hà Nội,,4,11,Xe ViP,Mưa,0.579643,0.460308,15,0,96.21,Cao điểm Tối,2.05
Cần Thơ,,3,18.08,Xe ViP,Nắng,0.693136,0.562579,4,0,91.29,Chiều,1
Đà Nẵng,,1,5.72,Ô Tô 4 Chỗ,Mưa Bão,0.620879,0.615253,9,0,91.17,Đêm,1.19
Hà Nội,,3,4.97,Xe Máy,Nhiều Mây,0.435298,0.691856,12,0,92.78,Cao điểm Sáng,1.65
Cần Thơ,,3,11.58,Xe Máy,Nắng,0.94748,0.779123,7,0,85.86,Chiều,1
Hà Nội,,4,8.8,Xe ViP,Mưa,0.354884,0.566102,1,0,85.34,Cao điểm Sáng,2.72
Hồ Chí Minh,,4,10.68,Xe Máy,Nhiều Mây,0.264491,0.476685,9,0,93.77,Cao điểm Sáng,1.48
Cần Thơ,,5,17.25,Xe ViP,Mưa,0.451226,0.69386,9,1,98.91,Cao điểm Tối,2.36
Cần Thơ,,6,16.33,Ô Tô 4 Chỗ,Nhiều Mây,0.452051,0.901392,2,1,88.2,Chiều,1.39
Hồ Chí Minh,,2,1.15,Ô Tô 4 Chỗ,Mưa,0.312704,0.913935,0,0,94.08,Cao điểm Tối,2.59
Cần Thơ,,1,4.88,Ô Tô 4 Chỗ,Mưa Bão,0.389588,0.998587,22,0,95.28,Cao điểm Sáng,2.48
Cần Thơ,,5,1.01,Ô Tô 4 Chỗ,Nhiều Mây,0.667817,0.424326,11,1,88.03,Chiều,1
Hà Nội,,3,3.38,Xe ViP,Nắng,0.838937,0.681889,19,0,87.38,Đêm,1
Hà Nội,,4,17.24,Xe ViP,Nhiều Mây,0.474522,0.610345,22,0,85.85,Cao điểm Sáng,1.39
Cần Thơ,,5,5.06,Xe ViP,Mưa Bão,0.273831,0.665193,6,1,88.41,Cao điểm Tối,2.45
Hồ Chí Minh,,2,3.92,Xe ViP,Mưa Bão,0.595198,0.412627,11,0,98.97,Chiều,1.29
Hà Nội,,4,18.13,Ô Tô 4 Chỗ,Mưa,0.683189,0.433972,2,0,94.56,Cao điểm Sáng,2.02
Hà Nội,,1,2.68,Ô Tô 4 Chỗ,Nắng,0.523168,0.955571,10,0,93.05,Cao điểm Sáng,1.9
Đà Nẵng,,5,13.72,Ô Tô 4 Chỗ,Nhiều Mây,0.282939,0.698808,1,1,96.21,Chiều,1.57
Hà Nội,,2,7.14,Ô Tô 4 Chỗ,Nhiều Mây,0.478624,0.925246,4,0,87.47,Cao điểm Tối,1.92
Đà Nẵng,,2,19.27,Xe Máy,Mưa,0.968262,0.542899,5,0,93.33,Cao điểm Sáng,2.16
Hà Nội,,3,15.73,Xe Máy,Nhiều Mây,0.830327,0.971048,22,0,94.94,Đêm,1.21
Hà Nội,,1,17.51,Xe Máy,Mưa,0.549678,0.833287,4,0,96.18,Cao điểm Tối,2.34
Hải Phòng,,0,18.32,Xe ViP,Nắng,0.243961,0.793586,13,0,86.31,Đêm,1.82
Hà Nội,,4,6.91,Ô Tô 4 Chỗ,Mưa,0.83618,0.435802,2,0,92.61,Chiều,1.2
Hải Phòng,,6,13.46,Xe Máy,Mưa,0.709444,0.94117,14,1,96.52,Cao điểm Tối,2.65
Hồ Chí Minh,,2,12.94,Ô Tô 4 Chỗ,Mưa,0.948794,0.800008,3,0,96.97,Đêm,1.39
Cần Thơ,,5,12.53,Xe ViP,Mưa Bão,0.338247,0.40619,16,1,90.75,Chiều,1.45
Đà Nẵng,,4,1.43,Ô Tô 4 Chỗ,Mưa,0.871261,0.719163,17,0,94.23,Cao điểm Tối,1.82
Hà Nội,,2,11.96,Ô Tô 4 Chỗ,Mưa,0.529196,0.555585,4,0,88.52,Chiều,1.38
Đà Nẵng,,4,14.04,Xe Máy,Mưa Bão,0.637457,0.832656,0,0,93.35,Chiều,1.68
Hải Phòng,,4,19.7,Ô Tô 4 Chỗ,Nhiều Mây,0.86882,0.695153,5,0,86.17,Cao điểm Sáng,1.17
Cần Thơ,,2,13.86,Xe Máy,Mưa,0.352318,0.804134,16,0,87.1,Cao điểm Tối,2.3
Hải Phòng,,3,9.49,Xe ViP,Nắng,0.392591,0.57669,21,0,88.18,Cao điểm Sáng,1.45
Hồ Chí Minh,,4,8.33,Ô Tô 4 Chỗ,Mưa,0.840123,0.506984,3,0,90.19,Đêm,1.22
Cần Thơ,,5,4.11,Xe Máy,Mưa Bão,0.268285,0.662905,6,1,87.84,Đêm,1.9
Cần Thơ,,5,4.54,Xe ViP,Nhiều Mây,0.712766,0.989642,15,1,98.69,Đêm,1.36
Cần Thơ,,6,19.98,Xe ViP,Mưa,0.8322,0.512832,16,1,96.68,Chiều,1.23
Cần Thơ,,5,2.14,Xe Máy,Mưa Bão,0.239217,0.409653,8,1,96.39,Cao điểm Tối,1.95
Hải Phòng,,0,3.86,Ô Tô 4 Chỗ,Nhiều Mây,0.546808,0.594527,22,0,96.5,Cao điểm Sáng,1.33
Đà Nẵng,,3,10.96,Xe ViP,Mưa Bão,0.518792,0.749427,9,0,96.78,Cao điểm Tối,2.17
Hà Nội,,2,13.21,Xe ViP,Mưa Bão,0.624544,0.618504,13,0,94.72,Cao điểm Sáng,2.43
Đà Nẵng,,4,11.24,Xe Máy,Mưa Bão,0.707878,0.908333,17,0,90.77,Chiều,1.64
Hồ Chí Minh,,0,2.03,Xe ViP,Mưa,0.315606,0.531212,4,0,90.69,Chiều,1.71
Đà Nẵng,,1,1.87,Xe ViP,Nhiều Mây,0.513035,0.945197,9,0,95.05,Cao điểm Sáng,2.05
Hà Nội,,3,4.59,Ô Tô 4 Chỗ,Mưa Bão,0.727551,0.440953,11,0,93.59,Cao điểm Tối,2.02
Hải Phòng,,1,16.59,Ô Tô 4 Chỗ,Mưa Bão,0.806977,0.781717,12,0,88.87,Đêm,1.31
Hải Phòng,,5,1.78,Ô Tô 4 Chỗ,Mưa Bão,0.389544,0.495868,1,1,96.93,Chiều,1.5
Hà Nội,,5,1.55,Xe Máy,Nắng,0.95724,0.572515,14,1,92.06,Cao điểm Sáng,1.19
Hồ Chí Minh,,2,7.62,Xe ViP,Mưa Bão,0.636748,0.644323,3,0,89.59,Cao điểm Sáng,1.87
Cần Thơ,,0,0.97,Xe ViP,Nhiều Mây,0.447599,0.630832,11,0,97.11,Chiều,1.27
Đà Nẵng,,3,11.99,Xe Máy,Mưa,0.699486,0.981168,18,0,86.93,Chiều,1.55
Đà Nẵng,,5,13.64,Ô Tô 4 Chỗ,Mưa Bão,0.760902,0.790614,8,1,98.72,Đêm,1.17
Hồ Chí Minh,,2,12.36,Xe Máy,Mưa Bão,0.409495,0.635046,8,0,92.12,Cao điểm Sáng,2.3
Hà Nội,,1,5.06,Ô Tô 4 Chỗ,Nắng,0.69445,0.795051,14,0,90.07,Cao điểm Tối,1.52
Cần Thơ,,1,17.84,Ô Tô 4 Chỗ,Mưa Bão,0.459375,0.909054,19,0,98.27,Cao điểm Sáng,2.74
Hải Phòng,,2,13.02,Ô Tô 4 Chỗ,Nhiều Mây,0.684451,0.84046,13,0,91.08,Cao điểm Sáng,1.44
Hải Phòng,,5,18.71,Xe ViP,Mưa Bão,0.355153,0.645589,5,1,89.83,Chiều,1.61
Hải Phòng,,6,15.9,Xe Máy,Mưa,0.436471,0.837749,20,1,84.9,Đêm,1.91
Đà Nẵng,,6,19,Xe Máy,Nhiều Mây,0.866824,0.564775,16,1,89.21,Cao điểm Tối,1.25
Cần Thơ,,4,8.27,Ô Tô 4 Chỗ,Mưa,0.504016,0.622612,22,0,87.7,Chiều,1.52
Hồ Chí Minh,,5,17.29,Xe ViP,Nhiều Mây,0.887741,0.430865,0,1,83.45,Cao điểm Tối,1.15
Hồ Chí Minh,,2,16.49,Xe ViP,Mưa Bão,0.95162,0.629489,20,0,91.18,Cao điểm Tối,1.99
Đà Nẵng,,1,13.9,Xe Máy,Mưa,0.517673,0.954843,16,0,86.51,Chiều,1.89
Cần Thơ,,3,19.1,Ô Tô 4 Chỗ,Nhiều Mây,0.245838,0.680723,15,0,89.24,Đêm,1.65
Cần Thơ,,2,1.87,Xe Máy,Mưa Bão,0.539542,0.437385,15,0,84.56,Đêm,1.22
Hải Phòng,,3,18.91,Xe Máy,Nắng,0.71277,0.662474,20,0,86.5,Chiều,1
Đà Nẵng,,2,15.47,Xe ViP,Mưa Bão,0.450822,0.870132,11,0,95.75,Đêm,1.82
Hồ Chí Minh,,2,7.65,Xe Máy,Mưa,0.873322,0.873545,18,0,89.98,Cao điểm Tối,2.46
Đà Nẵng,,0,18.47,Xe ViP,Mưa,0.487851,0.452099,10,0,92.54,Đêm,1.29
Hải Phòng,,6,9.31,Ô Tô 4 Chỗ,Nắng,0.982181,0.949285,9,1,99.32,Đêm,1
Cần Thơ,,6,12.09,Xe ViP,Mưa Bão,0.643769,0.588689,20,1,98.16,Cao điểm Sáng,1.76
Hồ Chí Minh,,4,17.37,Xe ViP,Mưa,0.454408,0.749841,17,0,96.5,Cao điểm Tối,2.08
Hồ Chí Minh,,0,17.11,Xe Máy,Nắng,0.589514,0.706497,14,0,94.73,Đêm,1.18
Hải Phòng,,2,5.2,Ô Tô 4 Chỗ,Nhiều Mây,0.837505,0.980218,8,0,93.76,Cao điểm Sáng,1.58
Hà Nội,,0,17.21,Xe Máy,Nắng,0.217906,0.751685,6,0,84.41,Đêm,1.8
Hồ Chí Minh,,4,3.09,Xe Máy,Mưa,0.616461,0.680532,6,0,90.93,Cao điểm Sáng,1.68
Đà Nẵng,,5,3.83,Xe ViP,Nắng,0.384499,0.509648,4,1,92.09,Đêm,1
Hồ Chí Minh,,5,6.57,Xe Máy,Mưa,0.335785,0.708209,5,1,92.89,Chiều,1.9
Hồ Chí Minh,,4,11.78,Xe ViP,Mưa,0.286999,0.547346,7,0,93.45,Đêm,1.73
Hà Nội,,5,12.19,Ô Tô 4 Chỗ,Mưa Bão,0.912932,0.433422,13,1,88.24,Chiều,1.12
Cần Thơ,,0,6.72,Xe ViP,Mưa Bão,0.776867,0.703745,17,0,85.12,Cao điểm Sáng,2.39
Hà Nội,,0,6.95,Xe ViP,Mưa Bão,0.291378,0.526374,14,0,94.51,Cao điểm Sáng,2.82
Cần Thơ,,0,15.28,Ô Tô 4 Chỗ,Mưa,0.391015,0.712768,11,0,91.22,Đêm,1.86
Hồ Chí Minh,,0,5.75,Xe ViP,Nắng,0.246419,0.965872,5,0,91.88,Cao điểm Sáng,2.35
Hà Nội,,1,7.86,Xe Máy,Nhiều Mây,0.250932,0.671247,22,0,92.03,Đêm,1.63
Hồ Chí Minh,,6,3.48,Xe Máy,Mưa,0.919698,0.954883,8,1,91.95,Cao điểm Sáng,2.04
Hải Phòng,,1,7.67,Ô Tô 4 Chỗ,Nắng,0.96949,0.919175,0,0,87.78,Chiều,1
Đà Nẵng,,2,2.27,Ô Tô 4 Chỗ,Mưa Bão,0.852221,0.507582,1,0,96.79,Đêm,1.37
Hồ Chí Minh,,0,7.34,Ô Tô 4 Chỗ,Mưa,0.38478,0.799653,11,0,85.74,Cao điểm Sáng,2.97
Đà Nẵng,,5,15.36,Ô Tô 4 Chỗ,Mưa Bão,0.453307,0.534223,10,1,85.17,Cao điểm Sáng,1.64
Hà Nội,,3,4.44,Xe ViP,Nắng,0.765007,0.899313,2,0,97.61,Đêm,1.2
Hồ Chí Minh,,0,3.08,Ô Tô 4 Chỗ,Mưa,0.470231,0.429352,9,0,96.96,Đêm,1.23
Đà Nẵng,,4,3.19,Xe Máy,Nắng,0.627672,0.641432,3,0,94.73,Đêm,1.02
Hải Phòng,,1,4.99,Ô Tô 4 Chỗ,Mưa Bão,0.486836,0.899596,18,0,92.18,Cao điểm Sáng,2.82
Hải Phòng,,4,8.39,Ô Tô 4 Chỗ,Nhiều Mây,0.377098,0.722618,21,0,94.39,Cao điểm Tối,1.72
Đà Nẵng,,0,7.84,Ô Tô 4 Chỗ,Mưa Bão,0.92193,0.744233,7,0,91.77,Cao điểm Tối,2.06
Hồ Chí Minh,,3,4.02,Xe ViP,Mưa,0.381171,0.764846,15,0,93.62,Cao điểm Tối,2.46
Hồ Chí Minh,,5,11.65,Ô Tô 4 Chỗ,Nắng,0.607934,0.57323,20,1,97.68,Chiều,1
Hải Phòng,,3,19.49,Xe Máy,Mưa,0.978854,0.947595,3,0,83.94,Đêm,1.33
Cần Thơ,,2,13.08,Xe ViP,Mưa Bão,0.537928,0.496481,22,0,88.57,Cao điểm Tối,2.13
Đà Nẵng,,5,13.14,Xe Máy,Nhiều Mây,0.438744,0.97056,3,1,95.31,Đêm,1.68
Hồ Chí Minh,,1,13.03,Xe Máy,Nhiều Mây,0.770485,0.911978,14,0,94.34,Đêm,1.21
Hải Phòng,,6,10.89,Xe ViP,Mưa,0.906285,0.465381,21,1,89.01,Đêm,1.31
Hải Phòng,,2,0.77,Ô Tô 4 Chỗ,Mưa,0.284584,0.432423,7,0,91.36,Chiều,1.44
Hải Phòng,,6,17.22,Xe ViP,Mưa,0.698339,0.696289,12,1,88.8,Đêm,1.13
Hà Nội,,1,8.63,Xe ViP,Mưa Bão,0.711543,0.714305,12,0,84.76,Cao điểm Sáng,2
Đà Nẵng,,2,3.33,Ô Tô 4 Chỗ,Nhiều Mây,0.932669,0.831557,9,0,91.78,Cao điểm Tối,1.35
Hải Phòng,,3,6.07,Xe Máy,Nắng,0.529588,0.482542,11,0,88.22,Cao điểm Sáng,1.12
Đà Nẵng,,0,3.09,Xe Máy,Nhiều Mây,0.615681,0.851664,18,0,95.18,Đêm,1.35
Hải Phòng,,1,15.2,Ô Tô 4 Chỗ,Mưa Bão,0.852826,0.633977,20,0,97.14,Đêm,1.24
Hải Phòng,,2,3.11,Ô Tô 4 Chỗ,Nhiều Mây,0.679143,0.868303,20,0,87.13,Đêm,1.28
Hải Phòng,,1,1.94,Xe ViP,Mưa,0.614102,0.834326,5,0,91.26,Chiều,1.59
Đà Nẵng,,4,4.29,Xe ViP,Mưa Bão,0.494823,0.520407,4,0,85.03,Chiều,1.3
Hà Nội,,2,7.48,Xe ViP,Mưa Bão,0.290332,0.464578,15,0,89.09,Cao điểm Sáng,2.49
Hồ Chí Minh,,6,18.31,Xe ViP,Nắng,0.574514,0.768424,7,1,86.64,Cao điểm Tối,1.43
Hải Phòng,,2,10.37,Xe ViP,Nắng,0.750947,0.556022,18,0,91.11,Đêm,1
Hà Nội,,5,19.08,Xe ViP,Nhiều Mây,0.392404,0.463351,2,1,88.52,Chiều,1.11
Cần Thơ,,3,15.18,Xe ViP,Nắng,0.661598,0.609776,15,0,83.94,Cao điểm Sáng,1.37
Cần Thơ,,6,14.72,Ô Tô 4 Chỗ,Nhiều Mây,0.945857,0.536717,15,1,94.97,Cao điểm Tối,1.06
Cần Thơ,,1,3.78,Xe Máy,Nắng,0.302887,0.833776,13,0,96,Cao điểm Tối,2.14
Hồ Chí Minh,,4,12.48,Xe ViP,Nhiều Mây,0.737161,0.608716,23,0,94.51,Đêm,1
Đà Nẵng,,2,18.75,Xe ViP,Mưa,0.998875,0.794912,19,0,96.16,Cao điểm Sáng,1.76
Hà Nội,,0,1.25,Ô Tô 4 Chỗ,Nhiều Mây,0.860763,0.427056,13,0,84.89,Đêm,1
Cần Thơ,,0,1.92,Ô Tô 4 Chỗ,Nhiều Mây,0.299055,0.476053,11,0,94.83,Đêm,1.27
Đà Nẵng,,6,7.57,Ô Tô 4 Chỗ,Mưa Bão,0.782934,0.632734,3,1,93.53,Cao điểm Tối,2.14
Hải Phòng,,5,1.62,Xe ViP,Mưa Bão,0.584663,0.579914,12,1,93.19,Cao điểm Tối,1.69
Đà Nẵng,,0,17.41,Xe ViP,Mưa,0.262397,0.430658,20,0,97.98,Cao điểm Tối,2.64
Đà Nẵng,,3,16.67,Xe Máy,Mưa,0.331596,0.55842,11,0,96.19,Cao điểm Sáng,2.06
Cần Thơ,,2,5.43,Xe Máy,Mưa,0.2174,0.655106,4,0,99.89,Cao điểm Sáng,2.21
Đà Nẵng,,0,7.03,Xe ViP,Mưa,0.889188,0.988804,2,0,87.32,Cao điểm Tối,2.11
Hà Nội,,2,18.99,Xe ViP,Mưa,0.608826,0.913358,20,0,86.42,Chiều,1.58
Đà Nẵng,,0,19.36,Ô Tô 4 Chỗ,Nhiều Mây,0.708976,0.691419,1,0,94.35,Chiều,1
Hồ Chí Minh,,0,18.77,Ô Tô 4 Chỗ,Mưa,0.281904,0.839245,11,0,97.03,Cao điểm Sáng,2.54
Hà Nội,,2,3.45,Ô Tô 4 Chỗ,Nắng,0.677549,0.775638,2,0,86.99,Cao điểm Tối,1.38
Cần Thơ,,2,1.54,Xe ViP,Nắng,0.827814,0.835993,7,0,87.91,Đêm,1.01
Hải Phòng,,2,6.64,Xe ViP,Mưa Bão,0.543182,0.45572,18,0,95.39,Cao điểm Sáng,1.58
Cần Thơ,,0,12.46,Xe ViP,Mưa,0.956663,0.548861,18,0,85.72,Chiều,1.13
Hồ Chí Minh,,4,11.84,Ô Tô 4 Chỗ,Mưa Bão,0.542227,0.883777,7,0,91.42,Cao điểm Sáng,2.8
Cần Thơ,,2,8.94,Xe Máy,Nắng,0.452564,0.705807,7,0,91.88,Chiều,1.38
Hà Nội,,1,1.97,Xe Máy,Nắng,0.911067,0.993378,15,0,95.61,Đêm,1.12
Hải Phòng,,5,5.17,Xe ViP,Nhiều Mây,0.42248,0.451969,20,1,88.93,Cao điểm Sáng,1
Hà Nội,,5,10.01,Xe ViP,Nhiều Mây,0.727591,0.898092,5,1,90.34,Chiều,1.26
Hồ Chí Minh,,3,14.02,Xe ViP,Nhiều Mây,0.319903,0.466429,7,0,96.02,Chiều,1.22
Cần Thơ,,3,8.75,Ô Tô 4 Chỗ,Nhiều Mây,0.241401,0.706293,8,0,93.24,Cao điểm Tối,1.99
Đà Nẵng,,0,18.83,Xe Máy,Nhiều Mây,0.717201,0.512744,9,0,87.86,Cao điểm Sáng,1.27
Hồ Chí Minh,,3,8.95,Ô Tô 4 Chỗ,Nhiều Mây,0.755486,0.972707,1,0,95.98,Chiều,1.33
Hà Nội,,4,4.15,Xe Máy,Mưa Bão,0.356194,0.538771,10,0,93.49,Đêm,1.61
Hà Nội,,1,12.59,Xe Máy,Nhiều Mây,0.716719,0.701439,9,0,98.09,Chiều,1
Hải Phòng,,2,16.24,Xe Máy,Nắng,0.820069,0.986397,22,0,88.47,Đêm,1.25
Hà Nội,,0,19.51,Xe ViP,Mưa,0.368019,0.722732,14,0,95.29,Cao điểm Tối,2.54
Cần Thơ,,2,15.23,Ô Tô 4 Chỗ,Nhiều Mây,0.876161,0.91896,20,0,94.8,Cao điểm Tối,1.19
Cần Thơ,,2,1.39,Ô Tô 4 Chỗ,Nắng,0.489463,0.83542,17,0,96.6,Cao điểm Sáng,1.87
Đà Nẵng,,3,1.22,Xe Máy,Mưa Bão,0.848163,0.977598,20,0,89.52,Cao điểm Sáng,2.3
Hồ Chí Minh,,4,9.79,Ô Tô 4 Chỗ,Nắng,0.761407,0.557041,21,0,87.86,Chiều,1
Cần Thơ,,5,14.43,Ô Tô 4 Chỗ,Nhiều Mây,0.33704,0.838699,8,1,91.5,Đêm,1.56
Cần Thơ,,0,5.83,Xe Máy,Mưa,0.34685,0.655039,15,0,93.24,Cao điểm Tối,2.25
Hồ Chí Minh,,2,4.16,Ô Tô 4 Chỗ,Nắng,0.909578,0.430749,5,0,97.8,Chiều,1
Hồ Chí Minh,,2,17.13,Xe Máy,Mưa Bão,0.696716,0.528315,22,0,92.2,Cao điểm Sáng,1.72
Đà Nẵng,,5,11.46,Ô Tô 4 Chỗ,Mưa,0.217275,0.663961,9,1,88.43,Cao điểm Sáng,2.77
Cần Thơ,,0,8.47,Xe Máy,Nhiều Mây,0.516362,0.529131,13,0,88.84,Đêm,1.02
Cần Thơ,,1,15.25,Xe ViP,Mưa,0.723531,0.462347,11,0,89.55,Đêm,1.19
Hà Nội,,2,5.69,Xe Máy,Nắng,0.257976,0.846889,17,0,98.03,Cao điểm Sáng,2.11
Hà Nội,,6,6.04,Xe ViP,Nhiều Mây,0.62541,0.905169,23,1,88.89,Chiều,1.42
Hải Phòng,,0,5.17,Xe Máy,Mưa,0.948515,0.418384,20,0,94.45,Cao điểm Sáng,1.6
Hồ Chí Minh,,4,6.72,Xe ViP,Nhiều Mây,0.918015,0.503266,16,0,88.66,Chiều,1
Hà Nội,,2,17.87,Xe Máy,Nắng,0.481997,0.660647,14,0,95.31,Đêm,1.27
Đà Nẵng,,4,0.99,Ô Tô 4 Chỗ,Mưa Bão,0.819091,0.93442,14,0,96.71,Đêm,1.37
Đà Nẵng,,2,14.35,Xe ViP,Mưa,0.587586,0.958198,7,0,92.42,Cao điểm Tối,2.16
Đà Nẵng,,0,0.88,Ô Tô 4 Chỗ,Nắng,0.886681,0.422068,0,0,93.06,Chiều,1
Hồ Chí Minh,,0,0.86,Ô Tô 4 Chỗ,Nhiều Mây,0.6392,0.646438,18,0,86.93,Cao điểm Sáng,1.13
Hải Phòng,,1,13.26,Xe Máy,Nắng,0.207155,0.596818,14,0,89.48,Cao điểm Tối,1.83
Cần Thơ,,5,8.74,Xe Máy,Nhiều Mây,0.493113,0.552797,7,1,96.1,Đêm,1.08
Đà Nẵng,,0,18.72,Ô Tô 4 Chỗ,Nhiều Mây,0.479381,0.825039,19,0,97.4,Cao điểm Tối,1.81
Hải Phòng,,2,11.88,Ô Tô 4 Chỗ,Nắng,0.670892,0.446787,14,0,91.73,Cao điểm Tối,1.19
Hồ Chí Minh,,0,13.19,Xe ViP,Nhiều Mây,0.883337,0.923925,1,0,83.79,Cao điểm Sáng,1.29
Hồ Chí Minh,,5,16.57,Ô Tô 4 Chỗ,Nắng,0.417692,0.492589,8,1,93.32,Đêm,1.11
Hà Nội,,5,3.86,Ô Tô 4 Chỗ,Nắng,0.874538,0.982182,9,1,93.79,Cao điểm Tối,1.52
Cần Thơ,,2,10.65,Xe Máy,Nắng,0.487741,0.909035,21,0,95.82,Chiều,1.63
Hồ Chí Minh,,0,6.44,Xe ViP,Mưa Bão,0.783672,0.636359,17,0,93.38,Cao điểm Sáng,2.06
Cần Thơ,,0,1.25,Xe Máy,Nắng,0.869009,0.62901,19,0,84.05,Cao điểm Tối,1.16
Hải Phòng,,6,14.56,Xe ViP,Mưa Bão,0.502768,0.46088,21,1,91.22,Chiều,1.33
Hồ Chí Minh,,1,7.25,Xe ViP,Nhiều Mây,0.998956,0.672502,3,0,92.69,Cao điểm Sáng,1.34
Hồ Chí Minh,,1,8.24,Ô Tô 4 Chỗ,Mưa Bão,0.795929,0.533092,13,0,88.66,Cao điểm Tối,2.1
Cần Thơ,,4,7.97,Xe Máy,Mưa Bão,0.778966,0.550904,19,0,83.9,Cao điểm Tối,2.06
Hải Phòng,,4,1.31,Xe ViP,Mưa,0.597814,0.820231,3,0,97.77,Cao điểm Sáng,2.64
Hải Phòng,,2,11.93,Xe Máy,Nắng,0.279212,0.942438,22,0,93.22,Chiều,1.99
Hà Nội,,6,1.42,Xe Máy,Mưa Bão,0.553191,0.700723,7,1,87.77,Cao điểm Sáng,2.54
Hải Phòng,,2,6.76,Xe ViP,Nhiều Mây,0.270945,0.980944,4,0,93.41,Cao điểm Sáng,2.31
Đà Nẵng,,2,9.34,Xe ViP,Mưa Bão,0.597955,0.61379,20,0,91.3,Cao điểm Tối,2.36
Hà Nội,,1,6.76,Xe Máy,Mưa,0.216117,0.689178,13,0,89.01,Cao điểm Tối,2.35
Hồ Chí Minh,,2,13.44,Xe ViP,Nắng,0.794558,0.560291,11,0,83.68,Cao điểm Sáng,1.27
Cần Thơ,,4,2.53,Xe ViP,Nhiều Mây,0.292995,0.885287,22,0,93.4,Cao điểm Sáng,2.21
Hà Nội,,2,8.28,Xe ViP,Nắng,0.545891,0.638112,0,0,95.7,Cao điểm Sáng,1.24
Hải Phòng,,6,4.08,Xe Máy,Mưa Bão,0.469649,0.724667,13,1,88.09,Đêm,1.69
Cần Thơ,,6,3.91,Xe ViP,Nhiều Mây,0.945444,0.775258,4,1,96.75,Cao điểm Sáng,1
Đà Nẵng,,1,18.28,Xe ViP,Nắng,0.237469,0.618205,18,0,98.28,Cao điểm Sáng,1.85
Hải Phòng,,4,10.45,Ô Tô 4 Chỗ,Mưa,0.452755,0.949271,6,0,92,Cao điểm Sáng,2.8
Hà Nội,,6,2.82,Xe ViP,Nắng,0.636279,0.830004,14,1,93.45,Cao điểm Tối,1.45
Hồ Chí Minh,,4,18.71,Xe Máy,Nhiều Mây,0.915049,0.815586,15,0,98.23,Cao điểm Tối,1.22
Cần Thơ,,1,11.72,Ô Tô 4 Chỗ,Mưa,0.506518,0.740144,23,0,98.09,Đêm,1.56
Hải Phòng,,0,19.9,Ô Tô 4 Chỗ,Mưa Bão,0.491909,0.43709,12,0,93.37,Cao điểm Tối,1.58
Hải Phòng,,3,7.02,Xe ViP,Mưa Bão,0.909122,0.98927,5,0,96.55,Cao điểm Sáng,2.01
Hồ Chí Minh,,0,1.92,Xe ViP,Mưa Bão,0.574032,0.807029,16,0,99.23,Cao điểm Tối,1.86
Cần Thơ,,5,0.96,Xe ViP,Nhiều Mây,0.430572,0.890633,15,1,89.27,Cao điểm Sáng,2.02
Đà Nẵng,,2,11.42,Xe Máy,Nhiều Mây,0.849461,0.628909,1,0,88.42,Đêm,1
Đà Nẵng,,5,12.43,Ô Tô 4 Chỗ,Mưa,0.458178,0.493896,1,1,92.98,Cao điểm Sáng,1.62
Đà Nẵng,,5,7.71,Xe ViP,Nắng,0.211579,0.897245,7,1,93.27,Chiều,1.76
Hải Phòng,,0,1.9,Ô Tô 4 Chỗ,Mưa,0.263631,0.592724,5,0,95.87,Cao điểm Tối,2.36
Hà Nội,,5,7.85,Xe Máy,Nắng,0.667717,0.430985,20,1,91.44,Đêm,1
Hà Nội,,4,5.65,Ô Tô 4 Chỗ,Nhiều Mây,0.835279,0.418088,8,0,90.34,Cao điểm Sáng,1.36
Cần Thơ,,2,6.7,Ô Tô 4 Chỗ,Mưa Bão,0.51197,0.879804,9,0,93.54,Đêm,1.87
Hải Phòng,,4,2.02,Ô Tô 4 Chỗ,Nắng,0.535991,0.683675,4,0,86.19,Chiều,1.22
Hồ Chí Minh,,3,11.49,Ô Tô 4 Chỗ,Mưa,0.410979,0.811689,10,0,89.74,Cao điểm Tối,2.44
Hải Phòng,,0,3.1,Xe ViP,Mưa,0.883063,0.542277,8,0,90.65,Cao điểm Sáng,1.62
Cần Thơ,,0,1.73,Xe ViP,Nhiều Mây,0.463094,0.423387,2,0,97.72,Cao điểm Tối,1.3
Hà Nội,,5,15,Ô Tô 4 Chỗ,Mưa,0.774839,0.705728,21,1,95.5,Đêm,1.15
Hồ Chí Minh,,0,9.22,Ô Tô 4 Chỗ,Mưa,0.251615,0.604716,17,0,92.37,Đêm,1.91
Hà Nội,,0,18.02,Ô Tô 4 Chỗ,Nắng,0.65478,0.879494,6,0,94.17,Chiều,1.34
Hồ Chí Minh,,2,8.68,Ô Tô 4 Chỗ,Nhiều Mây,0.409096,0.501842,20,0,93.96,Cao điểm Tối,1.25
Cần Thơ,,1,13.8,Xe Máy,Mưa Bão,0.202432,0.527089,6,0,95.23,Cao điểm Sáng,2.3
Cần Thơ,,3,10.77,Xe Máy,Nhiều Mây,0.856009,0.924412,7,0,94.02,Cao điểm Sáng,1.48
Cần Thơ,,1,2.65,Xe ViP,Mưa,0.32078,0.560795,4,0,92.45,Cao điểm Sáng,2.8
Hà Nội,,1,8.58,Xe ViP,Nhiều Mây,0.274541,0.936107,22,0,97.45,Chiều,1.99
Hồ Chí Minh,,4,16.94,Ô Tô 4 Chỗ,Nhiều Mây,0.413038,0.441946,19,0,94.79,Cao điểm Tối,1.34
Đà Nẵng,,5,4.96,Ô Tô 4 Chỗ,Nhiều Mây,0.879506,0.82118,14,1,85.14,Cao điểm Tối,1.14
Đà Nẵng,,1,1.02,Ô Tô 4 Chỗ,Mưa,0.690591,0.889065,2,0,92.55,Chiều,1.46
Cần Thơ,,0,10.12,Ô Tô 4 Chỗ,Mưa,0.53121,0.580496,16,0,86.5,Cao điểm Tối,2.12
Hà Nội,,5,2.11,Ô Tô 4 Chỗ,Nhiều Mây,0.455083,0.494452,12,1,96.7,Chiều,1.06
Đà Nẵng,,2,7.32,Xe Máy,Nắng,0.338495,0.821025,21,0,89.07,Cao điểm Sáng,1.94
Hải Phòng,,5,1.66,Xe ViP,Nắng,0.893818,0.828171,21,1,92.74,Cao điểm Tối,1.26
Cần Thơ,,1,0.66,Xe ViP,Mưa,0.354899,0.867107,16,0,92.87,Đêm,1.94
Hải Phòng,,0,5.19,Xe Máy,Nắng,0.83538,0.589791,19,0,85.66,Đêm,1
Hà Nội,,4,15.45,Ô Tô 4 Chỗ,Nhiều Mây,0.219447,0.449639,9,0,87.95,Đêm,1.35
Hồ Chí Minh,,2,5.52,Xe Máy,Nhiều Mây,0.573317,0.867541,20,0,88.22,Cao điểm Tối,1.65
Cần Thơ,,2,8.4,Xe Máy,Mưa,0.732265,0.448997,0,0,93.38,Cao điểm Tối,2.2
Đà Nẵng,,1,15.94,Ô Tô 4 Chỗ,Nhiều Mây,0.694707,0.454057,17,0,89.24,Cao điểm Tối,1.3
Hồ Chí Minh,,0,18.38,Xe Máy,Mưa,0.734367,0.810399,19,0,85.92,Chiều,1.5
Cần Thơ,,3,3.87,Xe ViP,Nhiều Mây,0.715647,0.467584,7,0,96.16,Cao điểm Tối,1.22
Cần Thơ,,6,10.29,Xe Máy,Mưa,0.601368,0.402873,11,1,96.15,Cao điểm Tối,2.02
Đà Nẵng,,5,2.09,Xe ViP,Mưa Bão,0.795188,0.646703,18,1,96.35,Cao điểm Sáng,1.96
Đà Nẵng,,4,16.86,Xe Máy,Mưa,0.418173,0.416301,13,0,97.86,Đêm,1.35
Cần Thơ,,6,0.84,Ô Tô 4 Chỗ,Nắng,0.666044,0.546593,15,1,93.46,Chiều,1
Hồ Chí Minh,,6,16.97,Xe ViP,Nắng,0.317968,0.903661,3,1,86.93,Đêm,1.88
Hà Nội,,3,17.54,Xe Máy,Mưa Bão,0.579011,0.849937,22,0,90.93,Đêm,1.67
Hải Phòng,,2,2.57,Xe Máy,Mưa Bão,0.820204,0.880731,2,0,90.04,Đêm,1.27
Hà Nội,,1,10.86,Xe Máy,Mưa,0.982062,0.496064,4,0,93.55,Cao điểm Tối,2.2
Hải Phòng,,1,12.46,Xe Máy,Mưa Bão,0.565673,0.425444,16,0,90.89,Đêm,1.32
Hồ Chí Minh,,5,14.29,Ô Tô 4 Chỗ,Mưa Bão,0.487354,0.401966,23,1,97.77,Chiều,1.16
Hồ Chí Minh,,1,6,Xe ViP,Mưa,0.592776,0.996466,8,0,89.87,Cao điểm Tối,2.75
Cần Thơ,,1,6.68,Xe ViP,Nhiều Mây,0.545397,0.978931,17,0,94.31,Cao điểm Sáng,2.05
Hải Phòng,,0,3.08,Ô Tô 4 Chỗ,Mưa Bão,0.64753,0.605551,3,0,97.86,Chiều,1.27
Cần Thơ,,1,9.58,Xe Máy,Nắng,0.702108,0.989129,20,0,96.48,Đêm,1.43
Đà Nẵng,,3,2.91,Xe Máy,Nắng,0.986146,0.66987,17,0,88.73,Chiều,1
Hải Phòng,,2,5.87,Ô Tô 4 Chỗ,Mưa Bão,0.343686,0.425533,23,0,84.65,Chiều,1.43
Hải Phòng,,4,14.54,Ô Tô 4 Chỗ,Mưa Bão,0.656876,0.840133,3,0,97.83,Cao điểm Sáng,2.46
Hồ Chí Minh,,0,17.52,Xe ViP,Mưa,0.394276,0.487337,2,0,83.92,Cao điểm Sáng,2.59
Đà Nẵng,,1,2.28,Xe Máy,Mưa Bão,0.953906,0.967598,15,0,97.02,Cao điểm Sáng,1.92
Cần Thơ,,2,9.37,Xe ViP,Mưa,0.975317,0.421347,17,0,97.4,Đêm,1.14
Hồ Chí Minh,,1,16.02,Xe ViP,Nhiều Mây,0.601252,0.996016,9,0,88.07,Chiều,1.59
Hồ Chí Minh,,3,11.2,Xe Máy,Nhiều Mây,0.480537,0.665964,2,0,89.89,Chiều,1.28
Cần Thơ,,0,13.7,Xe ViP,Mưa,0.641658,0.648776,21,0,89.28,Cao điểm Tối,1.94
Đà Nẵng,,5,18.56,Xe Máy,Nhiều Mây,0.247695,0.664255,11,1,95.46,Chiều,1.57
Hải Phòng,,6,3.25,Xe ViP,Mưa,0.656588,0.508512,6,1,94.6,Cao điểm Tối,1.52
Cần Thơ,,1,8.46,Ô Tô 4 Chỗ,Mưa Bão,0.447775,0.590453,3,0,87.97,Đêm,1.41
Đà Nẵng,,1,14.75,Ô Tô 4 Chỗ,Nhiều Mây,0.879872,0.599539,7,0,92.21,Chiều,1
Cần Thơ,,1,1.68,Xe Máy,Nhiều Mây,0.684757,0.515237,18,0,88.38,Cao điểm Sáng,1.23
Hà Nội,,0,6.77,Ô Tô 4 Chỗ,Mưa,0.88914,0.640682,2,0,87.42,Chiều,1.27
Đà Nẵng,,3,2.04,Xe Máy,Mưa,0.437906,0.446825,9,0,92.52,Cao điểm Sáng,1.73
Hồ Chí Minh,,5,1.49,Xe Máy,Mưa,0.569532,0.448283,1,1,91.22,Cao điểm Tối,1.63
Hồ Chí Minh,,5,11.28,Ô Tô 4 Chỗ,Nắng,0.488595,0.579467,16,1,90.81,Cao điểm Sáng,1.47
Hà Nội,,6,7.45,Xe ViP,Nhiều Mây,0.401863,0.82273,19,1,95.52,Chiều,1.63
Hà Nội,,2,14.24,Xe ViP,Nhiều Mây,0.992599,0.537043,1,0,90.88,Đêm,1
Đà Nẵng,,3,2.6,Xe ViP,Mưa,0.415987,0.596181,23,0,96.39,Cao điểm Tối,2.19
Hà Nội,,0,13.11,Xe Máy,Nhiều Mây,0.341371,0.650208,23,0,86.19,Chiều,1.46
Hồ Chí Minh,,4,17.33,Xe ViP,Nắng,0.438336,0.563031,13,0,93.22,Cao điểm Sáng,1.4
Hồ Chí Minh,,5,2.36,Xe ViP,Nhiều Mây,0.338437,0.909396,11,1,93.98,Chiều,1.86
Đà Nẵng,,1,0.71,Xe Máy,Nhiều Mây,0.650323,0.92608,19,0,92.36,Cao điểm Sáng,1.79
Cần Thơ,,5,12.03,Xe ViP,Mưa,0.589159,0.735274,18,1,92.2,Cao điểm Sáng,2.28
Hà Nội,,3,4.04,Ô Tô 4 Chỗ,Nhiều Mây,0.569392,0.573187,0,0,94.11,Cao điểm Tối,1.39
Hải Phòng,,5,2.34,Xe Máy,Nắng,0.546179,0.717924,21,1,86.97,Cao điểm Tối,1.47
Cần Thơ,,3,8.06,Ô Tô 4 Chỗ,Nhiều Mây,0.758709,0.985233,19,0,90.54,Đêm,1.34
Hải Phòng,,6,6.34,Ô Tô 4 Chỗ,Nhiều Mây,0.696204,0.505254,9,1,92.6,Chiều,1
Hồ Chí Minh,,6,16.19,Xe ViP,Nhiều Mây,0.477226,0.617803,1,1,94.83,Cao điểm Sáng,1.4
Hải Phòng,,0,13.94,Ô Tô 4 Chỗ,Mưa,0.586787,0.46403,16,0,95.75,Chiều,1.14
Hải Phòng,,5,8.73,Xe ViP,Mưa Bão,0.842107,0.82604,11,1,92.66,Đêm,1.38
Hải Phòng,,5,1.9,Xe ViP,Mưa,0.666968,0.852428,11,1,87.7,Chiều,1.56
Hải Phòng,,3,11.47,Xe Máy,Nhiều Mây,0.768629,0.682638,13,0,96.16,Cao điểm Sáng,1.17
Hải Phòng,,5,3.72,Xe ViP,Mưa Bão,0.846451,0.600126,12,1,86.51,Chiều,1.14
Hải Phòng,,1,11.33,Ô Tô 4 Chỗ,Mưa,0.415087,0.488199,10,0,88.45,Chiều,1.5
Cần Thơ,,4,19.99,Xe Máy,Mưa,0.325077,0.846127,15,0,93.64,Cao điểm Sáng,2.69
Cần Thơ,,5,9.78,Ô Tô 4 Chỗ,Nhiều Mây,0.873801,0.957084,22,1,89.15,Đêm,1
Hồ Chí Minh,,3,1.56,Xe Máy,Mưa,0.744887,0.412419,13,0,87.41,Đêm,1.3
Hải Phòng,,6,4.85,Xe Máy,Nhiều Mây,0.951118,0.773092,2,1,98.46,Đêm,1
Hồ Chí Minh,,3,17,Xe Máy,Mưa Bão,0.42534,0.448524,2,0,98.62,Cao điểm Sáng,2.36
Hà Nội,,4,15.38,Xe ViP,Nắng,0.802131,0.651725,18,0,97.19,Cao điểm Sáng,1.23
Đà Nẵng,,2,1.18,Xe ViP,Mưa Bão,0.709187,0.890669,3,0,93.18,Chiều,1.5
Hải Phòng,,5,1.09,Ô Tô 4 Chỗ,Nắng,0.345947,0.979061,2,1,85.62,Chiều,1.67
Hà Nội,,2,13.78,Xe ViP,Nhiều Mây,0.293244,0.87188,22,0,99.35,Chiều,1.87
Hồ Chí Minh,,3,19.39,Xe ViP,Mưa,0.919569,0.742721,5,0,88.52,Đêm,1.2
Hải Phòng,,0,16.28,Xe Máy,Mưa Bão,0.678731,0.444026,17,0,93.97,Chiều,1.32
Cần Thơ,,4,5.82,Xe Máy,Nhiều Mây,0.353968,0.742187,1,0,97.77,Chiều,1.58
Đà Nẵng,,6,4.59,Ô Tô 4 Chỗ,Nhiều Mây,0.847656,0.968707,12,1,85.33,Chiều,1
Hải Phòng,,2,2.03,Xe ViP,Nắng,0.697109,0.556374,11,0,87.44,Đêm,1
Hải Phòng,,6,8.24,Ô Tô 4 Chỗ,Nắng,0.380163,0.623364,16,1,94.92,Chiều,1.15
Hải Phòng,,1,2.59,Xe Máy,Nhiều Mây,0.682369,0.732239,21,0,83.92,Cao điểm Sáng,1.41
Đà Nẵng,,5,3.98,Ô Tô 4 Chỗ,Mưa Bão,0.950066,0.525322,8,1,92.27,Cao điểm Tối,1.99
Đà Nẵng,,5,10.43,Xe Máy,Nhiều Mây,0.289509,0.531515,15,1,92.53,Cao điểm Sáng,1.42
Cần Thơ,,5,1.25,Ô Tô 4 Chỗ,Mưa,0.895116,0.602089,11,1,91.52,Cao điểm Sáng,2.21
Cần Thơ,,3,8.4,Xe ViP,Mưa Bão,0.458102,0.469624,6,0,96.36,Chiều,1.3
Hải Phòng,,3,8.49,Xe Máy,Nắng,0.794327,0.593897,10,0,85.6,Đêm,1
Hà Nội,,5,10.02,Xe Máy,Nắng,0.920819,0.621916,1,1,83.81,Đêm,1
Đà Nẵng,,3,8.65,Xe Máy,Mưa,0.826738,0.448931,16,0,91.73,Chiều,1.15
Hà Nội,,3,12.43,Xe Máy,Mưa Bão,0.219244,0.632124,19,0,95.06,Cao điểm Sáng,2.19
Đà Nẵng,,4,7.59,Ô Tô 4 Chỗ,Mưa Bão,0.737152,0.849502,15,0,92.71,Cao điểm Sáng,2.41
Hồ Chí Minh,,3,9.42,Ô Tô 4 Chỗ,Mưa Bão,0.764971,0.928194,18,0,92.59,Cao điểm Sáng,2.08
Cần Thơ,,2,8.2,Xe ViP,Nhiều Mây,0.773255,0.537021,2,0,89.41,Đêm,1
Đà Nẵng,,0,10.08,Xe Máy,Nắng,0.511471,0.601718,19,0,90.91,Cao điểm Tối,1.49
Hà Nội,,5,7.11,Xe ViP,Mưa Bão,0.20055,0.760245,18,1,95.74,Cao điểm Tối,2.72
Hồ Chí Minh,,1,4.53,Xe Máy,Mưa Bão,0.764045,0.89061,17,0,89.4,Đêm,1.36
Cần Thơ,,4,11.67,Xe ViP,Mưa,0.794772,0.841579,6,0,93.96,Cao điểm Sáng,2.33
Hồ Chí Minh,,0,19.29,Xe Máy,Nhiều Mây,0.267384,0.670608,1,0,90.13,Cao điểm Sáng,1.97
Hồ Chí Minh,,2,6.58,Xe ViP,Mưa Bão,0.512559,0.641073,17,0,97.86,Chiều,1.3
Hải Phòng,,1,1.5,Xe Máy,Nắng,0.357146,0.692446,15,0,92.21,Cao điểm Sáng,1.88
Hồ Chí Minh,,3,17.22,Ô Tô 4 Chỗ,Mưa Bão,0.793521,0.951988,2,0,85.26,Chiều,1.53
Hà Nội,,5,19.5,Xe Máy,Nắng,0.381662,0.665333,19,1,94.16,Chiều,1.43
Đà Nẵng,,1,7.94,Xe ViP,Mưa Bão,0.370039,0.988729,14,0,94.43,Chiều,2.07
Hồ Chí Minh,,4,16.16,Ô Tô 4 Chỗ,Nắng,0.578651,0.636653,22,0,87.9,Cao điểm Sáng,1.21
Đà Nẵng,,6,8.05,Ô Tô 4 Chỗ,Mưa Bão,0.290623,0.5933,11,1,88.83,Cao điểm Sáng,2.52
Hải Phòng,,6,12.83,Ô Tô 4 Chỗ,Nhiều Mây,0.356176,0.91425,7,1,88.54,Cao điểm Tối,1.9
Hải Phòng,,2,6.36,Xe ViP,Mưa,0.675296,0.540644,19,0,96.14,Cao điểm Sáng,2.18
Cần Thơ,,1,5.83,Ô Tô 4 Chỗ,Nắng,0.371799,0.896269,18,0,96.5,Chiều,1.79
Đà Nẵng,,0,1.37,Ô Tô 4 Chỗ,Nhiều Mây,0.676857,0.969644,4,0,92.75,Cao điểm Sáng,1.58
Cần Thơ,,4,16.92,Xe ViP,Nắng,0.956438,0.601361,14,0,92.53,Chiều,1
Hải Phòng,,1,14.87,Xe Máy,Nhiều Mây,0.944788,0.956454,10,0,96.8,Cao điểm Sáng,1.26
Hà Nội,,5,10.48,Xe ViP,Mưa Bão,0.662925,0.8684,6,1,97.7,Cao điểm Sáng,2.2
Hà Nội,,6,10.58,Xe ViP,Mưa Bão,0.753812,0.485962,3,1,96.49,Cao điểm Sáng,2.41
Hà Nội,,2,7.71,Xe ViP,Mưa Bão,0.518112,0.979667,7,0,96.05,Cao điểm Sáng,3.12
Hà Nội,,2,3.2,Ô Tô 4 Chỗ,Nắng,0.887226,0.561169,11,0,95.95,Cao điểm Tối,1.31
Đà Nẵng,,6,14.39,Xe ViP,Nắng,0.369485,0.645401,19,1,98.01,Chiều,1.33
Hà Nội,,0,3.65,Ô Tô 4 Chỗ,Mưa Bão,0.925142,0.698752,18,0,89.76,Chiều,1.29
Hải Phòng,,3,19.49,Xe Máy,Mưa,0.391391,0.536315,3,0,92.54,Đêm,1.5
Cần Thơ,,1,18.07,Xe ViP,Mưa Bão,0.477623,0.610749,13,0,95.7,Cao điểm Tối,2.24
Hải Phòng,,4,11.92,Xe ViP,Mưa,0.947392,0.944255,11,0,88.69,Đêm,1.39
Hà Nội,,0,6.06,Ô Tô 4 Chỗ,Nắng,0.671392,0.517027,10,0,92.28,Cao điểm Sáng,1.17
Hồ Chí Minh,,1,18.04,Xe Máy,Nhiều Mây,0.403389,0.756367,0,0,86.56,Cao điểm Sáng,1.67
Hà Nội,,2,16.82,Xe Máy,Nhiều Mây,0.887055,0.525737,23,0,91.97,Cao điểm Sáng,1.3
Đà Nẵng,,1,2.38,Ô Tô 4 Chỗ,Nhiều Mây,0.333733,0.708957,5,0,98.58,Cao điểm Tối,1.88
Cần Thơ,,1,18.23,Ô Tô 4 Chỗ,Mưa Bão,0.706507,0.674561,10,0,96.09,Cao điểm Sáng,1.78
Hồ Chí Minh,,3,9.29,Xe Máy,Nắng,0.692747,0.636526,13,0,97.98,Chiều,1
Hải Phòng,,0,4.33,Ô Tô 4 Chỗ,Mưa,0.233545,0.719405,4,0,83.33,Cao điểm Sáng,2.85
Hồ Chí Minh,,6,12.61,Xe Máy,Nắng,0.467598,0.868425,11,1,88.02,Chiều,1.6
Hồ Chí Minh,,0,16.97,Ô Tô 4 Chỗ,Nắng,0.455929,0.852103,17,0,89.58,Chiều,1.59
Cần Thơ,,2,6.41,Ô Tô 4 Chỗ,Nắng,0.827541,0.888889,6,0,90.29,Cao điểm Sáng,1.24
Đà Nẵng,,0,12.91,Xe ViP,Nhiều Mây,0.527997,0.634484,20,0,87.88,Đêm,1.16
Cần Thơ,,3,11.52,Ô Tô 4 Chỗ,Mưa Bão,0.737106,0.515714,6,0,86.09,Cao điểm Sáng,1.88
Cần Thơ,,2,13.72,Xe Máy,Mưa Bão,0.844492,0.992442,8,0,88.13,Chiều,1.56
Đà Nẵng,,3,16.4,Xe Máy,Mưa Bão,0.568609,0.669916,7,0,93.87,Cao điểm Sáng,2.09
Cần Thơ,,5,17.82,Xe Máy,Nắng,0.235345,0.626808,16,1,93.54,Đêm,1.48
Hải Phòng,,3,15.39,Ô Tô 4 Chỗ,Nắng,0.643239,0.746377,21,0,84.61,Cao điểm Tối,1.26
Hà Nội,,3,4.69,Xe Máy,Mưa,0.563215,0.674898,2,0,92.15,Cao điểm Tối,2.57
Hà Nội,,6,17.78,Xe ViP,Nắng,0.433952,0.672923,12,1,94.56,Chiều,1.36
Đà Nẵng,,4,18.1,Ô Tô 4 Chỗ,Mưa,0.985207,0.530381,1,0,98.24,Cao điểm Tối,1.88
Cần Thơ,,4,8.93,Ô Tô 4 Chỗ,Nhiều Mây,0.834759,0.557755,13,0,88.9,Chiều,1
Hà Nội,,1,17.03,Ô Tô 4 Chỗ,Mưa Bão,0.624999,0.670931,23,0,91.15,Cao điểm Tối,2.4
Hải Phòng,,6,18.41,Xe Máy,Mưa Bão,0.880553,0.847006,8,1,92.1,Đêm,1.39
Đà Nẵng,,5,11.35,Xe ViP,Mưa,0.939038,0.969266,7,1,96.02,Chiều,1.33
Đà Nẵng,,3,16.47,Xe Máy,Mưa,0.583063,0.763439,16,0,87.69,Cao điểm Tối,2.29
Hà Nội,,0,19.8,Xe ViP,Nắng,0.967785,0.693264,14,0,95.02,Chiều,1
Hồ Chí Minh,,4,9.24,Xe Máy,Mưa,0.673774,0.804946,3,0,96.19,Cao điểm Tối,2.63
Hải Phòng,,4,12.57,Xe ViP,Mưa Bão,0.811509,0.849967,0,0,91.42,Cao điểm Sáng,2.06
Hà Nội,,2,14.49,Xe ViP,Nhiều Mây,0.252193,0.57724,3,0,95.35,Chiều,1.49
Cần Thơ,,2,19.51,Xe ViP,Mưa Bão,0.670417,0.559588,0,0,95.49,Chiều,1.25
Hồ Chí Minh,,3,8.49,Xe Máy,Nắng,0.790869,0.810977,15,0,98.01,Chiều,1.03
Hà Nội,,2,16.62,Xe ViP,Nhiều Mây,0.616265,0.400961,22,0,87.24,Cao điểm Sáng,1.16
Hồ Chí Minh,,5,8.8,Xe ViP,Nhiều Mây,0.40089,0.983191,2,1,94.77,Chiều,1.87
Cần Thơ,,5,17.33,Xe ViP,Nắng,0.875833,0.486215,8,1,90.16,Chiều,1
Đà Nẵng,,6,5.57,Ô Tô 4 Chỗ,Nhiều Mây,0.549248,0.743827,9,1,90.37,Cao điểm Sáng,1.4
Hà Nội,,6,2.94,Ô Tô 4 Chỗ,Mưa Bão,0.567587,0.882673,11,1,96.53,Đêm,1.81
Hà Nội,,3,2.33,Ô Tô 4 Chỗ,Nắng,0.729118,0.797116,22,0,88.63,Cao điểm Tối,1.35
Hải Phòng,,2,13.29,Xe Máy,Mưa Bão,0.857446,0.416908,12,0,97.1,Chiều,1.27
Hồ Chí Minh,,2,12.63,Xe ViP,Nhiều Mây,0.946675,0.988293,6,0,91.74,Cao điểm Sáng,1.26
Hà Nội,,3,5.1,Xe ViP,Mưa,0.791835,0.415941,16,0,92.36,Chiều,1.21
Hải Phòng,,5,17.73,Xe ViP,Nắng,0.845634,0.889565,12,1,85.02,Cao điểm Tối,1.06
Đà Nẵng,,4,19.68,Xe ViP,Mưa,0.570463,0.745821,5,0,84.38,Cao điểm Tối,2.24
Hà Nội,,1,10.65,Ô Tô 4 Chỗ,Mưa,0.92569,0.95846,0,0,90.76,Đêm,1.17
Hà Nội,,0,10.41,Xe ViP,Mưa Bão,0.780466,0.979543,4,0,84.94,Cao điểm Sáng,2.55
Hải Phòng,,2,14.16,Xe Máy,Mưa,0.485291,0.662511,18,0,92.06,Cao điểm Sáng,2.73
Cần Thơ,,2,2.46,Ô Tô 4 Chỗ,Mưa,0.473872,0.501218,19,0,85.92,Đêm,1.24
Hải Phòng,,5,10.39,Xe ViP,Mưa Bão,0.235657,0.405665,22,1,94.58,Chiều,1.38
Hồ Chí Minh,,1,13.45,Ô Tô 4 Chỗ,Mưa,0.203459,0.915748,20,0,86.88,Cao điểm Sáng,3.24
Cần Thơ,,6,18.28,Xe Máy,Nắng,0.877206,0.569829,12,1,92.34,Đêm,1
Hà Nội,,4,14.36,Ô Tô 4 Chỗ,Mưa,0.524007,0.821046,21,0,87.71,Cao điểm Sáng,2.66
Đà Nẵng,,1,9.26,Xe ViP,Mưa Bão,0.775912,0.851932,10,0,84.77,Cao điểm Tối,2.47
Hải Phòng,,0,5.01,Ô Tô 4 Chỗ,Nhiều Mây,0.306334,0.811637,7,0,90.45,Cao điểm Sáng,2.13
Hồ Chí Minh,,6,0.53,Xe ViP,Nắng,0.563506,0.624191,11,1,91.68,Cao điểm Sáng,1.46
Hà Nội,,1,10.87,Xe Máy,Nắng,0.721826,0.973551,21,0,86.68,Đêm,1.38
Hải Phòng,,5,17.14,Xe ViP,Mưa Bão,0.99198,0.588559,3,1,86.63,Chiều,1.22
Đà Nẵng,,2,15.34,Xe ViP,Mưa,0.66522,0.936417,17,0,90.66,Cao điểm Sáng,2.27
Hải Phòng,,0,6.59,Ô Tô 4 Chỗ,Nắng,0.602642,0.588294,23,0,96.66,Cao điểm Sáng,1.33
Cần Thơ,,6,17.86,Ô Tô 4 Chỗ,Mưa,0.881123,0.856277,12,1,94.64,Đêm,1.19
Hà Nội,,5,5.91,Xe Máy,Mưa Bão,0.814449,0.874388,9,1,86.22,Đêm,1.43
Cần Thơ,,0,10.29,Xe Máy,Mưa Bão,0.31849,0.701635,1,0,87.86,Đêm,1.82
Cần Thơ,,1,17.69,Xe Máy,Mưa,0.849856,0.523991,2,0,91.5,Đêm,1.39
Hải Phòng,,4,17.66,Xe Máy,Mưa,0.711863,0.658098,13,0,87.65,Đêm,1.12
Đà Nẵng,,5,18.02,Ô Tô 4 Chỗ,Nhiều Mây,0.23181,0.480481,12,1,92.76,Chiều,1.12
Hải Phòng,,3,1.51,Ô Tô 4 Chỗ,Nắng,0.976382,0.856769,16,0,96.89,Cao điểm Tối,1.14
Cần Thơ,,2,6.96,Xe Máy,Mưa Bão,0.792191,0.498247,8,0,96.66,Cao điểm Sáng,2.34
Đà Nẵng,,6,3.09,Xe ViP,Mưa Bão,0.424259,0.529437,23,1,92.04,Chiều,1.37
Hà Nội,,2,15.13,Xe Máy,Mưa Bão,0.673113,0.613278,16,0,95.22,Chiều,1.24
Hà Nội,,2,12.39,Xe Máy,Mưa Bão,0.81169,0.656062,9,0,99.22,Cao điểm Sáng,2.39
Hồ Chí Minh,,5,17.98,Xe Máy,Nắng,0.568469,0.868228,21,1,98.94,Đêm,1.45
Đà Nẵng,,6,4.74,Ô Tô 4 Chỗ,Nắng,0.846104,0.511094,21,1,87.39,Cao điểm Tối,1.25
Hải Phòng,,3,6.33,Xe Máy,Nắng,0.796165,0.902498,9,0,92.74,Chiều,1.16
Hà Nội,,4,2.77,Xe ViP,Nhiều Mây,0.779359,0.548522,4,0,86.02,Cao điểm Sáng,1.31
Hồ Chí Minh,,2,17.56,Ô Tô 4 Chỗ,Nắng,0.756559,0.738796,13,0,97.43,Cao điểm Sáng,1.15
Cần Thơ,,3,16.95,Xe ViP,Nắng,0.388575,0.803045,17,0,87.05,Chiều,1.62
Cần Thơ,,4,2.54,Xe Máy,Nhiều Mây,0.41896,0.80971,15,0,96.87,Cao điểm Sáng,1.99
Hà Nội,,0,13.36,Xe Máy,Mưa Bão,0.775981,0.539657,12,0,93.97,Chiều,1.17
Hà Nội,,6,9.98,Xe ViP,Nhiều Mây,0.62024,0.77798,8,1,86.51,Cao điểm Tối,1.49
Đà Nẵng,,6,17.8,Xe ViP,Nắng,0.922291,0.586284,11,1,98.02,Cao điểm Sáng,1.02
Cần Thơ,,6,14.95,Ô Tô 4 Chỗ,Nắng,0.983984,0.717122,17,1,88.56,Cao điểm Tối,1
Hà Nội,,2,15.77,Xe ViP,Nắng,0.453031,0.615867,6,0,92.11,Chiều,1.24
Đà Nẵng,,0,9.22,Xe ViP,Nắng,0.658074,0.500281,13,0,86.53,Đêm,1
Hồ Chí Minh,,2,17.86,Ô Tô 4 Chỗ,Mưa,0.328796,0.469962,14,0,99.05,Chiều,1.32
Hồ Chí Minh,,6,11.45,Xe ViP,Mưa Bão,0.984182,0.695742,5,1,86.3,Cao điểm Tối,2.35
Hồ Chí Minh,,3,19.71,Xe ViP,Nắng,0.525866,0.789884,21,0,96.64,Đêm,1.4
Hà Nội,,2,2.86,Xe ViP,Mưa Bão,0.344308,0.588344,20,0,91.69,Đêm,1.74
Hải Phòng,,0,12.3,Xe Máy,Mưa Bão,0.377664,0.888313,7,0,90.19,Cao điểm Tối,3.22
Hồ Chí Minh,,6,17.43,Ô Tô 4 Chỗ,Nắng,0.393491,0.965713,7,1,91.64,Chiều,1.86
Hồ Chí Minh,,0,5.87,Xe Máy,Nhiều Mây,0.563528,0.426287,17,0,89.41,Chiều,1
Đà Nẵng,,1,7.99,Xe ViP,Nắng,0.605309,0.77215,12,0,84.73,Chiều,1.25
Hải Phòng,,1,19.36,Xe Máy,Nhiều Mây,0.638868,0.828154,8,0,91.99,Đêm,1.28
Hà Nội,,1,3.98,Xe ViP,Mưa Bão,0.708329,0.652337,21,0,96.11,Đêm,1.25
Hà Nội,,6,9.03,Xe Máy,Nhiều Mây,0.571653,0.963199,16,1,96.23,Cao điểm Sáng,1.86
Đà Nẵng,,4,12.97,Xe Máy,Mưa,0.705774,0.511528,15,0,89.29,Cao điểm Tối,2.43
Đà Nẵng,,2,17.07,Ô Tô 4 Chỗ,Mưa,0.522686,0.548772,18,0,89.09,Cao điểm Sáng,2.15
Hồ Chí Minh,,5,13.91,Xe Máy,Nhiều Mây,0.809616,0.477643,23,1,90.86,Đêm,1
Cần Thơ,,1,17.93,Xe ViP,Mưa Bão,0.523646,0.63444,2,0,90.75,Chiều,1.4
Hải Phòng,,2,11.39,Xe ViP,Mưa,0.403581,0.682666,0,0,88.83,Cao điểm Tối,1.94
Hồ Chí Minh,,6,18.11,Ô Tô 4 Chỗ,Mưa,0.28386,0.631341,19,1,90.29,Chiều,1.8
Cần Thơ,,3,8.47,Ô Tô 4 Chỗ,Nhiều Mây,0.74695,0.64303,8,0,98.51,Đêm,1
Hải Phòng,,4,7.43,Ô Tô 4 Chỗ,Nhiều Mây,0.337471,0.987609,10,0,94.91,Đêm,1.98
Cần Thơ,,2,18.93,Ô Tô 4 Chỗ,Nhiều Mây,0.941201,0.740397,8,0,88.22,Đêm,1
Hà Nội,,1,8.27,Ô Tô 4 Chỗ,Mưa,0.93831,0.926736,9,0,96.22,Chiều,1.32
Cần Thơ,,4,4.98,Xe Máy,Nắng,0.761673,0.413522,15,0,87.46,Đêm,1
Hải Phòng,,6,9.36,Xe ViP,Mưa,0.269833,0.966577,2,1,90.61,Cao điểm Sáng,3.4
Đà Nẵng,,2,9.24,Xe Máy,Mưa Bão,0.918837,0.715852,1,0,92.5,Cao điểm Sáng,2.02
Cần Thơ,,3,19.74,Xe ViP,Mưa,0.455852,0.866949,20,0,92.72,Chiều,2.02
Cần Thơ,,1,14.76,Xe Máy,Nhiều Mây,0.649142,0.599797,15,0,88.2,Cao điểm Sáng,1.35
Cần Thơ,,3,11.25,Ô Tô 4 Chỗ,Mưa Bão,0.384417,0.565,12,0,93.04,Chiều,1.63
Đà Nẵng,,4,15.03,Xe ViP,Nhiều Mây,0.580516,0.850204,2,0,94,Chiều,1.4
Cần Thơ,,5,9.36,Ô Tô 4 Chỗ,Nhiều Mây,0.702638,0.60587,1,1,94.2,Đêm,1
Hải Phòng,,5,10.17,Ô Tô 4 Chỗ,Nắng,0.944092,0.946538,23,1,88.36,Cao điểm Tối,1.3
Hồ Chí Minh,,4,4.16,Xe Máy,Nhiều Mây,0.594276,0.707295,22,0,85.33,Cao điểm Sáng,1.37
Cần Thơ,,5,8.59,Ô Tô 4 Chỗ,Nắng,0.362546,0.800676,22,1,97.38,Đêm,1.55
Cần Thơ,,0,9.08,Ô Tô 4 Chỗ,Nắng,0.968445,0.923172,15,0,89.43,Đêm,1
Cần Thơ,,2,1.09,Xe Máy,Nắng,0.452193,0.615623,0,0,96.14,Cao điểm Tối,1.61
Hà Nội,,6,17.65,Ô Tô 4 Chỗ,Nhiều Mây,0.696866,0.688193,19,1,91.01,Cao điểm Sáng,1.19
Cần Thơ,,5,17.8,Ô Tô 4 Chỗ,Mưa,0.901017,0.790211,15,1,90.75,Cao điểm Tối,1.84
Hồ Chí Minh,,3,2.05,Xe Máy,Nhiều Mây,0.493611,0.895748,8,0,86.32,Đêm,1.6
Cần Thơ,,6,15,Xe Máy,Mưa Bão,0.27309,0.708026,19,1,88.04,Đêm,2.02
Đà Nẵng,,0,14.71,Xe Máy,Nắng,0.848234,0.837311,3,0,89.56,Đêm,1
Hải Phòng,,2,9.61,Xe ViP,Nhiều Mây,0.228986,0.850636,10,0,90.3,Đêm,1.93
Cần Thơ,,5,14.59,Xe ViP,Nắng,0.200232,0.911786,5,1,95.35,Cao điểm Tối,1.94
Hà Nội,,3,18.4,Ô Tô 4 Chỗ,Nhiều Mây,0.689409,0.780084,18,0,96.5,Chiều,1.14
Hà Nội,,5,9.69,Xe ViP,Mưa,0.340214,0.768809,1,1,91.06,Cao điểm Tối,2.58
Hồ Chí Minh,,2,5.55,Xe Máy,Nhiều Mây,0.325637,0.770485,3,0,84.29,Chiều,1.67
Hải Phòng,,3,13.3,Ô Tô 4 Chỗ,Mưa Bão,0.2083,0.55881,11,0,95.44,Cao điểm Sáng,2.84
Hà Nội,,3,17.8,Xe ViP,Mưa,0.708044,0.529552,2,0,97.06,Chiều,1.33
Cần Thơ,,4,2.84,Xe ViP,Nhiều Mây,0.848372,0.807615,6,0,92.56,Đêm,1
Hải Phòng,,3,10.35,Xe Máy,Mưa,0.819586,0.88407,23,0,85.54,Đêm,1.34
Hồ Chí Minh,,2,14.25,Xe Máy,Nhiều Mây,0.903762,0.934093,8,0,94.86,Chiều,1.05
Đà Nẵng,,3,6.84,Ô Tô 4 Chỗ,Nhiều Mây,0.853111,0.890708,9,0,87.96,Chiều,1.06
Hồ Chí Minh,,2,2.86,Xe ViP,Nhiều Mây,0.816771,0.574205,9,0,86.98,Cao điểm Tối,1.12
Hồ Chí Minh,,5,2.95,Xe ViP,Nhiều Mây,0.595919,0.635226,6,1,94.57,Chiều,1.06
Đà Nẵng,,4,4.05,Ô Tô 4 Chỗ,Mưa,0.785764,0.556043,17,0,86.24,Cao điểm Sáng,2
Hồ Chí Minh,,4,17.23,Xe ViP,Mưa,0.65026,0.49984,17,0,87.75,Chiều,1.13
Cần Thơ,,1,5.63,Xe ViP,Mưa,0.899255,0.73576,14,0,91.57,Chiều,1.12
Hồ Chí Minh,,1,11.77,Xe Máy,Mưa,0.295184,0.795502,8,0,87.84,Cao điểm Tối,2.86
Hải Phòng,,0,12.81,Ô Tô 4 Chỗ,Mưa,0.506513,0.866552,11,0,94.1,Cao điểm Sáng,2.84
Cần Thơ,,2,7.31,Ô Tô 4 Chỗ,Mưa Bão,0.428614,0.753951,16,0,97.92,Cao điểm Sáng,2.25
Hồ Chí Minh,,2,9.35,Ô Tô 4 Chỗ,Nhiều Mây,0.240125,0.982143,5,0,93.24,Cao điểm Sáng,2.39
Hải Phòng,,2,0.83,Xe Máy,Nhiều Mây,0.453812,0.536422,14,0,94.48,Đêm,1.12
Đà Nẵng,,1,8.72,Ô Tô 4 Chỗ,Mưa,0.264568,0.50806,11,0,97.53,Đêm,1.7
Hà Nội,,1,15.67,Xe ViP,Mưa Bão,0.576629,0.771827,8,0,91.97,Cao điểm Tối,2.53
Cần Thơ,,0,17.04,Xe ViP,Mưa,0.379091,0.444774,9,0,86.53,Cao điểm Sáng,1.9
Đà Nẵng,,6,12.79,Xe ViP,Nhiều Mây,0.790479,0.526259,5,1,90.82,Cao điểm Sáng,1
Đà Nẵng,,0,17.06,Xe ViP,Nắng,0.937959,0.661128,14,0,94.51,Đêm,1
Hồ Chí Minh,,5,7.5,Xe Máy,Nắng,0.396552,0.521698,1,1,94.28,Đêm,1.19
Đà Nẵng,,5,15.74,Xe Máy,Mưa,0.788301,0.522549,13,1,89.99,Cao điểm Tối,1.52
Hải Phòng,,5,9.96,Xe Máy,Nắng,0.351215,0.59652,5,1,97.28,Đêm,1.33
Cần Thơ,,4,7.71,Xe ViP,Nắng,0.315981,0.826498,8,0,95.5,Cao điểm Sáng,2.11
Cần Thơ,,5,13.07,Ô Tô 4 Chỗ,Mưa Bão,0.768904,0.628938,23,1,89.09,Cao điểm Sáng,2.3
Hà Nội,,4,17.66,Ô Tô 4 Chỗ,Mưa Bão,0.484574,0.626453,4,0,90.2,Cao điểm Sáng,2.48
Hải Phòng,,2,8.28,Xe Máy,Nhiều Mây,0.617781,0.638494,17,0,95.92,Đêm,1.03
Cần Thơ,,0,3.77,Xe Máy,Nhiều Mây,0.757928,0.732558,13,0,84.83,Đêm,1
Hải Phòng,,0,8.52,Xe Máy,Mưa,0.202194,0.971771,7,0,97.6,Cao điểm Tối,2.85
Cần Thơ,,2,4.71,Xe Máy,Nắng,0.259602,0.801811,19,0,89.34,Cao điểm Tối,2.16
Hà Nội,,2,14.05,Xe ViP,Mưa,0.228203,0.577727,13,0,94.47,Chiều,1.85
Đà Nẵng,,5,14.98,Xe ViP,Nắng,0.659028,0.601567,2,1,92.82,Cao điểm Tối,1.01
Hà Nội,,2,12.17,Xe ViP,Nhiều Mây,0.554108,0.92705,17,0,86.49,Cao điểm Tối,1.73
Hà Nội,,5,15.57,Ô Tô 4 Chỗ,Nắng,0.486103,0.868394,17,1,97.48,Chiều,1.57
Đà Nẵng,,5,7.23,Xe Máy,Nhiều Mây,0.998189,0.726806,14,1,88.05,Chiều,1
Hải Phòng,,1,9.41,Ô Tô 4 Chỗ,Nắng,0.885761,0.634572,19,0,92.11,Cao điểm Tối,1.16
Hồ Chí Minh,,2,7.49,Ô Tô 4 Chỗ,Nhiều Mây,0.475449,0.84839,5,0,88.76,Chiều,1.56
Hà Nội,,1,13.64,Ô Tô 4 Chỗ,Mưa,0.473258,0.853462,11,0,94.37,Đêm,1.71
Hải Phòng,,5,2.17,Ô Tô 4 Chỗ,Mưa Bão,0.397235,0.615885,2,1,95.65,Cao điểm Sáng,2.61
Đà Nẵng,,1,10.31,Xe ViP,Nắng,0.555732,0.549771,16,0,94.29,Cao điểm Tối,1.39
Đà Nẵng,,5,14.46,Xe ViP,Mưa,0.413714,0.712267,11,1,87.66,Đêm,1.82
Cần Thơ,,5,5.87,Xe ViP,Mưa,0.499218,0.564157,6,1,99.28,Cao điểm Tối,2.33
Hải Phòng,,2,10.84,Ô Tô 4 Chỗ,Mưa Bão,0.740525,0.59384,5,0,92.68,Đêm,1.27
Cần Thơ,,5,13.73,Ô Tô 4 Chỗ,Mưa Bão,0.750126,0.912366,7,1,89,Đêm,1.51
Cần Thơ,,6,5.98,Xe Máy,Mưa Bão,0.428929,0.513975,18,1,93.99,Đêm,1.5
Hà Nội,,2,3.35,Ô Tô 4 Chỗ,Mưa Bão,0.317899,0.725462,23,0,90.44,Chiều,1.79
Hồ Chí Minh,,1,10.53,Ô Tô 4 Chỗ,Mưa Bão,0.690208,0.515988,20,0,88.35,Đêm,1.28
Cần Thơ,,1,2.84,Ô Tô 4 Chỗ,Nhiều Mây,0.341636,0.40265,2,0,91.65,Cao điểm Sáng,1.29
Hà Nội,,4,13.22,Xe ViP,Nắng,0.265812,0.730078,14,0,92.55,Cao điểm Tối,1.83
Hải Phòng,,6,17.97,Ô Tô 4 Chỗ,Mưa Bão,0.340516,0.950909,18,1,89.94,Chiều,2.2
Hà Nội,,0,2.1,Ô Tô 4 Chỗ,Nắng,0.669718,0.409072,5,0,86.19,Cao điểm Sáng,1.22
Hà Nội,,6,9.79,Xe ViP,Nắng,0.370054,0.94117,13,1,85.38,Cao điểm Tối,2.15
Hà Nội,,3,4.11,Xe ViP,Mưa,0.568246,0.985802,9,0,89.46,Cao điểm Tối,2.6
Cần Thơ,,3,14.28,Xe Máy,Nắng,0.607965,0.938979,11,0,89.91,Cao điểm Tối,1.76
Hà Nội,,1,6.32,Xe ViP,Mưa Bão,0.43931,0.654945,5,0,93.01,Chiều,1.42
Hà Nội,,4,7.03,Xe ViP,Nhiều Mây,0.708888,0.892319,6,0,94.05,Chiều,1.28
Hồ Chí Minh,,6,3.32,Ô Tô 4 Chỗ,Mưa,0.296207,0.580837,20,1,84.7,Cao điểm Sáng,2.82
Cần Thơ,,0,9.27,Xe ViP,Nhiều Mây,0.631859,0.613538,15,0,90.88,Cao điểm Tối,1.12
Hà Nội,,1,5.14,Xe ViP,Nắng,0.988756,0.416867,1,0,94.46,Chiều,1
Cần Thơ,,1,12.1,Ô Tô 4 Chỗ,Mưa,0.413336,0.544821,7,0,98.05,Chiều,1.47
Hà Nội,,4,9.86,Xe ViP,Nắng,0.954633,0.411761,3,0,86.18,Chiều,1
Hồ Chí Minh,,4,14.34,Xe Máy,Mưa Bão,0.979226,0.649339,11,0,86.21,Cao điểm Sáng,2.47
Đà Nẵng,,0,8.19,Xe Máy,Nắng,0.654958,0.444008,20,0,92.64,Chiều,1
Cần Thơ,,2,18.87,Xe Máy,Mưa Bão,0.506301,0.420885,9,0,97.23,Cao điểm Sáng,1.91
Hải Phòng,,2,12.72,Xe Máy,Mưa,0.655823,0.975364,1,0,87.44,Cao điểm Tối,2.82
Hà Nội,,4,13.6,Ô Tô 4 Chỗ,Nắng,0.372065,0.979818,20,0,98.61,Đêm,1.91
Hồ Chí Minh,,3,9.52,Xe ViP,Mưa Bão,0.639301,0.514348,0,0,91.23,Chiều,1.27
Hồ Chí Minh,,5,0.64,Ô Tô 4 Chỗ,Nắng,0.642726,0.522893,10,1,86.83,Chiều,1
Cần Thơ,,4,14.55,Xe ViP,Mưa,0.908156,0.915462,9,0,96.55,Chiều,1.38
Hồ Chí Minh,,0,2.09,Xe ViP,Nhiều Mây,0.89771,0.492668,6,0,85.11,Đêm,1
Hồ Chí Minh,,4,1.54,Xe ViP,Mưa Bão,0.467699,0.876316,23,0,95.74,Cao điểm Sáng,2.14
Hà Nội,,3,10.99,Xe Máy,Mưa Bão,0.816903,0.905506,21,0,94.61,Chiều,1.36
Đà Nẵng,,2,2.59,Xe ViP,Nắng,0.629793,0.631469,21,0,93.96,Chiều,1
Cần Thơ,,4,7.99,Xe Máy,Nhiều Mây,0.387939,0.637735,0,0,93.64,Chiều,1.37
Hải Phòng,,1,7.98,Xe Máy,Mưa Bão,0.897137,0.632513,3,0,96.8,Đêm,1.11
Hà Nội,,0,4.61,Xe Máy,Mưa Bão,0.323793,0.435358,14,0,97.92,Đêm,1.47
Hải Phòng,,2,9.88,Ô Tô 4 Chỗ,Nắng,0.252776,0.557775,22,0,84.93,Đêm,1.46
Cần Thơ,,0,2.64,Ô Tô 4 Chỗ,Nhiều Mây,0.897349,0.637067,20,0,89.44,Cao điểm Sáng,1.13
Hải Phòng,,2,12.03,Xe ViP,Mưa,0.499397,0.725225,5,0,95.45,Chiều,1.47
Hồ Chí Minh,,5,15.56,Ô Tô 4 Chỗ,Mưa Bão,0.427821,0.537302,18,1,95.97,Cao điểm Sáng,2.09
Hà Nội,,2,16.39,Xe ViP,Nắng,0.404901,0.713252,23,0,96.64,Cao điểm Tối,1.79
Cần Thơ,,6,12.12,Xe Máy,Mưa Bão,0.622067,0.430316,16,1,97.29,Chiều,1.39
Hà Nội,,4,4.07,Xe Máy,Mưa Bão,0.952699,0.91398,14,0,92.37,Đêm,1.39
Cần Thơ,,6,1.38,Xe ViP,Mưa Bão,0.593271,0.968678,20,1,96.98,Đêm,1.82
Hồ Chí Minh,,3,3.51,Xe ViP,Mưa,0.518577,0.688934,1,0,93.29,Cao điểm Tối,1.77
Hà Nội,,0,6.54,Xe ViP,Nhiều Mây,0.345329,0.75944,17,0,91.69,Chiều,1.62
Cần Thơ,,0,6.48,Ô Tô 4 Chỗ,Nhiều Mây,0.376096,0.79133,6,0,87.76,Cao điểm Tối,1.75
Đà Nẵng,,5,19.64,Ô Tô 4 Chỗ,Nắng,0.85972,0.651828,0,1,93.38,Chiều,1
Hà Nội,,1,8.47,Xe Máy,Mưa,0.581978,0.426253,5,0,89.98,Cao điểm Tối,2.44
Hồ Chí Minh,,6,9.01,Xe ViP,Nắng,0.67449,0.504286,0,1,96.1,Cao điểm Sáng,1.21
Đà Nẵng,,5,12.83,Ô Tô 4 Chỗ,Mưa,0.398799,0.524382,7,1,96.82,Cao điểm Sáng,1.86
Hải Phòng,,4,18.79,Xe ViP,Nắng,0.273951,0.749599,4,0,87.66,Chiều,1.71
Hà Nội,,6,13.72,Ô Tô 4 Chỗ,Mưa,0.975313,0.696181,0,1,95.6,Cao điểm Sáng,1.77
Cần Thơ,,1,5.94,Xe ViP,Mưa Bão,0.559537,0.793421,21,0,83.91,Chiều,1.68
Cần Thơ,,6,8.46,Xe Máy,Mưa,0.398459,0.58932,1,1,85.02,Cao điểm Sáng,1.99
Đà Nẵng,,6,17.01,Xe ViP,Nắng,0.916603,0.721076,8,1,91.82,Chiều,1
Hà Nội,,1,7.69,Xe ViP,Mưa,0.233813,0.971043,19,0,92.42,Đêm,2.3
Hà Nội,,4,18.92,Ô Tô 4 Chỗ,Nhiều Mây,0.273121,0.794382,17,0,85.31,Đêm,1.78
Đà Nẵng,,0,6.32,Xe Máy,Mưa,0.56124,0.656428,6,0,92.1,Chiều,1.51
Hồ Chí Minh,,0,11.37,Xe ViP,Mưa,0.439179,0.881558,10,0,96.43,Chiều,2.01
Hà Nội,,3,16.81,Ô Tô 4 Chỗ,Nhiều Mây,0.885126,0.538634,9,0,94.22,Cao điểm Sáng,1.23
Đà Nẵng,,0,15.39,Ô Tô 4 Chỗ,Mưa,0.201872,0.559573,22,0,90.63,Chiều,1.77
Hà Nội,,2,19.4,Xe Máy,Mưa,0.548396,0.422184,16,0,93.08,Cao điểm Sáng,2.25
Hải Phòng,,4,8.74,Xe Máy,Mưa Bão,0.253778,0.489384,15,0,85.84,Cao điểm Tối,2.22
Cần Thơ,,2,12.63,Xe ViP,Mưa Bão,0.968775,0.600533,0,0,94.73,Chiều,1.3
Hải Phòng,,3,10.52,Xe Máy,Nhiều Mây,0.224335,0.56675,14,0,84.78,Cao điểm Sáng,1.79
Cần Thơ,,2,16.49,Xe ViP,Nhiều Mây,0.434368,0.486808,1,0,92.68,Đêm,1.08
Đà Nẵng,,1,15.56,Ô Tô 4 Chỗ,Mưa,0.976078,0.529708,0,0,89.84,Đêm,1.25
Hồ Chí Minh,,6,19.65,Ô Tô 4 Chỗ,Nắng,0.70555,0.763267,17,1,94.45,Đêm,1.09
Hồ Chí Minh,,4,9.2,Xe ViP,Mưa,0.549991,0.589705,6,0,84.2,Đêm,1.46
Hà Nội,,0,12.76,Xe ViP,Nhiều Mây,0.935942,0.602565,12,0,92.71,Cao điểm Tối,1.3
Cần Thơ,,2,18.06,Xe Máy,Mưa Bão,0.375228,0.577497,5,0,94.64,Chiều,1.64
Hồ Chí Minh,,1,7.58,Xe ViP,Mưa,0.966694,0.860103,2,0,93.53,Cao điểm Sáng,1.86
Hồ Chí Minh,,2,18.76,Ô Tô 4 Chỗ,Mưa,0.786945,0.775727,14,0,90.03,Cao điểm Sáng,2.16
Cần Thơ,,4,18.66,Xe ViP,Mưa Bão,0.273219,0.937607,11,0,84.62,Cao điểm Sáng,2.8
Hà Nội,,1,18.26,Xe Máy,Mưa,0.336865,0.828696,20,0,92.82,Cao điểm Sáng,2.9
Cần Thơ,,0,15.86,Xe Máy,Nhiều Mây,0.401553,0.520104,7,0,97.3,Cao điểm Tối,1.41
Hà Nội,,3,16.92,Ô Tô 4 Chỗ,Nhiều Mây,0.488189,0.737253,16,0,88.26,Đêm,1.37
Cần Thơ,,6,2.69,Xe ViP,Mưa Bão,0.366797,0.798984,3,1,98.73,Đêm,1.95
Hồ Chí Minh,,6,12.35,Xe ViP,Mưa,0.382874,0.825247,9,1,96.85,Đêm,2.06
Cần Thơ,,3,14.65,Ô Tô 4 Chỗ,Nắng,0.211978,0.884862,16,0,95.7,Chiều,2.01
Hải Phòng,,6,10.43,Xe ViP,Mưa,0.917436,0.512852,1,1,86.39,Cao điểm Sáng,2.36
Hồ Chí Minh,,3,9.98,Xe Máy,Nhiều Mây,0.618915,0.790726,22,0,84.41,Cao điểm Tối,1.37
Cần Thơ,,3,18.86,Xe Máy,Nhiều Mây,0.976855,0.644079,12,0,90.24,Đêm,1
Hồ Chí Minh,,0,18.7,Xe ViP,Nắng,0.779219,0.506558,11,0,92.59,Cao điểm Tối,1.33
Cần Thơ,,2,3.51,Xe Máy,Mưa Bão,0.41303,0.992704,0,0,97.39,Cao điểm Sáng,2.9
Hà Nội,,1,6.11,Ô Tô 4 Chỗ,Mưa Bão,0.965265,0.6282,15,0,84.41,Đêm,1.21
Hà Nội,,6,12.99,Xe ViP,Nắng,0.678282,0.468266,21,1,88.95,Đêm,1
Hà Nội,,1,5.75,Xe Máy,Mưa,0.47789,0.747051,14,0,92.8,Cao điểm Tối,2.36
Đà Nẵng,,5,12.2,Xe ViP,Nhiều Mây,0.580974,0.447078,18,1,92.07,Đêm,1
Đà Nẵng,,2,16.36,Xe ViP,Nắng,0.380439,0.656174,9,0,92.96,Đêm,1.41
Cần Thơ,,5,19.07,Xe Máy,Mưa,0.65668,0.804389,10,1,93.52,Cao điểm Sáng,2.39
Hải Phòng,,2,4.1,Xe ViP,Mưa Bão,0.57865,0.676706,20,0,97.99,Chiều,1.25
Hồ Chí Minh,,3,1.34,Xe ViP,Mưa,0.947101,0.760113,16,0,94.62,Đêm,1.37
Hồ Chí Minh,,5,19.97,Xe ViP,Nắng,0.99461,0.837787,9,1,87.6,Cao điểm Sáng,1.31
Hải Phòng,,3,6.42,Ô Tô 4 Chỗ,Mưa Bão,0.987616,0.6441,19,0,98.82,Đêm,1.11
Hồ Chí Minh,,0,17.61,Xe ViP,Nhiều Mây,0.401637,0.492044,10,0,92.18,Chiều,1.14
Hà Nội,,0,7.43,Xe Máy,Nhiều Mây,0.254266,0.679,17,0,84.88,Đêm,1.64
Hà Nội,,0,1.15,Xe Máy,Mưa,0.387076,0.766919,20,0,97.6,Đêm,1.93
Hồ Chí Minh,,5,6.85,Xe ViP,Nắng,0.719631,0.839108,15,1,95.01,Cao điểm Tối,1.45
Hà Nội,,1,17.23,Xe Máy,Mưa,0.617879,0.903797,3,0,91.19,Cao điểm Tối,1.98
Hà Nội,,4,12.32,Xe ViP,Mưa,0.454211,0.66577,6,0,91.68,Chiều,1.68
Cần Thơ,,2,3.34,Xe Máy,Mưa,0.997899,0.578475,14,0,96.67,Cao điểm Tối,2.42
Hồ Chí Minh,,5,1.75,Ô Tô 4 Chỗ,Nắng,0.695575,0.715003,19,1,84.7,Đêm,1.03
Hải Phòng,,0,13.64,Xe Máy,Nhiều Mây,0.889223,0.929554,2,0,97.36,Cao điểm Sáng,1.21
Hồ Chí Minh,,1,16.07,Ô Tô 4 Chỗ,Mưa,0.655078,0.746064,10,0,91.19,Cao điểm Sáng,2.48
Cần Thơ,,2,14.42,Ô Tô 4 Chỗ,Nắng,0.419324,0.950446,16,0,98.37,Cao điểm Sáng,1.96
Hà Nội,,5,2.19,Xe ViP,Nhiều Mây,0.836856,0.433322,7,1,97.69,Cao điểm Sáng,1.4
Hà Nội,,2,11.12,Xe ViP,Mưa,0.520157,0.865658,3,0,92.11,Cao điểm Tối,2.65
Cần Thơ,,3,16.29,Ô Tô 4 Chỗ,Mưa Bão,0.516393,0.402413,22,0,84.88,Cao điểm Tối,2.34
Hồ Chí Minh,,1,18.32,Xe ViP,Mưa,0.874123,0.517636,2,0,88.02,Cao điểm Sáng,1.9
Cần Thơ,,4,10.46,Xe ViP,Mưa,0.439321,0.835671,10,0,98.59,Chiều,1.87
Hà Nội,,3,9.79,Xe Máy,Nắng,0.50879,0.525738,23,0,85.61,Chiều,1.03
Hà Nội,,0,16.79,Ô Tô 4 Chỗ,Mưa,0.57959,0.811237,14,0,98.81,Cao điểm Tối,2.16
Hồ Chí Minh,,4,5.61,Ô Tô 4 Chỗ,Mưa Bão,0.302911,0.928021,13,0,92.44,Cao điểm Tối,2.69
Hà Nội,,1,11.52,Xe Máy,Nhiều Mây,0.229979,0.866493,9,0,92.03,Đêm,1.95
Hà Nội,,4,18.37,Xe ViP,Nhiều Mây,0.879708,0.570175,0,0,88.82,Cao điểm Tối,1.33
Cần Thơ,,6,1.02,Xe ViP,Nắng,0.517979,0.855165,3,1,91.87,Cao điểm Tối,1.6
Hà Nội,,4,14.66,Ô Tô 4 Chỗ,Nắng,0.499277,0.83457,13,0,96.63,Đêm,1.5
Hải Phòng,,6,3.59,Ô Tô 4 Chỗ,Nắng,0.46591,0.929495,13,1,93.16,Cao điểm Tối,1.94
Cần Thơ,,2,5.09,Ô Tô 4 Chỗ,Mưa,0.318857,0.495727,22,0,96.54,Chiều,1.47
Đà Nẵng,,6,10.25,Xe Máy,Nắng,0.222892,0.717919,5,1,84.24,Cao điểm Sáng,1.65
Hà Nội,,4,19.19,Xe Máy,Nhiều Mây,0.400526,0.633777,15,0,88.14,Cao điểm Tối,1.46
Hải Phòng,,3,15.32,Xe ViP,Mưa Bão,0.203764,0.638244,11,0,85.03,Cao điểm Sáng,3.12
Hải Phòng,,0,2.61,Xe Máy,Mưa,0.327314,0.777409,14,0,92.5,Cao điểm Tối,3.12
Hà Nội,,2,10.15,Xe ViP,Nắng,0.564033,0.646209,5,0,99.03,Cao điểm Sáng,1.42
Đà Nẵng,,6,8.71,Xe Máy,Mưa,0.321237,0.563367,18,1,94.64,Đêm,1.62
Hồ Chí Minh,,6,13.32,Ô Tô 4 Chỗ,Mưa,0.67142,0.536303,20,1,88.16,Cao điểm Tối,2.21
Hà Nội,,1,8.78,Xe ViP,Nhiều Mây,0.223196,0.880706,22,0,97.54,Cao điểm Sáng,2.31
Hồ Chí Minh,,2,15.6,Ô Tô 4 Chỗ,Nhiều Mây,0.604241,0.742196,4,0,95.06,Cao điểm Tối,1.49
Hà Nội,,0,3.27,Xe Máy,Nhiều Mây,0.509588,0.55149,2,0,93.32,Đêm,1.06
Đà Nẵng,,5,6.93,Xe ViP,Mưa,0.324372,0.45705,21,1,87.68,Chiều,1.6
Đà Nẵng,,4,17.2,Xe Máy,Nắng,0.500739,0.522808,21,0,99.17,Chiều,1.03
Hà Nội,,6,6.94,Xe Máy,Nhiều Mây,0.334923,0.458824,14,1,89.81,Cao điểm Tối,1.35
Hà Nội,,3,15.94,Ô Tô 4 Chỗ,Mưa Bão,0.604777,0.420569,18,0,87.13,Cao điểm Sáng,2
Hải Phòng,,6,4.68,Xe Máy,Nắng,0.877562,0.426603,12,1,92.31,Cao điểm Sáng,1
Hải Phòng,,5,15,Xe Máy,Nắng,0.614252,0.556714,0,1,92,Cao điểm Sáng,1.13
Hà Nội,,4,13.91,Xe ViP,Nắng,0.497965,0.81379,8,0,91.78,Chiều,1.47
Hà Nội,,4,9.48,Xe Máy,Mưa Bão,0.948111,0.739001,15,0,94.05,Cao điểm Sáng,2.35
Đà Nẵng,,5,15.18,Xe Máy,Mưa Bão,0.306367,0.970749,18,1,87.28,Chiều,2.18
Đà Nẵng,,3,4.27,Xe ViP,Nhiều Mây,0.408938,0.733967,23,0,90.09,Đêm,1.49
Cần Thơ,,6,16.95,Xe ViP,Mưa,0.759926,0.748784,11,1,94.2,Cao điểm Sáng,1.71
Hà Nội,,1,17.72,Xe Máy,Nắng,0.817975,0.493424,1,0,96.53,Cao điểm Sáng,1.39
Hải Phòng,,4,0.79,Ô Tô 4 Chỗ,Nhiều Mây,0.39019,0.481862,15,0,90.53,Cao điểm Sáng,1.47
Hồ Chí Minh,,4,8.04,Ô Tô 4 Chỗ,Mưa,0.696106,0.503394,8,0,89.94,Chiều,1.3
Đà Nẵng,,1,2.44,Xe ViP,Mưa Bão,0.235286,0.810054,0,0,88.17,Cao điểm Tối,2.8
Đà Nẵng,,5,1.73,Ô Tô 4 Chỗ,Mưa Bão,0.715012,0.708844,8,1,85.72,Chiều,1.21
Đà Nẵng,,6,7.53,Ô Tô 4 Chỗ,Mưa,0.988726,0.609459,16,1,96.44,Chiều,1.11
Hồ Chí Minh,,5,16.67,Xe ViP,Nắng,0.359479,0.945572,0,1,84.96,Cao điểm Tối,2.08
Hải Phòng,,1,1.71,Xe ViP,Mưa Bão,0.401409,0.455656,13,0,98.33,Cao điểm Tối,2.51
Đà Nẵng,,1,14.89,Xe Máy,Mưa Bão,0.79908,0.929662,1,0,98.09,Chiều,1.51
Hà Nội,,3,17.18,Ô Tô 4 Chỗ,Mưa,0.865073,0.885557,2,0,85.31,Cao điểm Sáng,2.48
Hải Phòng,,5,7.56,Ô Tô 4 Chỗ,Nắng,0.214572,0.789639,13,1,94.72,Đêm,1.78
Đà Nẵng,,2,6.92,Xe Máy,Mưa,0.255065,0.470905,16,0,94.42,Cao điểm Sáng,2.28
Hồ Chí Minh,,1,13.91,Xe Máy,Mưa Bão,0.484547,0.642838,14,0,91.77,Cao điểm Tối,2.1
Cần Thơ,,3,17.71,Xe ViP,Nhiều Mây,0.257205,0.554322,15,0,98.75,Chiều,1.45
Đà Nẵng,,4,1.11,Xe ViP,Nhiều Mây,0.976238,0.438795,12,0,89.54,Cao điểm Tối,1.26
Hồ Chí Minh,,3,14.67,Ô Tô 4 Chỗ,Mưa,0.220787,0.790197,13,0,96,Chiều,2.13
Cần Thơ,,6,11.32,Xe ViP,Mưa Bão,0.419416,0.976083,17,1,92.27,Cao điểm Sáng,3.04
Cần Thơ,,2,3.49,Xe Máy,Mưa Bão,0.561319,0.617744,9,0,92.78,Chiều,1.21
Đà Nẵng,,5,15.66,Xe ViP,Mưa Bão,0.655123,0.41967,10,1,84.9,Đêm,1.21
Hải Phòng,,6,7.91,Xe Máy,Nắng,0.915739,0.413105,6,1,86.56,Cao điểm Sáng,1
Hà Nội,,0,10.97,Xe Máy,Nắng,0.540488,0.545626,20,0,88.85,Cao điểm Sáng,1.13
Đà Nẵng,,0,7.7,Xe Máy,Nhiều Mây,0.505265,0.42646,20,0,85.39,Cao điểm Sáng,1.33
Hà Nội,,4,4.27,Ô Tô 4 Chỗ,Mưa Bão,0.691364,0.975179,13,0,93.25,Chiều,1.61
Hồ Chí Minh,,4,11.01,Ô Tô 4 Chỗ,Nắng,0.885238,0.507035,14,0,88.59,Cao điểm Tối,1.11
Hà Nội,,2,5.75,Xe ViP,Mưa Bão,0.964924,0.58048,15,0,94.55,Chiều,1.23
Cần Thơ,,1,15.23,Xe Máy,Mưa,0.589403,0.552913,2,0,93.89,Cao điểm Tối,2.09
Đà Nẵng,,5,5.28,Xe ViP,Mưa Bão,0.635944,0.514847,17,1,87.1,Cao điểm Sáng,1.73
Hà Nội,,4,4.02,Xe ViP,Nhiều Mây,0.889879,0.89753,16,0,96.93,Chiều,1.01
Hồ Chí Minh,,0,11.96,Xe ViP,Nhiều Mây,0.649971,0.723997,6,0,88.16,Chiều,1.11
Hồ Chí Minh,,6,3.57,Ô Tô 4 Chỗ,Mưa,0.867066,0.421839,21,1,91.95,Cao điểm Tối,1.93
Hải Phòng,,6,0.52,Ô Tô 4 Chỗ,Nhiều Mây,0.417504,0.534196,4,1,90.97,Đêm,1.18
Cần Thơ,,5,10.01,Xe Máy,Nhiều Mây,0.279215,0.566675,17,1,97.58,Đêm,1.22
Đà Nẵng,,6,4.95,Ô Tô 4 Chỗ,Nhiều Mây,0.643797,0.50176,0,1,87.15,Cao điểm Sáng,1.17
Đà Nẵng,,4,10.39,Xe ViP,Nắng,0.211035,0.429406,6,0,95.69,Đêm,1.33
Cần Thơ,,5,19.59,Ô Tô 4 Chỗ,Nắng,0.329486,0.86401,14,1,90.07,Cao điểm Tối,1.88
Hải Phòng,,3,15.79,Xe ViP,Nắng,0.458565,0.730005,7,0,88.03,Đêm,1.41
Hà Nội,,6,8.27,Ô Tô 4 Chỗ,Nắng,0.674337,0.821784,11,1,94.91,Cao điểm Tối,1.6
Hồ Chí Minh,,2,4.18,Ô Tô 4 Chỗ,Mưa Bão,0.456388,0.777473,11,0,94.39,Đêm,1.6
Hà Nội,,5,16.16,Xe Máy,Nắng,0.613532,0.849515,3,1,95.45,Đêm,1.35
Hải Phòng,,2,3.62,Xe Máy,Nhiều Mây,0.822456,0.872085,12,0,96.83,Chiều,1.07
Hà Nội,,1,15.17,Xe ViP,Mưa,0.230245,0.468483,16,0,90.34,Cao điểm Tối,2.57
Hải Phòng,,1,16.93,Xe ViP,Nắng,0.507092,0.87833,16,0,87.31,Đêm,1.56
Đà Nẵng,,1,11.75,Xe Máy,Nhiều Mây,0.369384,0.675092,4,0,86.26,Cao điểm Sáng,1.74
Cần Thơ,,0,5.42,Xe Máy,Nhiều Mây,0.432519,0.658089,16,0,89.72,Cao điểm Sáng,1.49
Đà Nẵng,,2,13.9,Ô Tô 4 Chỗ,Mưa Bão,0.268881,0.979519,8,0,86.68,Chiều,2.18
Cần Thơ,,0,7.07,Xe ViP,Nhiều Mây,0.738874,0.992829,2,0,86.46,Cao điểm Tối,1.53
Cần Thơ,,3,15.37,Xe ViP,Mưa Bão,0.852346,0.773405,8,0,89.09,Chiều,1.36
Hải Phòng,,3,1.88,Xe Máy,Mưa Bão,0.328225,0.963575,9,0,91.41,Chiều,2.14
Hải Phòng,,0,13.08,Xe ViP,Nhiều Mây,0.824219,0.736529,19,0,86.16,Cao điểm Tối,1.11
Hải Phòng,,0,11.75,Xe ViP,Nắng,0.522444,0.952317,7,0,98.12,Cao điểm Tối,1.85
Hải Phòng,,3,1.95,Ô Tô 4 Chỗ,Mưa Bão,0.759265,0.504051,3,0,87.34,Cao điểm Tối,2.23
Hồ Chí Minh,,5,2.9,Xe ViP,Mưa Bão,0.948992,0.883034,17,1,84.51,Chiều,1.3
Hồ Chí Minh,,1,4.37,Ô Tô 4 Chỗ,Nắng,0.200789,0.415404,18,0,83.22,Cao điểm Tối,1.47
Đà Nẵng,,1,19.81,Ô Tô 4 Chỗ,Nhiều Mây,0.609588,0.403135,22,0,92.98,Chiều,1
Đà Nẵng,,6,13.88,Xe ViP,Nhiều Mây,0.703544,0.908672,5,1,89.69,Cao điểm Tối,1.51
Cần Thơ,,0,15.51,Xe ViP,Nắng,0.314597,0.60474,22,0,85.06,Cao điểm Tối,1.61
Hải Phòng,,5,10.33,Ô Tô 4 Chỗ,Mưa Bão,0.719293,0.458736,20,1,96.42,Chiều,1.32
Hồ Chí Minh,,3,4.22,Ô Tô 4 Chỗ,Nắng,0.385224,0.808125,13,0,84.36,Cao điểm Sáng,1.78
Cần Thơ,,6,9.57,Xe ViP,Mưa Bão,0.475627,0.547495,9,1,96.36,Chiều,1.37
Đà Nẵng,,2,4.63,Ô Tô 4 Chỗ,Mưa,0.405289,0.589742,6,0,90.03,Cao điểm Sáng,1.84
Hải Phòng,,6,18.17,Xe Máy,Mưa,0.778496,0.706778,19,1,96.68,Đêm,1.24
Đà Nẵng,,3,8.29,Ô Tô 4 Chỗ,Mưa Bão,0.438194,0.939396,5,0,92.11,Cao điểm Tối,3
Hải Phòng,,0,4.89,Xe Máy,Mưa Bão,0.218685,0.528423,13,0,96.6,Cao điểm Sáng,2.85
Cần Thơ,,6,3.28,Xe Máy,Mưa,0.976878,0.665538,3,1,90.16,Đêm,1.4
Cần Thơ,,2,19.34,Xe ViP,Mưa Bão,0.388963,0.791909,12,0,92.79,Đêm,1.96
Hải Phòng,,0,7.21,Xe Máy,Nắng,0.604437,0.858834,15,0,85.55,Đêm,1.38
Hà Nội,,6,9.75,Xe ViP,Nắng,0.333522,0.429222,12,1,90.55,Đêm,1.14
Cần Thơ,,1,2.29,Xe Máy,Mưa,0.551493,0.560957,23,0,95.33,Cao điểm Sáng,1.82
Hải Phòng,,4,2.66,Xe ViP,Mưa Bão,0.672722,0.433949,12,0,98.39,Chiều,1.12
Cần Thơ,,4,17.46,Xe Máy,Nắng,0.467296,0.867861,15,0,85.27,Chiều,1.6
Hồ Chí Minh,,4,11.94,Xe ViP,Nắng,0.693126,0.833972,3,0,85.73,Chiều,1.21
Hà Nội,,6,19.74,Xe Máy,Mưa,0.243133,0.72919,15,1,97.52,Chiều,1.87
Hà Nội,,5,8.35,Xe ViP,Nắng,0.482194,0.540854,11,1,93.6,Đêm,1.09
Đà Nẵng,,3,5.5,Ô Tô 4 Chỗ,Mưa Bão,0.929549,0.435548,10,0,92.33,Đêm,1.23
Hồ Chí Minh,,6,9.06,Xe ViP,Nắng,0.266759,0.872448,23,1,96.47,Chiều,1.91
Cần Thơ,,5,19.44,Xe Máy,Nắng,0.600517,0.92828,18,1,97.18,Cao điểm Tối,1.48
Cần Thơ,,4,15.5,Xe ViP,Nắng,0.22053,0.815407,1,0,85.09,Đêm,1.89
Cần Thơ,,1,7.73,Xe ViP,Nhiều Mây,0.520881,0.643487,12,0,94.96,Cao điểm Tối,1.44
Hồ Chí Minh,,0,12.55,Xe ViP,Nhiều Mây,0.584223,0.4294,23,0,94.08,Đêm,1
Hồ Chí Minh,,2,6.08,Ô Tô 4 Chỗ,Nhiều Mây,0.871739,0.438089,5,0,93.93,Cao điểm Sáng,1.35
Cần Thơ,,0,17.01,Xe ViP,Mưa,0.751733,0.748147,1,0,84.13,Đêm,1.2
Hải Phòng,,0,1.18,Xe Máy,Nắng,0.978235,0.881751,19,0,94.42,Đêm,1
Đà Nẵng,,3,3.19,Xe Máy,Mưa,0.519025,0.775562,17,0,91.07,Đêm,1.62
Hồ Chí Minh,,4,17.56,Ô Tô 4 Chỗ,Nắng,0.402661,0.57173,2,0,87.23,Chiều,1.25
Hồ Chí Minh,,3,14.19,Xe ViP,Mưa,0.77005,0.469205,16,0,87.02,Đêm,1.2
Cần Thơ,,1,7.17,Xe Máy,Nhiều Mây,0.598639,0.941453,22,0,85.46,Cao điểm Tối,1.78
Hải Phòng,,5,11.55,Ô Tô 4 Chỗ,Mưa Bão,0.332853,0.927412,6,1,88.6,Đêm,2.17
Cần Thơ,,3,1.84,Ô Tô 4 Chỗ,Mưa,0.242543,0.609779,13,0,88.07,Chiều,1.83
Hồ Chí Minh,,5,9.82,Xe Máy,Nhiều Mây,0.982913,0.836857,18,1,85.91,Chiều,1
Cần Thơ,,1,2.6,Xe Máy,Mưa Bão,0.547541,0.877961,7,0,85.04,Cao điểm Sáng,2.77
Cần Thơ,,6,12.39,Xe ViP,Nắng,0.317502,0.866347,14,1,87.83,Chiều,1.55
Hà Nội,,4,17.88,Ô Tô 4 Chỗ,Mưa,0.553507,0.800681,0,0,86.84,Đêm,1.61
Cần Thơ,,0,2.38,Ô Tô 4 Chỗ,Mưa Bão,0.928635,0.994724,9,0,92.77,Cao điểm Sáng,1.63
Cần Thơ,,0,1.2,Ô Tô 4 Chỗ,Mưa Bão,0.728737,0.67386,17,0,84.05,Cao điểm Sáng,1.55
Hải Phòng,,0,19.78,Xe ViP,Mưa,0.507414,0.951491,4,0,96.15,Cao điểm Sáng,2.34
Hà Nội,,2,9.88,Xe Máy,Mưa Bão,0.585358,0.72652,12,0,91.78,Chiều,1.6
Đà Nẵng,,4,12.92,Xe Máy,Nắng,0.407289,0.434383,0,0,97.19,Đêm,1.04
Đà Nẵng,,2,6.52,Xe ViP,Mưa Bão,0.740774,0.961991,6,0,87.32,Cao điểm Tối,2.36
Đà Nẵng,,2,5.95,Xe ViP,Nhiều Mây,0.293489,0.406837,8,0,93.08,Chiều,1.17
Hồ Chí Minh,,2,4.89,Xe ViP,Nhiều Mây,0.461936,0.405339,6,0,95.94,Cao điểm Tối,1.39
Cần Thơ,,5,17.72,Xe ViP,Mưa,0.780125,0.854316,6,1,86.92,Chiều,1.24
Đà Nẵng,,1,0.6,Xe Máy,Mưa Bão,0.632244,0.904895,1,0,90.84,Đêm,1.77
Cần Thơ,,4,18.87,Xe Máy,Mưa Bão,0.843466,0.412563,23,0,90.48,Cao điểm Tối,2.27
Đà Nẵng,,2,16.57,Ô Tô 4 Chỗ,Mưa,0.916876,0.966425,4,0,89.91,Cao điểm Tối,2.44
Hà Nội,,2,7.85,Ô Tô 4 Chỗ,Mưa Bão,0.930023,0.58324,0,0,94.58,Chiều,1.24
Cần Thơ,,3,5.06,Ô Tô 4 Chỗ,Mưa Bão,0.336513,0.634084,7,0,88.57,Cao điểm Tối,2.23
Hải Phòng,,1,16.6,Ô Tô 4 Chỗ,Nhiều Mây,0.359089,0.726838,14,0,95.96,Đêm,1.55
Hồ Chí Minh,,0,5.45,Xe Máy,Mưa Bão,0.31215,0.451364,6,0,94.21,Đêm,1.32
Hà Nội,,0,2.97,Xe Máy,Nắng,0.772489,0.931188,15,0,89.21,Cao điểm Tối,1.56
Đà Nẵng,,2,5.88,Xe ViP,Nắng,0.668781,0.662267,17,0,89.65,Đêm,1
Hà Nội,,1,16.59,Ô Tô 4 Chỗ,Mưa,0.581095,0.507263,21,0,86.69,Cao điểm Sáng,1.84
Hải Phòng,,6,14.91,Xe Máy,Mưa Bão,0.931321,0.550647,0,1,88.66,Đêm,1.31
Hải Phòng,,2,18.31,Ô Tô 4 Chỗ,Mưa Bão,0.641901,0.705429,18,0,96.57,Chiều,1.35
Cần Thơ,,0,19.75,Ô Tô 4 Chỗ,Nắng,0.748486,0.482644,17,0,96.41,Cao điểm Sáng,1.16
Đà Nẵng,,2,5.95,Xe Máy,Nhiều Mây,0.254663,0.903952,10,0,92.11,Cao điểm Tối,2.17
Hải Phòng,,1,4.28,Xe Máy,Mưa,0.768361,0.531676,22,0,93.13,Đêm,1.36
Đà Nẵng,,0,3.87,Ô Tô 4 Chỗ,Mưa,0.276483,0.465365,12,0,92.12,Cao điểm Tối,2
Hải Phòng,,1,7.07,Ô Tô 4 Chỗ,Mưa,0.656905,0.943853,18,0,86.94,Cao điểm Tối,2.37
Hà Nội,,1,12.51,Xe ViP,Mưa,0.718024,0.418816,9,0,95.31,Cao điểm Sáng,2.11
Đà Nẵng,,5,11.06,Ô Tô 4 Chỗ,Mưa Bão,0.494644,0.54926,4,1,89.23,Đêm,1.2
Hải Phòng,,3,11.78,Xe ViP,Mưa,0.328666,0.910106,12,0,90.26,Cao điểm Tối,2.78
Hà Nội,,0,11.86,Ô Tô 4 Chỗ,Mưa Bão,0.385289,0.623761,12,0,86.09,Cao điểm Sáng,2.2
Hải Phòng,,2,16.01,Xe ViP,Mưa Bão,0.362175,0.81225,6,0,96.06,Cao điểm Sáng,2.99
Hải Phòng,,0,16.97,Xe ViP,Nắng,0.787045,0.553339,10,0,93.82,Đêm,1
Cần Thơ,,6,9.48,Xe Máy,Nắng,0.32975,0.614065,16,1,95.81,Cao điểm Tối,1.65
Hồ Chí Minh,,4,11.14,Xe ViP,Mưa,0.398673,0.583785,20,0,88.54,Cao điểm Sáng,2.27
Hồ Chí Minh,,6,7.97,Xe ViP,Nhiều Mây,0.73985,0.905097,2,1,87.55,Chiều,1.25
Cần Thơ,,6,3.93,Ô Tô 4 Chỗ,Mưa,0.96749,0.975206,6,1,91.34,Chiều,1.26
Cần Thơ,,6,13.45,Xe Máy,Nắng,0.510716,0.831438,7,1,91,Cao điểm Sáng,1.48
Cần Thơ,,3,3.73,Xe Máy,Mưa Bão,0.451081,0.451906,1,0,87.74,Cao điểm Tối,1.89
Đà Nẵng,,6,3.59,Xe ViP,Mưa Bão,0.212091,0.556592,19,1,89.09,Đêm,1.72
Cần Thơ,,5,7.43,Ô Tô 4 Chỗ,Nắng,0.311815,0.825264,16,1,97.64,Chiều,1.52
Hồ Chí Minh,,0,11.14,Xe Máy,Nhiều Mây,0.957826,0.470295,11,0,89.93,Chiều,1
Hải Phòng,,0,1.07,Xe ViP,Mưa,0.499591,0.812022,3,0,93.71,Đêm,1.8
Hà Nội,,1,1.04,Ô Tô 4 Chỗ,Nắng,0.289564,0.914059,17,0,94.7,Đêm,1.94
Hồ Chí Minh,,6,6.07,Xe Máy,Mưa,0.27972,0.700422,12,1,98.99,Cao điểm Sáng,2.67
Hà Nội,,5,14.04,Xe Máy,Mưa,0.899218,0.700497,6,1,93.02,Chiều,1.11
Đà Nẵng,,4,5.44,Xe Máy,Mưa Bão,0.315954,0.709355,16,0,95.18,Đêm,1.72
Hải Phòng,,6,10.96,Ô Tô 4 Chỗ,Mưa Bão,0.72596,0.527983,7,1,98.02,Đêm,1.16
Đà Nẵng,,6,10.35,Xe Máy,Nắng,0.940198,0.876003,11,1,98.97,Cao điểm Sáng,1.12
Cần Thơ,,5,2.23,Xe Máy,Nắng,0.517986,0.864547,7,1,94.96,Cao điểm Sáng,1.61
Cần Thơ,,2,6.88,Xe Máy,Mưa,0.224656,0.956364,11,0,98.09,Cao điểm Sáng,3.49
Cần Thơ,,2,14.7,Ô Tô 4 Chỗ,Nắng,0.823144,0.915505,6,0,92.08,Cao điểm Sáng,1.33
Hồ Chí Minh,,3,6.51,Xe ViP,Mưa Bão,0.794777,0.943917,14,0,93.15,Chiều,1.52
Đà Nẵng,,4,13.01,Xe ViP,Mưa,0.698815,0.918037,6,0,96.9,Chiều,1.5
Hồ Chí Minh,,2,17.17,Xe Máy,Mưa,0.614872,0.457436,19,0,85.62,Chiều,1.38
Hồ Chí Minh,,4,17.24,Xe Máy,Nắng,0.608943,0.548781,1,0,93.85,Chiều,1
Hải Phòng,,3,6.86,Xe ViP,Mưa,0.702378,0.990013,2,0,85.07,Chiều,1.82
Đà Nẵng,,1,4.2,Ô Tô 4 Chỗ,Nắng,0.334118,0.434124,16,0,87.69,Cao điểm Sáng,1.3
Cần Thơ,,4,6.93,Xe ViP,Nắng,0.949567,0.400603,12,0,96.97,Cao điểm Tối,1.38
Đà Nẵng,,0,19.63,Ô Tô 4 Chỗ,Mưa,0.632149,0.691131,11,0,85.24,Chiều,1.48
Hồ Chí Minh,,4,6.8,Xe Máy,Mưa Bão,0.892911,0.789032,9,0,84.25,Cao điểm Sáng,1.51
Hồ Chí Minh,,3,1.43,Xe Máy,Nắng,0.687256,0.595857,8,0,94.73,Đêm,1
Hà Nội,,4,18.13,Ô Tô 4 Chỗ,Nắng,0.829478,0.642597,10,0,97.07,Đêm,1
Hải Phòng,,4,5.86,Xe ViP,Mưa Bão,0.711603,0.943878,8,0,87.61,Đêm,1.65
Hải Phòng,,3,13.35,Xe Máy,Mưa,0.50591,0.698598,23,0,87.44,Cao điểm Tối,2.35
Đà Nẵng,,5,18.82,Xe Máy,Mưa Bão,0.71343,0.490638,6,1,91.82,Chiều,1.3
Hải Phòng,,4,4.24,Ô Tô 4 Chỗ,Mưa Bão,0.535173,0.455608,5,0,86.98,Cao điểm Sáng,1.65
Hà Nội,,0,3.81,Ô Tô 4 Chỗ,Mưa Bão,0.441417,0.543877,3,0,93.85,Cao điểm Tối,2.63
Hải Phòng,,5,16.63,Ô Tô 4 Chỗ,Mưa Bão,0.708346,0.879261,2,1,93.38,Đêm,1.64
Đà Nẵng,,4,10.32,Ô Tô 4 Chỗ,Mưa Bão,0.342131,0.654101,6,0,98.79,Đêm,1.77
Cần Thơ,,1,7.85,Ô Tô 4 Chỗ,Mưa,0.546695,0.550341,20,0,92.74,Đêm,1.36
Đà Nẵng,,2,8.1,Xe Máy,Nắng,0.704689,0.51603,20,0,92.87,Cao điểm Sáng,1.18
Hà Nội,,5,3.2,Ô Tô 4 Chỗ,Nhiều Mây,0.978685,0.730708,22,1,88.13,Cao điểm Sáng,1.39
Hà Nội,,0,11.03,Xe ViP,Nhiều Mây,0.605147,0.658994,2,0,91.47,Đêm,1.08
Hà Nội,,3,9.82,Xe ViP,Nhiều Mây,0.933384,0.501106,11,0,85.5,Đêm,1
Hồ Chí Minh,,3,15.81,Ô Tô 4 Chỗ,Mưa,0.295117,0.832562,9,0,87.12,Chiều,2
Hải Phòng,,4,15.73,Ô Tô 4 Chỗ,Mưa Bão,0.320019,0.614812,1,0,85.71,Cao điểm Sáng,2.17
Hải Phòng,,3,11.76,Xe ViP,Nhiều Mây,0.616569,0.828323,6,0,95.39,Cao điểm Sáng,1.43
Hồ Chí Minh,,2,4.65,Ô Tô 4 Chỗ,Nắng,0.58305,0.705368,15,0,89.73,Cao điểm Tối,1.45
Hồ Chí Minh,,0,1.11,Ô Tô 4 Chỗ,Mưa,0.738588,0.736971,10,0,94.37,Cao điểm Sáng,2.01
Hà Nội,,3,2.89,Ô Tô 4 Chỗ,Nhiều Mây,0.857686,0.610341,21,0,90.82,Cao điểm Tối,1.34
Hồ Chí Minh,,6,13.91,Xe Máy,Nhiều Mây,0.981798,0.81865,14,1,95.73,Cao điểm Sáng,1.14
Hà Nội,,2,18.49,Ô Tô 4 Chỗ,Mưa Bão,0.496659,0.647352,1,0,97.25,Cao điểm Sáng,1.98
Hà Nội,,2,12.91,Ô Tô 4 Chỗ,Mưa Bão,0.481743,0.629984,3,0,91.13,Đêm,1.39
Hải Phòng,,5,0.5,Ô Tô 4 Chỗ,Mưa,0.69207,0.506657,14,1,87.25,Đêm,1.19
Cần Thơ,,1,6.86,Xe Máy,Mưa Bão,0.989027,0.539959,11,0,88.49,Cao điểm Sáng,1.74
Cần Thơ,,6,18.3,Ô Tô 4 Chỗ,Nắng,0.222762,0.871858,16,1,90.62,Chiều,1.91
Cần Thơ,,4,12.13,Xe ViP,Mưa Bão,0.666575,0.476237,19,0,92.65,Cao điểm Sáng,1.57
Đà Nẵng,,5,12.56,Ô Tô 4 Chỗ,Nắng,0.318948,0.59091,1,1,96.48,Cao điểm Sáng,1.37
Đà Nẵng,,3,14.02,Xe ViP,Nắng,0.461299,0.485389,12,0,89.25,Cao điểm Sáng,1.15
Đà Nẵng,,1,2.65,Xe ViP,Nắng,0.305125,0.49286,20,0,96.01,Cao điểm Sáng,1.6
Hồ Chí Minh,,2,10.02,Ô Tô 4 Chỗ,Mưa,0.549541,0.466591,7,0,89.33,Đêm,1.15
Cần Thơ,,1,5.88,Xe Máy,Mưa Bão,0.721424,0.535181,10,0,87.23,Chiều,1.35
Đà Nẵng,,2,6.47,Ô Tô 4 Chỗ,Mưa Bão,0.236216,0.717327,8,0,86.16,Chiều,1.9
Hải Phòng,,2,12.49,Xe Máy,Mưa,0.797667,0.434013,8,0,93.36,Cao điểm Tối,2.09
Hồ Chí Minh,,3,13.46,Xe ViP,Mưa Bão,0.7417,0.972622,10,0,86.52,Cao điểm Tối,2.03
Cần Thơ,,1,12.73,Xe Máy,Nắng,0.490684,0.494676,15,0,94.14,Chiều,1.01
Cần Thơ,,6,16.72,Xe Máy,Mưa,0.350989,0.409898,21,1,86.81,Cao điểm Tối,1.84
Hà Nội,,1,12.32,Xe ViP,Nhiều Mây,0.605765,0.773787,11,0,90.91,Cao điểm Sáng,1.55
Hà Nội,,6,12.26,Xe ViP,Mưa Bão,0.793864,0.848787,3,1,97.56,Chiều,1.3
Hải Phòng,,3,15.21,Ô Tô 4 Chỗ,Nhiều Mây,0.572517,0.501835,10,0,87.88,Chiều,1
Hà Nội,,3,1.67,Ô Tô 4 Chỗ,Nhiều Mây,0.625578,0.419485,23,0,95.24,Chiều,1
Hà Nội,,3,17.86,Xe ViP,Nhiều Mây,0.358275,0.838799,9,0,91.85,Chiều,1.72
Hà Nội,,1,10.46,Ô Tô 4 Chỗ,Nhiều Mây,0.943741,0.662955,4,0,86.97,Cao điểm Sáng,1.29
Hải Phòng,,5,13.23,Xe ViP,Nắng,0.954262,0.512787,5,1,88.36,Chiều,1
Hà Nội,,6,7.62,Ô Tô 4 Chỗ,Mưa,0.974805,0.57493,4,1,98,Cao điểm Sáng,1.74
Đà Nẵng,,6,6.47,Ô Tô 4 Chỗ,Mưa Bão,0.743126,0.875727,11,1,90.28,Đêm,1.38
Hà Nội,,0,17.86,Ô Tô 4 Chỗ,Nhiều Mây,0.445112,0.810696,17,0,86.77,Cao điểm Sáng,1.81
Hải Phòng,,4,1.93,Ô Tô 4 Chỗ,Mưa Bão,0.231703,0.60806,5,0,91.03,Cao điểm Sáng,2.86
Hồ Chí Minh,,4,1.88,Xe ViP,Nắng,0.768469,0.979271,20,0,89.19,Cao điểm Tối,1.47
Cần Thơ,,5,14.79,Xe ViP,Nắng,0.861808,0.487517,12,1,94.99,Cao điểm Tối,1
Hồ Chí Minh,,5,17.39,Xe ViP,Nắng,0.524427,0.750215,21,1,91.13,Chiều,1.34
Cần Thơ,,1,6.64,Xe Máy,Nắng,0.536941,0.474514,5,0,98.15,Cao điểm Tối,1.38
Hà Nội,,1,1.96,Xe ViP,Nhiều Mây,0.850137,0.756814,16,0,86.58,Cao điểm Sáng,1.19
Hải Phòng,,6,9.5,Xe Máy,Nhiều Mây,0.569976,0.689829,0,1,93.29,Đêm,1
Hồ Chí Minh,,0,2.07,Xe ViP,Nắng,0.961446,0.524119,13,0,90.11,Cao điểm Tối,1.17
Hà Nội,,1,12.25,Xe ViP,Mưa,0.722485,0.927396,11,0,91.25,Cao điểm Tối,2.32
Hà Nội,,2,13.19,Ô Tô 4 Chỗ,Nhiều Mây,0.486479,0.516824,8,0,93.93,Đêm,1.05
Hồ Chí Minh,,3,9.08,Xe ViP,Mưa Bão,0.494301,0.77002,8,0,91.99,Chiều,1.77
Đà Nẵng,,0,11.48,Ô Tô 4 Chỗ,Mưa,0.333386,0.759338,5,0,96.04,Đêm,1.84
Hải Phòng,,3,17.1,Xe Máy,Nhiều Mây,0.548698,0.522986,2,0,89.88,Cao điểm Sáng,1.29
Hồ Chí Minh,,2,11.15,Ô Tô 4 Chỗ,Mưa Bão,0.69753,0.894822,8,0,94.04,Chiều,1.62
Cần Thơ,,2,8.62,Xe Máy,Mưa Bão,0.551479,0.893732,10,0,96.45,Đêm,1.72
Hà Nội,,2,18.9,Xe Máy,Nhiều Mây,0.316076,0.525009,22,0,92.63,Chiều,1.31
Hải Phòng,,5,18.65,Xe Máy,Mưa Bão,0.477745,0.547057,14,1,88.5,Đêm,1.45
Hà Nội,,1,7.22,Ô Tô 4 Chỗ,Nắng,0.323592,0.539628,6,0,95.52,Cao điểm Tối,1.63
Hồ Chí Minh,,3,2,Xe ViP,Nhiều Mây,0.315633,0.528272,15,0,97.85,Chiều,1.32
Hà Nội,,1,13.07,Ô Tô 4 Chỗ,Nhiều Mây,0.309706,0.960845,11,0,91.82,Cao điểm Tối,2.15
Cần Thơ,,2,12.79,Xe ViP,Mưa,0.39431,0.707867,10,0,87.83,Cao điểm Tối,2.57
Hồ Chí Minh,,0,7.72,Xe Máy,Nắng,0.980031,0.979619,14,0,93.02,Cao điểm Sáng,1.16
Hồ Chí Minh,,5,3.66,Xe Máy,Nắng,0.213243,0.614664,10,1,88.83,Cao điểm Sáng,1.77
Hải Phòng,,1,12.69,Xe ViP,Mưa,0.220268,0.640718,7,0,86.32,Cao điểm Sáng,2.33
Hải Phòng,,4,5.92,Xe ViP,Mưa,0.431743,0.455824,9,0,87.21,Cao điểm Tối,1.61
Hồ Chí Minh,,6,9.9,Xe Máy,Nắng,0.852745,0.809157,8,1,91.59,Chiều,1
Hải Phòng,,1,18.99,Ô Tô 4 Chỗ,Nhiều Mây,0.314474,0.590915,2,0,99.43,Cao điểm Tối,1.58
Hải Phòng,,0,10.25,Xe ViP,Nhiều Mây,0.494397,0.652579,5,0,86.95,Cao điểm Sáng,1.55
Hải Phòng,,6,4.93,Xe Máy,Mưa Bão,0.630051,0.987175,8,1,94.68,Cao điểm Sáng,2.99
Hồ Chí Minh,,3,7.78,Xe ViP,Nhiều Mây,0.374163,0.5878,8,0,91.1,Đêm,1.32
Hồ Chí Minh,,6,7.73,Xe ViP,Nhiều Mây,0.775495,0.709345,0,1,93.77,Cao điểm Tối,1.34
Đà Nẵng,,5,6.42,Xe Máy,Mưa Bão,0.336467,0.459174,15,1,86.73,Cao điểm Tối,2.62
Đà Nẵng,,4,12.59,Ô Tô 4 Chỗ,Nắng,0.290154,0.973278,2,0,93.02,Chiều,2.02
Hải Phòng,,4,14.97,Xe ViP,Mưa,0.684574,0.710876,11,0,94.04,Chiều,1.34
Hải Phòng,,5,10.19,Xe ViP,Nhiều Mây,0.584439,0.519123,17,1,85.14,Đêm,1
Đà Nẵng,,0,11,Xe ViP,Nắng,0.957224,0.524249,21,0,90.25,Cao điểm Tối,1.19
Hà Nội,,6,1.02,Xe ViP,Nắng,0.201671,0.521403,4,1,85.94,Đêm,1.48
Đà Nẵng,,6,13.44,Ô Tô 4 Chỗ,Nhiều Mây,0.616268,0.627194,8,1,91.24,Cao điểm Tối,1.16
Hải Phòng,,1,5.95,Xe Máy,Mưa,0.375914,0.65045,5,0,89.05,Cao điểm Sáng,2.35
Hồ Chí Minh,,6,3.49,Ô Tô 4 Chỗ,Mưa,0.31933,0.792674,0,1,83.4,Đêm,1.88
Hà Nội,,2,18.91,Xe Máy,Nắng,0.870712,0.652224,0,0,88.96,Cao điểm Sáng,1.37
Hà Nội,,2,11.47,Xe Máy,Mưa,0.839413,0.407963,18,0,87.68,Đêm,1.33
Hà Nội,,5,11.33,Xe Máy,Mưa Bão,0.719146,0.501429,2,1,95.39,Cao điểm Sáng,2.48
Hải Phòng,,5,15.53,Xe ViP,Nhiều Mây,0.822647,0.695276,15,1,90.28,Đêm,1
Hải Phòng,,0,8.92,Xe Máy,Nắng,0.259058,0.867645,10,0,94.63,Chiều,1.91
Hà Nội,,0,11.27,Xe ViP,Nắng,0.420271,0.923207,11,0,89.99,Cao điểm Tối,1.92
Hải Phòng,,3,15.28,Ô Tô 4 Chỗ,Mưa Bão,0.482774,0.960661,2,0,97.35,Cao điểm Sáng,3.15
Hà Nội,,4,14.15,Xe Máy,Mưa Bão,0.64153,0.841532,22,0,95.21,Chiều,1.68
Hải Phòng,,0,11.37,Ô Tô 4 Chỗ,Nắng,0.667516,0.714932,18,0,90.73,Chiều,1.07
Hà Nội,,4,15.67,Xe Máy,Nhiều Mây,0.707857,0.549395,22,0,89.12,Đêm,1
Cần Thơ,,5,17.5,Ô Tô 4 Chỗ,Mưa Bão,0.850328,0.914713,11,1,92.13,Đêm,1.48
Cần Thơ,,2,2.13,Ô Tô 4 Chỗ,Mưa Bão,0.291594,0.662522,13,0,96.82,Chiều,1.67
Hồ Chí Minh,,5,2.16,Ô Tô 4 Chỗ,Nhiều Mây,0.216364,0.639157,6,1,83.46,Chiều,1.63
Hà Nội,,0,11.69,Xe ViP,Nhiều Mây,0.770452,0.812089,14,0,94.19,Cao điểm Sáng,1.44
Đà Nẵng,,2,2.06,Ô Tô 4 Chỗ,Mưa,0.421619,0.861095,18,0,85.42,Đêm,1.82
Hà Nội,,5,19.06,Ô Tô 4 Chỗ,Mưa Bão,0.918542,0.971103,22,1,86.67,Cao điểm Sáng,2.02
Cần Thơ,,1,4.33,Xe Máy,Nhiều Mây,0.260535,0.552812,5,0,97.85,Chiều,1.44
Hải Phòng,,1,16.54,Ô Tô 4 Chỗ,Mưa Bão,0.678719,0.613267,3,0,90.34,Cao điểm Sáng,1.86
Cần Thơ,,3,11.26,Xe Máy,Nắng,0.81767,0.85349,6,0,91.21,Đêm,1.05
Hà Nội,,2,11.42,Xe ViP,Mưa Bão,0.950203,0.480921,11,0,85.44,Cao điểm Sáng,2.43
Đà Nẵng,,0,13.38,Xe Máy,Nhiều Mây,0.983755,0.696435,0,0,90.14,Cao điểm Tối,1.35
Đà Nẵng,,4,9.64,Xe ViP,Mưa Bão,0.873822,0.582312,21,0,87.43,Cao điểm Sáng,2.11
Hồ Chí Minh,,4,9.11,Ô Tô 4 Chỗ,Mưa,0.893527,0.816909,6,0,89.83,Đêm,1.23
Đà Nẵng,,2,17.01,Ô Tô 4 Chỗ,Mưa,0.577796,0.560742,23,0,89.44,Chiều,1.21
Hà Nội,,0,15.56,Ô Tô 4 Chỗ,Mưa Bão,0.676036,0.716781,8,0,84.29,Cao điểm Tối,2.26
Đà Nẵng,,4,4.84,Xe ViP,Nắng,0.250791,0.973719,14,0,95.91,Chiều,2.08
Hải Phòng,,2,15.16,Ô Tô 4 Chỗ,Mưa Bão,0.309235,0.9161,8,0,88.49,Đêm,2.02
Cần Thơ,,1,16.59,Ô Tô 4 Chỗ,Mưa Bão,0.671068,0.711853,17,0,95.55,Cao điểm Tối,1.82
Hà Nội,,0,3.99,Xe ViP,Nhiều Mây,0.374348,0.436503,3,0,88.75,Đêm,1.09
Hà Nội,,5,3.58,Ô Tô 4 Chỗ,Nhiều Mây,0.263016,0.427305,7,1,93.61,Đêm,1.25
Hải Phòng,,3,6.71,Ô Tô 4 Chỗ,Nắng,0.661368,0.640814,15,0,87.5,Cao điểm Tối,1.19
Cần Thơ,,4,12.37,Xe ViP,Mưa,0.806307,0.858292,6,0,88.44,Cao điểm Tối,1.84
Hà Nội,,1,6.14,Xe ViP,Mưa,0.497137,0.631819,15,0,97.7,Chiều,1.4
Hà Nội,,6,9.11,Ô Tô 4 Chỗ,Mưa,0.864435,0.663175,8,1,92.32,Cao điểm Sáng,1.53
Đà Nẵng,,4,8.29,Xe Máy,Mưa,0.57195,0.864997,15,0,91.77,Cao điểm Tối,2.13
Hà Nội,,5,16.12,Xe ViP,Mưa,0.297599,0.780482,9,1,86.94,Chiều,1.86
Cần Thơ,,5,10.5,Xe ViP,Nắng,0.338661,0.812021,17,1,88.09,Chiều,1.49
Hà Nội,,4,9.48,Xe Máy,Nắng,0.283437,0.7167,11,0,90.82,Cao điểm Sáng,1.84
Hải Phòng,,4,12.17,Xe Máy,Mưa,0.342266,0.978194,2,0,89.51,Chiều,2.3
Hà Nội,,4,16.06,Ô Tô 4 Chỗ,Nhiều Mây,0.833628,0.996692,3,0,96.31,Đêm,1.24
Cần Thơ,,4,12.5,Xe ViP,Mưa Bão,0.542318,0.881365,5,0,85.49,Cao điểm Tối,2.82
Cần Thơ,,3,1.79,Xe ViP,Nhiều Mây,0.713663,0.605226,11,0,97.51,Cao điểm Sáng,1.26
Đà Nẵng,,4,9.24,Xe ViP,Mưa Bão,0.592775,0.560189,8,0,89.95,Đêm,1.21
Hà Nội,,6,17.33,Xe Máy,Mưa,0.964421,0.961466,22,1,84.73,Đêm,1.34
Hải Phòng,,5,3.23,Xe ViP,Mưa,0.310801,0.786853,18,1,97.99,Cao điểm Sáng,2.64
Đà Nẵng,,4,0.54,Ô Tô 4 Chỗ,Nhiều Mây,0.67436,0.760998,5,0,83.43,Cao điểm Tối,1.47
Hồ Chí Minh,,1,17.24,Ô Tô 4 Chỗ,Mưa Bão,0.92393,0.840313,11,0,97.23,Chiều,1.35
Hồ Chí Minh,,5,11.76,Xe Máy,Mưa,0.819743,0.425355,21,1,96.23,Cao điểm Sáng,1.85
Đà Nẵng,,5,1.51,Ô Tô 4 Chỗ,Nhiều Mây,0.79334,0.719445,22,1,91.33,Đêm,1
Cần Thơ,,4,15.59,Ô Tô 4 Chỗ,Mưa,0.620791,0.841659,22,0,93,Cao điểm Sáng,2.65
Hà Nội,,5,11.38,Ô Tô 4 Chỗ,Nhiều Mây,0.643294,0.589529,18,1,96.96,Cao điểm Tối,1.31
Đà Nẵng,,2,8.87,Xe Máy,Mưa Bão,0.2759,0.487373,0,0,93.65,Cao điểm Sáng,2.11
Hải Phòng,,3,19.94,Xe ViP,Mưa Bão,0.514899,0.643209,0,0,86.23,Cao điểm Sáng,2.62
Hồ Chí Minh,,6,6.44,Ô Tô 4 Chỗ,Mưa,0.426316,0.748963,1,1,87,Đêm,1.63
Cần Thơ,,0,11.79,Xe ViP,Nhiều Mây,0.6644,0.550624,12,0,96.19,Chiều,1
Hà Nội,,5,16.16,Xe Máy,Mưa Bão,0.945939,0.925776,18,1,84.68,Cao điểm Tối,2
Hải Phòng,,3,8.44,Xe ViP,Nhiều Mây,0.497081,0.950523,12,0,93.1,Cao điểm Sáng,1.97
Cần Thơ,,3,7.39,Ô Tô 4 Chỗ,Nắng,0.726411,0.410555,17,0,88.03,Chiều,1
Cần Thơ,,4,3.53,Ô Tô 4 Chỗ,Nhiều Mây,0.214397,0.809808,11,0,90.06,Chiều,1.89
Đà Nẵng,,2,3.17,Ô Tô 4 Chỗ,Mưa Bão,0.62195,0.763639,21,0,89.22,Cao điểm Tối,2.19
Hải Phòng,,1,9.34,Xe Máy,Mưa Bão,0.363783,0.74462,3,0,91.58,Cao điểm Tối,2.3
Cần Thơ,,2,11.45,Xe ViP,Nhiều Mây,0.720163,0.511395,11,0,93.69,Đêm,1
Cần Thơ,,6,14.57,Xe Máy,Nhiều Mây,0.263574,0.684044,20,1,85.86,Chiều,1.45
Hải Phòng,,5,17.07,Xe Máy,Nhiều Mây,0.709495,0.616318,18,1,87.28,Đêm,1
Đà Nẵng,,1,11.59,Ô Tô 4 Chỗ,Nắng,0.84543,0.618498,17,0,94.08,Chiều,1
Hà Nội,,5,1.46,Ô Tô 4 Chỗ,Mưa Bão,0.84372,0.87106,14,1,86.13,Cao điểm Sáng,1.95
Hải Phòng,,1,1.28,Ô Tô 4 Chỗ,Nhiều Mây,0.304356,0.916523,6,0,89.11,Chiều,1.92
Cần Thơ,,0,10.9,Xe Máy,Nhiều Mây,0.864689,0.777309,3,0,87.5,Đêm,1
Cần Thơ,,1,10.78,Xe ViP,Mưa,0.707634,0.637516,11,0,91.6,Đêm,1.29
Hồ Chí Minh,,4,15.57,Ô Tô 4 Chỗ,Mưa,0.680453,0.504674,21,0,90.36,Cao điểm Tối,1.56
Hải Phòng,,4,4.94,Xe ViP,Mưa Bão,0.840188,0.543993,4,0,84.07,Chiều,1.39
Hải Phòng,,6,9.09,Xe Máy,Mưa,0.747371,0.429731,20,1,89.39,Cao điểm Tối,2.28
Hồ Chí Minh,,3,7.3,Xe ViP,Mưa Bão,0.907872,0.995651,3,0,94.35,Chiều,1.41
Đà Nẵng,,1,1.42,Ô Tô 4 Chỗ,Nắng,0.244081,0.797137,19,0,86.69,Đêm,1.83
Hà Nội,,4,3.77,Xe ViP,Mưa Bão,0.243855,0.65356,15,0,85.03,Cao điểm Sáng,2.27
Đà Nẵng,,0,4.81,Xe ViP,Nắng,0.40111,0.430957,12,0,99.75,Chiều,1.04
Cần Thơ,,6,10.65,Xe Máy,Mưa,0.326364,0.43675,17,1,97.7,Đêm,1.46
Cần Thơ,,6,9.32,Ô Tô 4 Chỗ,Mưa Bão,0.584312,0.567544,20,1,88.48,Đêm,1.12
Hà Nội,,3,9.58,Xe ViP,Mưa Bão,0.910924,0.547881,4,0,91.37,Cao điểm Tối,2.25
Hà Nội,,5,12.26,Xe Máy,Nắng,0.68479,0.731322,23,1,97.99,Cao điểm Tối,1.2
Hải Phòng,,6,1.19,Ô Tô 4 Chỗ,Mưa,0.786434,0.687445,8,1,85.54,Đêm,1.13
Hải Phòng,,5,1.15,Xe ViP,Mưa Bão,0.274981,0.685687,7,1,88.44,Chiều,1.75
Hồ Chí Minh,,3,12.19,Ô Tô 4 Chỗ,Nắng,0.267725,0.457927,16,0,89.25,Cao điểm Sáng,1.59
Đà Nẵng,,6,2.5,Xe Máy,Mưa Bão,0.225852,0.61189,8,1,86.72,Cao điểm Tối,2.78
Hải Phòng,,5,3.14,Xe ViP,Nắng,0.488822,0.520547,19,1,89.3,Đêm,1
Hải Phòng,,4,2.16,Xe ViP,Nắng,0.230111,0.626378,15,0,96.39,Cao điểm Tối,1.78
Hồ Chí Minh,,5,19.05,Xe ViP,Mưa,0.799875,0.904862,14,1,90.52,Chiều,1.47
Hồ Chí Minh,,1,1.82,Xe ViP,Nhiều Mây,0.409371,0.941004,9,0,94.15,Chiều,1.8
Hải Phòng,,5,0.64,Xe ViP,Nhiều Mây,0.678203,0.728764,0,1,88.98,Cao điểm Sáng,1.07
Hải Phòng,,6,1.49,Xe Máy,Mưa Bão,0.888883,0.557321,9,1,88.67,Đêm,1.27
Hà Nội,,5,2.73,Ô Tô 4 Chỗ,Mưa Bão,0.311893,0.598889,15,1,90.45,Cao điểm Sáng,2.46
Cần Thơ,,0,17.5,Xe Máy,Nắng,0.431491,0.592021,7,0,90.34,Đêm,1.24
Hải Phòng,,1,9.66,Xe Máy,Nắng,0.990838,0.497189,9,0,88.54,Cao điểm Sáng,1.12
Cần Thơ,,3,4.86,Xe ViP,Nhiều Mây,0.882522,0.74156,11,0,91.86,Đêm,1
Đà Nẵng,,2,7.57,Xe Máy,Nắng,0.99516,0.550246,22,0,97.62,Cao điểm Tối,1.23
Đà Nẵng,,1,15.81,Ô Tô 4 Chỗ,Mưa,0.892657,0.728731,19,0,98.47,Cao điểm Sáng,1.59
Cần Thơ,,6,17.3,Ô Tô 4 Chỗ,Mưa,0.328971,0.880655,9,1,93.53,Cao điểm Tối,2.52
Đà Nẵng,,6,4.66,Xe ViP,Mưa,0.700616,0.556569,18,1,87.72,Đêm,1.34
Cần Thơ,,0,14.73,Xe ViP,Mưa Bão,0.424409,0.723903,21,0,91.75,Đêm,1.62
Hồ Chí Minh,,5,16.26,Xe Máy,Mưa Bão,0.598685,0.917218,17,1,96.17,Cao điểm Tối,2.01
Hải Phòng,,1,10.46,Xe Máy,Mưa,0.228854,0.546847,7,0,84.04,Chiều,1.77
Cần Thơ,,5,12.55,Ô Tô 4 Chỗ,Nắng,0.303604,0.616374,14,1,95.33,Cao điểm Tối,1.49
Hồ Chí Minh,,3,7.01,Xe Máy,Nắng,0.910813,0.616911,20,0,88.08,Cao điểm Tối,1.34
Hồ Chí Minh,,1,15.97,Ô Tô 4 Chỗ,Nắng,0.920077,0.513536,1,0,98.11,Đêm,1
Đà Nẵng,,3,9.44,Ô Tô 4 Chỗ,Nắng,0.940693,0.402756,9,0,93.25,Đêm,1
Cần Thơ,,0,12.24,Ô Tô 4 Chỗ,Mưa Bão,0.788546,0.467498,9,0,94.05,Cao điểm Sáng,1.69
Đà Nẵng,,1,19.95,Xe Máy,Mưa Bão,0.205417,0.540486,0,0,99.06,Cao điểm Sáng,2.52
Hồ Chí Minh,,2,8.68,Xe Máy,Mưa Bão,0.783659,0.516592,22,0,91.1,Cao điểm Tối,1.86
Cần Thơ,,2,7.94,Ô Tô 4 Chỗ,Nhiều Mây,0.278362,0.744737,3,0,87.04,Chiều,1.7
Cần Thơ,,4,15.05,Xe ViP,Mưa,0.402394,0.761003,11,0,96.03,Cao điểm Sáng,2.32
Hà Nội,,2,3.15,Ô Tô 4 Chỗ,Nắng,0.998716,0.860137,22,0,92.37,Đêm,1
Cần Thơ,,4,5.71,Xe Máy,Mưa Bão,0.487231,0.827606,17,0,94.09,Chiều,1.82
Hải Phòng,,2,17.61,Xe ViP,Mưa,0.321416,0.86331,6,0,99.06,Chiều,2.16
Hà Nội,,5,10.99,Ô Tô 4 Chỗ,Mưa,0.864925,0.998643,22,1,92.14,Cao điểm Tối,1.94
Cần Thơ,,5,16.34,Xe ViP,Mưa,0.395497,0.790027,3,1,85.68,Cao điểm Sáng,2.23
Hà Nội,,3,1.07,Ô Tô 4 Chỗ,Mưa,0.939626,0.59511,18,0,98.46,Cao điểm Sáng,2.5
Hồ Chí Minh,,0,14.32,Xe ViP,Nắng,0.872786,0.958472,9,0,87.87,Đêm,1.13
Cần Thơ,,3,8.48,Xe Máy,Mưa Bão,0.215837,0.493857,10,0,85.89,Cao điểm Sáng,2.59
Cần Thơ,,5,5.31,Xe ViP,Mưa,0.664671,0.961316,16,1,91.35,Cao điểm Tối,2.45
Hải Phòng,,3,11.82,Xe Máy,Mưa Bão,0.594502,0.951819,11,0,96.76,Cao điểm Sáng,2.29
Hà Nội,,5,11.63,Ô Tô 4 Chỗ,Nhiều Mây,0.215188,0.626354,0,1,95.61,Chiều,1.62
Hồ Chí Minh,,3,19.33,Xe Máy,Nhiều Mây,0.35427,0.705412,10,0,83.96,Cao điểm Sáng,1.87
Đà Nẵng,,1,6.91,Xe Máy,Mưa,0.359012,0.640876,23,0,91.64,Chiều,1.53
Hồ Chí Minh,,5,14.41,Xe ViP,Nắng,0.604243,0.41713,0,1,86.18,Cao điểm Sáng,1.15
Hồ Chí Minh,,2,8.96,Xe ViP,Mưa Bão,0.248555,0.950439,23,0,98.79,Chiều,2.24
Hà Nội,,3,13.74,Xe ViP,Mưa Bão,0.777328,0.836856,12,0,86.5,Đêm,1.28
Hà Nội,,5,12.69,Ô Tô 4 Chỗ,Mưa Bão,0.396687,0.720338,10,1,90.58,Cao điểm Tối,2.8
Hà Nội,,5,19.02,Xe ViP,Mưa Bão,0.316858,0.598504,6,1,97.77,Chiều,1.74
Hồ Chí Minh,,2,6.77,Xe Máy,Nhiều Mây,0.886116,0.942988,2,0,95.85,Cao điểm Sáng,1.27
Đà Nẵng,,6,15.53,Ô Tô 4 Chỗ,Mưa,0.468997,0.715004,13,1,85.22,Chiều,1.65
Hà Nội,,3,8.44,Xe ViP,Mưa Bão,0.5561,0.795364,22,0,93.18,Cao điểm Sáng,1.91
Cần Thơ,,6,17.81,Xe Máy,Mưa,0.279767,0.966759,9,1,87.9,Đêm,2.31
Hải Phòng,,6,8.8,Ô Tô 4 Chỗ,Nắng,0.833479,0.989572,6,1,96.34,Đêm,1.18
Hải Phòng,,5,19.99,Xe ViP,Nắng,0.87295,0.461207,6,1,91.99,Cao điểm Sáng,1.08
Hà Nội,,5,10.76,Ô Tô 4 Chỗ,Nhiều Mây,0.474668,0.543654,23,1,97.83,Cao điểm Sáng,1.27
Cần Thơ,,6,12.26,Xe ViP,Nhiều Mây,0.842052,0.468136,5,1,92.07,Chiều,1
Hải Phòng,,0,14.44,Xe Máy,Mưa Bão,0.648615,0.531352,20,0,89.87,Chiều,1.38
Hải Phòng,,3,11.28,Xe ViP,Nhiều Mây,0.298953,0.601863,10,0,85.11,Cao điểm Tối,1.77
Đà Nẵng,,3,12.96,Xe ViP,Nắng,0.450994,0.718529,10,0,93.46,Cao điểm Sáng,1.67
Hà Nội,,1,18.44,Ô Tô 4 Chỗ,Mưa Bão,0.485992,0.602983,1,0,95.37,Đêm,1.56
Hồ Chí Minh,,6,3.3,Xe ViP,Nắng,0.699822,0.533952,18,1,86.79,Đêm,1
Hải Phòng,,4,7.79,Xe ViP,Nắng,0.314112,0.968493,19,0,85.93,Đêm,1.98
Hồ Chí Minh,,3,6.33,Xe Máy,Mưa Bão,0.201826,0.795749,4,0,89.18,Đêm,2.03
Cần Thơ,,0,4.51,Ô Tô 4 Chỗ,Mưa,0.691429,0.869562,2,0,99.89,Cao điểm Tối,2.33
Cần Thơ,,6,11.51,Xe Máy,Mưa,0.527619,0.948667,0,1,93.22,Cao điểm Sáng,2.61
Hồ Chí Minh,,5,10.3,Ô Tô 4 Chỗ,Mưa Bão,0.845435,0.876873,7,1,93.31,Cao điểm Tối,2.48
Hải Phòng,,1,13.88,Xe ViP,Nhiều Mây,0.66526,0.973321,5,0,84.24,Chiều,1.46
Hải Phòng,,0,8.85,Ô Tô 4 Chỗ,Nhiều Mây,0.732253,0.963633,23,0,93.27,Chiều,1.35
Hải Phòng,,5,6.7,Xe ViP,Mưa,0.260077,0.595369,3,1,96.02,Đêm,1.6
Hà Nội,,1,14.53,Xe ViP,Mưa,0.504639,0.926065,21,0,90.11,Đêm,1.86
Hồ Chí Minh,,1,16.75,Xe ViP,Nắng,0.506244,0.571378,21,0,91.31,Cao điểm Tối,1.45
Hải Phòng,,0,19.61,Xe Máy,Nắng,0.868275,0.770144,12,0,88.8,Cao điểm Tối,1.19
Cần Thơ,,4,7.52,Xe Máy,Mưa,0.902492,0.903773,2,0,89.71,Cao điểm Tối,1.5
Đà Nẵng,,0,5.2,Xe ViP,Nắng,0.774968,0.671703,14,0,87.71,Cao điểm Tối,1.23
Cần Thơ,,3,7.92,Xe ViP,Nắng,0.261569,0.684973,2,0,97.54,Cao điểm Tối,2.01
Cần Thơ,,2,19.88,Xe Máy,Mưa Bão,0.271043,0.933715,19,0,93.47,Cao điểm Tối,2.87
Hà Nội,,6,19.92,Xe Máy,Mưa Bão,0.365416,0.885284,18,1,83.89,Đêm,1.95
Cần Thơ,,0,7.37,Xe ViP,Mưa Bão,0.26191,0.595243,23,0,96.26,Cao điểm Sáng,2.15
Cần Thơ,,5,12.01,Ô Tô 4 Chỗ,Mưa Bão,0.248159,0.824711,11,1,92.19,Chiều,2.2
Hà Nội,,3,0.88,Xe Máy,Mưa Bão,0.629162,0.42205,22,0,88.36,Cao điểm Tối,2.01
Hải Phòng,,3,3.63,Ô Tô 4 Chỗ,Mưa,0.554773,0.492233,17,0,96.05,Cao điểm Sáng,1.98
Đà Nẵng,,1,4.8,Xe ViP,Nắng,0.675757,0.46267,20,0,86.47,Chiều,1
Đà Nẵng,,2,3.25,Xe Máy,Mưa Bão,0.520791,0.811275,21,0,92.06,Đêm,1.64
Đà Nẵng,,5,0.88,Xe ViP,Nhiều Mây,0.281077,0.995909,6,1,93.96,Chiều,1.86
Hà Nội,,5,5.3,Xe Máy,Mưa Bão,0.318953,0.92797,1,1,88.92,Cao điểm Sáng,2.43
Cần Thơ,,0,4.22,Ô Tô 4 Chỗ,Mưa Bão,0.415175,0.914963,6,0,98.17,Đêm,2.15
Hải Phòng,,0,3.25,Ô Tô 4 Chỗ,Mưa Bão,0.691837,0.99797,3,0,88.23,Đêm,1.79
Đà Nẵng,,2,0.88,Ô Tô 4 Chỗ,Mưa,0.613756,0.994943,13,0,87.2,Đêm,1.89
Hải Phòng,,6,11.64,Xe Máy,Mưa,0.709511,0.521978,10,1,92.62,Chiều,1.26
Hà Nội,,5,15.98,Ô Tô 4 Chỗ,Nắng,0.692941,0.750212,7,1,91.09,Cao điểm Sáng,1.27
Cần Thơ,,0,15.33,Xe Máy,Nhiều Mây,0.50128,0.74555,7,0,85.95,Cao điểm Tối,1.74
Hà Nội,,2,2.54,Ô Tô 4 Chỗ,Nắng,0.912603,0.529531,3,0,89.12,Cao điểm Tối,1.21
Hồ Chí Minh,,0,12.66,Xe ViP,Nhiều Mây,0.258845,0.905672,0,0,87.13,Cao điểm Sáng,2.2
Hà Nội,,1,10.54,Ô Tô 4 Chỗ,Nhiều Mây,0.946975,0.443547,3,0,92.97,Chiều,1
Hồ Chí Minh,,4,7.72,Xe ViP,Nhiều Mây,0.731815,0.844033,22,0,86.86,Cao điểm Sáng,1.35
Hải Phòng,,2,0.78,Xe ViP,Mưa,0.536097,0.440173,21,0,93.75,Chiều,1.21
Hà Nội,,6,10.11,Xe ViP,Nhiều Mây,0.756213,0.743794,1,1,91.97,Cao điểm Tối,1.15
Hà Nội,,0,7.19,Xe ViP,Nhiều Mây,0.759944,0.679135,12,0,93.51,Chiều,1
Cần Thơ,,3,2.81,Xe ViP,Nhiều Mây,0.907936,0.716623,22,0,92.97,Cao điểm Tối,1.16
Hà Nội,,1,11.22,Ô Tô 4 Chỗ,Nắng,0.474591,0.409792,23,0,89.73,Chiều,1
Hà Nội,,6,5.11,Xe Máy,Nắng,0.566586,0.513302,16,1,86.93,Cao điểm Tối,1.22
Hồ Chí Minh,,1,8.55,Xe ViP,Nhiều Mây,0.846897,0.674023,3,0,94.34,Chiều,1
Hà Nội,,6,11.35,Xe Máy,Nhiều Mây,0.263427,0.951696,3,1,98.04,Đêm,2.03
Đà Nẵng,,0,19.55,Xe ViP,Nắng,0.785591,0.909949,0,0,91.72,Đêm,1.19
Hồ Chí Minh,,0,13.54,Ô Tô 4 Chỗ,Mưa,0.762424,0.785712,2,0,88.1,Cao điểm Sáng,2.14
Hà Nội,,5,4.81,Xe ViP,Nhiều Mây,0.216248,0.929372,3,1,91.41,Đêm,2.07
Hồ Chí Minh,,0,9.52,Ô Tô 4 Chỗ,Mưa Bão,0.336631,0.663336,15,0,85.49,Chiều,1.8
Hà Nội,,6,16.49,Xe Máy,Mưa Bão,0.31341,0.489214,5,1,87.83,Đêm,1.56
Hà Nội,,6,3.71,Xe ViP,Nhiều Mây,0.575998,0.822733,9,1,97.43,Chiều,1.37
Đà Nẵng,,5,5.41,Xe ViP,Mưa Bão,0.362393,0.667781,16,1,85.73,Cao điểm Tối,2.36
Hà Nội,,0,10.86,Ô Tô 4 Chỗ,Nắng,0.28904,0.672674,3,0,90.62,Cao điểm Tối,1.92
Đà Nẵng,,5,1.88,Ô Tô 4 Chỗ,Mưa Bão,0.800074,0.992033,17,1,92.85,Chiều,1.46
Cần Thơ,,0,3.63,Xe ViP,Mưa,0.813386,0.409216,22,0,86.62,Đêm,1.18
Cần Thơ,,3,8.13,Xe ViP,Nắng,0.739714,0.992775,4,0,94.13,Cao điểm Tối,1.74
Hải Phòng,,6,5.51,Ô Tô 4 Chỗ,Mưa,0.641113,0.592491,15,1,94.65,Cao điểm Sáng,1.66
Cần Thơ,,4,15.5,Ô Tô 4 Chỗ,Nắng,0.351639,0.482579,12,0,89.61,Đêm,1.2
Hải Phòng,,2,12.3,Xe ViP,Mưa,0.774592,0.839527,12,0,90.33,Cao điểm Sáng,2.55
Hồ Chí Minh,,1,15.76,Ô Tô 4 Chỗ,Mưa Bão,0.279851,0.895515,4,0,93.41,Cao điểm Tối,2.46
Hồ Chí Minh,,6,6.01,Xe Máy,Nhiều Mây,0.202752,0.616111,13,1,86.97,Chiều,1.62
Hà Nội,,0,15.12,Ô Tô 4 Chỗ,Nắng,0.769628,0.792491,5,0,95.89,Chiều,1.03
Hồ Chí Minh,,0,12.15,Xe ViP,Mưa Bão,0.764443,0.796984,23,0,97.28,Chiều,1.41
Hải Phòng,,5,13.83,Xe ViP,Nhiều Mây,0.667294,0.801557,1,1,93.64,Cao điểm Sáng,1.18
Đà Nẵng,,6,8.13,Xe ViP,Mưa Bão,0.275385,0.977038,23,1,96.69,Chiều,2.27
Hải Phòng,,4,13.26,Xe ViP,Nhiều Mây,0.719302,0.447784,14,0,92.2,Cao điểm Sáng,1.39
Cần Thơ,,0,16.91,Ô Tô 4 Chỗ,Nắng,0.770209,0.808039,2,0,96.42,Đêm,1.06
Hải Phòng,,2,15.4,Xe Máy,Nhiều Mây,0.356762,0.471652,10,0,87.14,Đêm,1.17
Hồ Chí Minh,,1,13.7,Ô Tô 4 Chỗ,Nhiều Mây,0.785213,0.525912,9,0,92.18,Chiều,1
Cần Thơ,,5,16.7,Xe ViP,Mưa Bão,0.745048,0.62034,22,1,98.53,Cao điểm Sáng,2.38
Hải Phòng,,5,18.99,Xe Máy,Nhiều Mây,0.841097,0.579242,10,1,90.43,Đêm,1
Hồ Chí Minh,,4,4.54,Ô Tô 4 Chỗ,Nắng,0.829361,0.978083,11,0,97.1,Đêm,1.22
Hải Phòng,,2,5.96,Ô Tô 4 Chỗ,Mưa Bão,0.230153,0.889857,10,0,87.37,Đêm,2.26
Hồ Chí Minh,,1,11.84,Xe Máy,Mưa Bão,0.829494,0.948103,3,0,95.57,Đêm,1.54
Đà Nẵng,,1,7.39,Xe Máy,Nhiều Mây,0.322851,0.711221,1,0,87.7,Đêm,1.58
Hồ Chí Minh,,2,1.76,Xe Máy,Mưa Bão,0.248501,0.957884,2,0,96.74,Cao điểm Sáng,2.65
Hải Phòng,,6,12.68,Xe ViP,Mưa Bão,0.333639,0.685772,3,1,85.2,Đêm,1.65
Hải Phòng,,2,14.68,Xe Máy,Nhiều Mây,0.743403,0.926496,14,0,94.25,Đêm,1.27
Hà Nội,,5,9.02,Xe ViP,Mưa Bão,0.424654,0.568183,15,1,97.82,Cao điểm Tối,1.75
Hồ Chí Minh,,0,13.96,Ô Tô 4 Chỗ,Mưa,0.436887,0.642003,10,0,94.17,Cao điểm Sáng,2.31
Hồ Chí Minh,,2,19.88,Ô Tô 4 Chỗ,Nhiều Mây,0.879868,0.938187,21,0,98.85,Đêm,1.09
Đà Nẵng,,4,9.77,Xe ViP,Mưa Bão,0.627633,0.712126,12,0,96.97,Đêm,1.31
Cần Thơ,,6,15.8,Xe Máy,Mưa Bão,0.883904,0.590252,20,1,94.91,Cao điểm Sáng,2.48
Hà Nội,,0,6.92,Ô Tô 4 Chỗ,Mưa Bão,0.5898,0.683407,12,0,88.72,Chiều,1.47
Đà Nẵng,,0,7.26,Xe ViP,Mưa,0.312249,0.804372,9,0,93.57,Đêm,2.12
Đà Nẵng,,2,15.69,Ô Tô 4 Chỗ,Nhiều Mây,0.806994,0.430664,17,0,91.21,Cao điểm Sáng,1.38
Cần Thơ,,6,16.49,Ô Tô 4 Chỗ,Nhiều Mây,0.340866,0.834249,19,1,99.95,Đêm,1.58
Hà Nội,,2,2.91,Xe Máy,Nhiều Mây,0.31893,0.767876,14,0,97.74,Đêm,1.67
Hà Nội,,3,14.55,Xe Máy,Nhiều Mây,0.877099,0.746982,3,0,89.14,Đêm,1
Hà Nội,,1,6.79,Ô Tô 4 Chỗ,Nhiều Mây,0.369406,0.780378,18,0,89.53,Đêm,1.62
Hồ Chí Minh,,6,2.48,Xe Máy,Nắng,0.782376,0.623431,5,1,90.29,Cao điểm Sáng,1.36
Hà Nội,,0,15.09,Xe Máy,Nắng,0.717506,0.822586,2,0,84.63,Đêm,1.16
Hà Nội,,6,4.25,Xe ViP,Mưa,0.439914,0.671407,15,1,87.87,Cao điểm Sáng,2.65
Hà Nội,,3,18.77,Xe Máy,Nhiều Mây,0.696799,0.926127,2,0,89.39,Cao điểm Tối,1.53
Cần Thơ,,3,19.09,Ô Tô 4 Chỗ,Mưa,0.402503,0.815951,8,0,92.81,Chiều,1.97
Hà Nội,,5,1.14,Xe ViP,Nhiều Mây,0.662019,0.403469,5,1,94.8,Cao điểm Sáng,1.29
Cần Thơ,,2,19.78,Xe ViP,Nhiều Mây,0.625422,0.417682,4,0,92.09,Cao điểm Sáng,1.31
Đà Nẵng,,0,18.05,Xe ViP,Mưa,0.425891,0.466568,13,0,97.35,Đêm,1.17
Đà Nẵng,,6,12.95,Xe ViP,Nắng,0.394047,0.680529,10,1,91.59,Đêm,1.14
Cần Thơ,,0,4.87,Xe ViP,Mưa Bão,0.283462,0.923521,11,0,93.17,Chiều,2.22
Hải Phòng,,0,5.66,Ô Tô 4 Chỗ,Nhiều Mây,0.483731,0.895993,9,0,89.12,Đêm,1.62
Cần Thơ,,6,18.01,Xe Máy,Mưa Bão,0.26953,0.659367,14,1,94.34,Cao điểm Sáng,2.42
Hồ Chí Minh,,6,15.94,Ô Tô 4 Chỗ,Mưa Bão,0.764146,0.850657,12,1,93.53,Đêm,1.5
Hồ Chí Minh,,3,7.13,Xe ViP,Nhiều Mây,0.858969,0.887897,7,0,90.68,Cao điểm Sáng,1.34
Hồ Chí Minh,,4,14.84,Ô Tô 4 Chỗ,Mưa Bão,0.524793,0.585133,16,0,91.94,Cao điểm Tối,2.07
Đà Nẵng,,5,5.73,Ô Tô 4 Chỗ,Mưa Bão,0.709699,0.716329,9,1,99.36,Cao điểm Tối,1.56
Hồ Chí Minh,,3,10.24,Xe Máy,Mưa,0.24166,0.843605,5,0,88.31,Cao điểm Tối,2.95
Hải Phòng,,0,11.88,Ô Tô 4 Chỗ,Mưa Bão,0.725511,0.990664,21,0,89.63,Cao điểm Sáng,1.91
Hà Nội,,4,10.61,Xe ViP,Nắng,0.303505,0.834271,19,0,83.54,Cao điểm Sáng,1.99
Hà Nội,,2,3.05,Xe Máy,Nắng,0.433618,0.917679,9,0,94.59,Cao điểm Tối,2.05
Cần Thơ,,0,11.39,Xe Máy,Nắng,0.790454,0.826648,7,0,95.37,Đêm,1.05
Hồ Chí Minh,,3,5.98,Ô Tô 4 Chỗ,Nhiều Mây,0.47187,0.549366,4,0,88.54,Cao điểm Sáng,1.34
Hồ Chí Minh,,3,7.09,Xe Máy,Nắng,0.960352,0.402713,23,0,95.28,Cao điểm Sáng,1.26
Cần Thơ,,0,5.4,Ô Tô 4 Chỗ,Mưa,0.218131,0.651995,13,0,94.62,Chiều,1.89
Đà Nẵng,,2,14.2,Ô Tô 4 Chỗ,Nhiều Mây,0.492007,0.671198,5,0,89.28,Đêm,1.27
Hải Phòng,,2,13.63,Ô Tô 4 Chỗ,Nhiều Mây,0.949081,0.591939,18,0,88.08,Chiều,1
Đà Nẵng,,3,15.86,Ô Tô 4 Chỗ,Nhiều Mây,0.299526,0.51222,18,0,91.28,Cao điểm Tối,1.62
Đà Nẵng,,1,3.82,Ô Tô 4 Chỗ,Mưa Bão,0.900214,0.417103,12,0,89.5,Cao điểm Sáng,2.36
Hải Phòng,,2,10.28,Xe ViP,Mưa Bão,0.332597,0.826167,22,0,88.31,Cao điểm Sáng,2.38
Hải Phòng,,0,13.73,Xe ViP,Nhiều Mây,0.402208,0.705147,9,0,89.61,Cao điểm Sáng,1.63
Hồ Chí Minh,,0,1.72,Ô Tô 4 Chỗ,Nắng,0.861848,0.613521,13,0,89.84,Chiều,1
Cần Thơ,,1,5.4,Ô Tô 4 Chỗ,Mưa Bão,0.944596,0.448544,16,0,89.14,Cao điểm Tối,1.68
Hồ Chí Minh,,0,10.23,Xe Máy,Mưa Bão,0.423219,0.616784,9,0,89.09,Đêm,1.4
Đà Nẵng,,3,0.86,Ô Tô 4 Chỗ,Mưa Bão,0.735932,0.944213,22,0,90.84,Đêm,1.5
Cần Thơ,,4,4.08,Xe Máy,Nắng,0.669728,0.986986,11,0,94.3,Cao điểm Sáng,1.77
Hà Nội,,4,7.14,Xe ViP,Nhiều Mây,0.368329,0.418931,18,0,94.68,Đêm,1.08
Hà Nội,,4,2.85,Xe ViP,Mưa,0.501613,0.777117,10,0,98.56,Chiều,1.76
Đà Nẵng,,0,14.8,Ô Tô 4 Chỗ,Mưa,0.684876,0.641413,19,0,95.56,Cao điểm Sáng,2.28
Hồ Chí Minh,,6,15.75,Ô Tô 4 Chỗ,Mưa,0.202271,0.459459,16,1,89.46,Cao điểm Tối,2.22
Hải Phòng,,1,18.86,Ô Tô 4 Chỗ,Mưa,0.497579,0.988087,14,0,85.86,Cao điểm Sáng,3.11
Hải Phòng,,3,1.52,Ô Tô 4 Chỗ,Mưa Bão,0.860674,0.927079,18,0,91.09,Chiều,1.44
Đà Nẵng,,5,13.93,Xe ViP,Mưa,0.915434,0.718371,5,1,93.72,Chiều,1.11
Cần Thơ,,6,17.64,Ô Tô 4 Chỗ,Nhiều Mây,0.910605,0.411392,4,1,85.83,Cao điểm Tối,1.31
Đà Nẵng,,5,7.02,Xe ViP,Nắng,0.727833,0.980017,0,1,98.43,Đêm,1.14
Hải Phòng,,6,19.84,Xe Máy,Mưa,0.499935,0.57314,15,1,93.28,Cao điểm Sáng,1.78
Đà Nẵng,,3,7.24,Ô Tô 4 Chỗ,Nắng,0.398921,0.943096,12,0,95.78,Chiều,1.82
Hồ Chí Minh,,5,4.91,Xe ViP,Mưa Bão,0.750155,0.507329,23,1,88.16,Cao điểm Sáng,2.07
Cần Thơ,,3,2.36,Xe Máy,Mưa,0.393845,0.427621,17,0,95.64,Chiều,1.24
Hồ Chí Minh,,6,6.14,Xe ViP,Nhiều Mây,0.897181,0.9156,22,1,94.07,Đêm,1.03
Đà Nẵng,,4,15.55,Ô Tô 4 Chỗ,Nhiều Mây,0.282189,0.656424,22,0,85.13,Cao điểm Sáng,1.78
Hải Phòng,,5,16.03,Xe ViP,Mưa,0.378777,0.659821,3,1,93.13,Chiều,1.77
Cần Thơ,,3,2.47,Xe Máy,Mưa,0.276831,0.96271,10,0,85.85,Cao điểm Tối,2.82
Hải Phòng,,2,12,Xe Máy,Nhiều Mây,0.698725,0.470721,7,0,99.57,Cao điểm Tối,1.25
Cần Thơ,,6,6.11,Xe Máy,Mưa,0.582622,0.993772,12,1,95.95,Chiều,1.78
Hồ Chí Minh,,0,12.26,Xe ViP,Nhiều Mây,0.8813,0.96161,3,0,85.89,Cao điểm Sáng,1.38
Hải Phòng,,0,15.44,Xe Máy,Nắng,0.259291,0.667332,5,0,86.34,Cao điểm Tối,1.81
Hồ Chí Minh,,1,16.72,Ô Tô 4 Chỗ,Nắng,0.579782,0.572571,21,0,93.91,Cao điểm Tối,1.11
Hà Nội,,2,7.06,Ô Tô 4 Chỗ,Nhiều Mây,0.229522,0.785888,2,0,87.39,Cao điểm Tối,2
Đà Nẵng,,2,7.28,Xe Máy,Nắng,0.951266,0.908587,8,0,89.33,Cao điểm Sáng,1.11
Đà Nẵng,,6,14.12,Xe ViP,Nắng,0.602365,0.644638,11,1,96.5,Cao điểm Tối,1.08
Cần Thơ,,5,4.08,Xe Máy,Mưa Bão,0.758434,0.949311,18,1,96.88,Đêm,1.53
Đà Nẵng,,2,15.93,Ô Tô 4 Chỗ,Mưa,0.67363,0.860467,19,0,90.17,Đêm,1.54
Đà Nẵng,,0,4.99,Xe Máy,Mưa,0.467576,0.857345,0,0,98.15,Cao điểm Sáng,2.32
Hải Phòng,,3,10.64,Ô Tô 4 Chỗ,Mưa Bão,0.428126,0.791203,10,0,91.51,Cao điểm Sáng,2.31
Cần Thơ,,4,2.52,Xe Máy,Mưa,0.627583,0.676931,10,0,89.31,Đêm,1.38
Hà Nội,,2,12.96,Xe Máy,Mưa,0.336699,0.998861,5,0,88.99,Cao điểm Tối,3.24
Hà Nội,,6,3.49,Ô Tô 4 Chỗ,Mưa Bão,0.603928,0.47128,16,1,98.96,Đêm,1.35
Hồ Chí Minh,,5,3.69,Xe Máy,Mưa,0.515243,0.714437,0,1,86.23,Cao điểm Sáng,1.93
Đà Nẵng,,6,18.57,Xe ViP,Mưa Bão,0.729904,0.98717,2,1,94.92,Cao điểm Sáng,2.24
Hải Phòng,,1,1.84,Xe Máy,Mưa,0.631733,0.685536,0,0,90.08,Chiều,1.22
Hải Phòng,,4,16.64,Xe Máy,Nắng,0.685672,0.786838,12,0,90.38,Đêm,1.15
Đà Nẵng,,0,1.51,Xe Máy,Mưa,0.264611,0.460271,9,0,94.66,Chiều,1.55
Hồ Chí Minh,,3,14.75,Xe ViP,Mưa,0.791729,0.461727,3,0,89.06,Chiều,1.21
Cần Thơ,,3,3.44,Ô Tô 4 Chỗ,Mưa,0.375391,0.828151,12,0,98.42,Chiều,1.84
Cần Thơ,,1,3.88,Xe ViP,Nhiều Mây,0.348804,0.931999,8,0,88.04,Chiều,1.87
Hà Nội,,4,9.28,Ô Tô 4 Chỗ,Mưa,0.262266,0.943617,19,0,86.46,Chiều,2.31
Hải Phòng,,1,4.7,Xe Máy,Nhiều Mây,0.976667,0.487028,11,0,97.52,Đêm,1
Hải Phòng,,4,10.56,Ô Tô 4 Chỗ,Mưa Bão,0.840626,0.798345,2,0,96.83,Chiều,1.26
Đà Nẵng,,4,3.61,Xe ViP,Nhiều Mây,0.936469,0.935926,6,0,90.72,Cao điểm Tối,1.19
Hồ Chí Minh,,3,18.96,Xe ViP,Mưa Bão,0.856648,0.452929,23,0,96.68,Chiều,1.22
Cần Thơ,,6,7.76,Xe Máy,Mưa,0.788352,0.438205,9,1,89.68,Cao điểm Tối,2.5
Hồ Chí Minh,,2,17.65,Xe ViP,Nhiều Mây,0.867882,0.445004,20,0,97.97,Đêm,1
Cần Thơ,,1,12.99,Ô Tô 4 Chỗ,Nhiều Mây,0.596777,0.925407,15,0,90.53,Cao điểm Sáng,1.83
Hà Nội,,1,2.24,Xe Máy,Nhiều Mây,0.585335,0.989271,5,0,86.64,Cao điểm Sáng,1.73
Hải Phòng,,1,10.99,Xe Máy,Mưa,0.965465,0.697321,13,0,92.75,Đêm,1.32
Hải Phòng,,0,8.46,Ô Tô 4 Chỗ,Mưa,0.451511,0.612535,13,0,91.89,Chiều,1.35
Cần Thơ,,5,10.1,Xe ViP,Nhiều Mây,0.237237,0.857766,17,1,95.8,Chiều,1.86
Đà Nẵng,,4,17.22,Xe ViP,Nắng,0.630962,0.835309,7,0,89.29,Cao điểm Tối,1.46
Cần Thơ,,2,1.51,Xe ViP,Nắng,0.207629,0.824367,6,0,86.83,Đêm,1.93
Đà Nẵng,,0,9.58,Xe ViP,Nhiều Mây,0.24648,0.668165,7,0,84.69,Đêm,1.63
Hải Phòng,,3,16.93,Xe ViP,Mưa Bão,0.970526,0.655096,0,0,90.91,Cao điểm Tối,2.37
Cần Thơ,,1,15.45,Xe ViP,Mưa,0.806746,0.886468,12,0,97.26,Chiều,1.35
Hồ Chí Minh,,0,2.32,Xe ViP,Mưa Bão,0.447575,0.955475,22,0,92.43,Cao điểm Tối,3.17
Cần Thơ,,6,9.16,Xe ViP,Nhiều Mây,0.80836,0.926129,17,1,98.13,Cao điểm Sáng,1.3
Hồ Chí Minh,,2,16.44,Ô Tô 4 Chỗ,Nhiều Mây,0.93103,0.450509,23,0,92.07,Cao điểm Sáng,1.22
Đà Nẵng,,6,17.97,Xe ViP,Mưa,0.317668,0.81131,20,1,85.31,Chiều,2.13
Hồ Chí Minh,,4,13.9,Ô Tô 4 Chỗ,Mưa,0.701574,0.942736,5,0,89.33,Chiều,1.76
Cần Thơ,,1,14.42,Xe ViP,Mưa,0.991493,0.537914,13,0,94.84,Chiều,1.18
Hải Phòng,,1,14.47,Xe ViP,Mưa Bão,0.40369,0.745462,5,0,91.15,Cao điểm Tối,2.29
Hà Nội,,1,6.75,Xe Máy,Mưa,0.966179,0.48913,17,0,96.83,Cao điểm Sáng,1.97
Đà Nẵng,,5,13.19,Xe Máy,Nắng,0.681528,0.733568,10,1,90.47,Đêm,1
Hải Phòng,,3,13.22,Ô Tô 4 Chỗ,Nhiều Mây,0.689802,0.476592,3,0,99.41,Cao điểm Sáng,1.39
Hải Phòng,,1,13.38,Xe ViP,Mưa,0.541098,0.833628,17,0,93.16,Đêm,1.66
Đà Nẵng,,6,10.11,Xe Máy,Mưa Bão,0.244844,0.471521,15,1,89.97,Chiều,1.56
Hồ Chí Minh,,4,15.78,Xe Máy,Mưa Bão,0.305401,0.754112,22,0,94.49,Chiều,1.95
Hồ Chí Minh,,2,18.05,Ô Tô 4 Chỗ,Mưa,0.993421,0.653975,18,0,90.49,Chiều,1.11
Cần Thơ,,1,19.83,Xe ViP,Mưa,0.767921,0.718516,13,0,89.98,Cao điểm Tối,2.06
Cần Thơ,,6,6.03,Ô Tô 4 Chỗ,Mưa,0.670486,0.553613,11,1,94.47,Cao điểm Sáng,1.93
Hải Phòng,,4,2.01,Xe Máy,Mưa,0.764121,0.544424,10,0,99.52,Đêm,1.15
Cần Thơ,,1,6.38,Xe ViP,Nắng,0.513829,0.955627,0,0,91.46,Chiều,1.66
Cần Thơ,,5,14,Xe ViP,Nắng,0.793407,0.87852,11,1,94.24,Cao điểm Tối,1.13
Hồ Chí Minh,,6,6.03,Ô Tô 4 Chỗ,Mưa,0.989781,0.676582,16,1,85,Cao điểm Sáng,1.54
Cần Thơ,,6,4.18,Xe Máy,Mưa,0.218215,0.674233,11,1,92.97,Đêm,1.87
Đà Nẵng,,4,15.87,Xe Máy,Nhiều Mây,0.36301,0.602414,21,0,87.61,Đêm,1.36
Đà Nẵng,,2,9.33,Xe ViP,Mưa,0.58757,0.72458,12,0,86.56,Cao điểm Sáng,2.6
Hà Nội,,5,12.57,Ô Tô 4 Chỗ,Nắng,0.622349,0.705114,6,1,96.06,Cao điểm Tối,1.26
Đà Nẵng,,3,13.06,Xe Máy,Mưa Bão,0.393044,0.557974,17,0,86.77,Chiều,1.44
Đà Nẵng,,1,9.26,Ô Tô 4 Chỗ,Mưa,0.217966,0.614876,10,0,89.64,Cao điểm Sáng,2.64
Cần Thơ,,4,9.54,Xe Máy,Nhiều Mây,0.835334,0.549482,17,0,97.72,Cao điểm Sáng,1.32
Đà Nẵng,,3,18.17,Ô Tô 4 Chỗ,Mưa Bão,0.396404,0.977406,1,0,89.24,Chiều,2.15
Đà Nẵng,,6,11.8,Ô Tô 4 Chỗ,Mưa Bão,0.41236,0.769076,18,1,95.83,Chiều,1.91
Hồ Chí Minh,,4,5.86,Xe ViP,Mưa,0.975574,0.716149,22,0,85.39,Cao điểm Tối,2.4
Hồ Chí Minh,,5,9.68,Xe Máy,Nhiều Mây,0.357077,0.985293,17,1,87.79,Cao điểm Sáng,2.25
Hải Phòng,,5,15.86,Xe ViP,Mưa,0.7812,0.641195,10,1,96.88,Đêm,1.19
Hải Phòng,,3,2.84,Xe ViP,Mưa Bão,0.95182,0.905226,1,0,90.36,Cao điểm Tối,1.59
Cần Thơ,,0,7.75,Xe ViP,Mưa,0.584519,0.737312,12,0,94.97,Chiều,1.44
Cần Thơ,,2,10.23,Xe Máy,Nắng,0.891707,0.908318,0,0,90.83,Cao điểm Tối,1.39
Hải Phòng,,2,8.4,Xe ViP,Nắng,0.303078,0.791791,0,0,93.25,Cao điểm Sáng,1.95
Cần Thơ,,3,19.44,Ô Tô 4 Chỗ,Nhiều Mây,0.374452,0.879557,20,0,86.8,Cao điểm Tối,1.95
Đà Nẵng,,5,13.78,Ô Tô 4 Chỗ,Nắng,0.914939,0.981127,11,1,84.83,Cao điểm Tối,1.07
Hồ Chí Minh,,3,10.04,Ô Tô 4 Chỗ,Nắng,0.471836,0.80896,18,0,94.24,Chiều,1.51
Hồ Chí Minh,,1,5.7,Xe Máy,Nhiều Mây,0.689392,0.445875,12,0,93.98,Cao điểm Tối,1.22
Hồ Chí Minh,,0,10.3,Ô Tô 4 Chỗ,Nắng,0.42805,0.491235,4,0,97.43,Cao điểm Sáng,1.24
Hồ Chí Minh,,0,8.9,Xe ViP,Mưa Bão,0.30332,0.642448,16,0,97.3,Cao điểm Tối,2.47
Hải Phòng,,3,10.13,Xe ViP,Nắng,0.840226,0.901635,16,0,87.55,Đêm,1.09
Hồ Chí Minh,,3,1.42,Xe ViP,Mưa Bão,0.998768,0.797277,21,0,94.56,Cao điểm Tối,1.79
Hải Phòng,,0,10.29,Xe Máy,Nắng,0.441937,0.62896,11,0,85.69,Cao điểm Tối,1.64
Cần Thơ,,4,4.88,Ô Tô 4 Chỗ,Nhiều Mây,0.465283,0.993253,18,0,95.74,Đêm,1.79
Đà Nẵng,,3,0.54,Xe Máy,Mưa Bão,0.430657,0.463507,1,0,88.37,Cao điểm Tối,2.37
Hồ Chí Minh,,0,13.65,Ô Tô 4 Chỗ,Nhiều Mây,0.813984,0.719233,0,0,91.15,Cao điểm Sáng,1.35
Hà Nội,,0,11.29,Xe Máy,Nhiều Mây,0.712872,0.760344,7,0,94.01,Chiều,1.07
Cần Thơ,,3,5.41,Ô Tô 4 Chỗ,Mưa,0.364082,0.861264,21,0,86.93,Cao điểm Tối,2.71
Cần Thơ,,6,8.75,Ô Tô 4 Chỗ,Mưa,0.524065,0.525618,1,1,96.35,Chiều,1.24
Đà Nẵng,,6,15.67,Ô Tô 4 Chỗ,Nắng,0.534107,0.710639,2,1,96.16,Cao điểm Sáng,1.38
Đà Nẵng,,6,8.45,Xe Máy,Mưa,0.963701,0.957174,0,1,91.89,Cao điểm Sáng,2.24
Hải Phòng,,6,3.9,Ô Tô 4 Chỗ,Mưa Bão,0.708872,0.427072,2,1,91.4,Cao điểm Tối,1.84
Hà Nội,,4,10.99,Ô Tô 4 Chỗ,Mưa,0.788859,0.486451,19,0,90,Cao điểm Sáng,2.2
Hồ Chí Minh,,5,14.58,Ô Tô 4 Chỗ,Mưa Bão,0.496105,0.421484,6,1,90.12,Cao điểm Sáng,1.7
Hà Nội,,3,4.97,Xe Máy,Nắng,0.574679,0.450398,14,0,92.9,Đêm,1
Hà Nội,,1,8.86,Ô Tô 4 Chỗ,Nắng,0.808944,0.832247,2,0,96.99,Chiều,1.03
Hồ Chí Minh,,2,18.11,Xe Máy,Mưa Bão,0.871617,0.716169,15,0,98.18,Đêm,1.36
Hồ Chí Minh,,4,18.17,Xe Máy,Nhiều Mây,0.45461,0.691274,0,0,92.8,Cao điểm Sáng,1.55
Hải Phòng,,6,5.71,Ô Tô 4 Chỗ,Mưa Bão,0.784101,0.501539,4,1,91.55,Đêm,1.37
Hồ Chí Minh,,3,9.61,Xe Máy,Nhiều Mây,0.535561,0.488623,17,0,88.05,Đêm,1
Hà Nội,,1,2.05,Xe Máy,Mưa Bão,0.715732,0.999085,1,0,95.51,Cao điểm Tối,2.64
Hải Phòng,,1,8.43,Xe ViP,Nhiều Mây,0.718688,0.49424,22,0,93.48,Chiều,1
Đà Nẵng,,6,16.92,Xe ViP,Nhiều Mây,0.871608,0.694714,17,1,89.57,Đêm,1
Đà Nẵng,,4,19.09,Ô Tô 4 Chỗ,Nắng,0.414419,0.403005,22,0,85.36,Cao điểm Tối,1.24
Hải Phòng,,0,15.6,Xe ViP,Nhiều Mây,0.470477,0.680521,22,0,85.9,Đêm,1.32
Hà Nội,,1,3.67,Xe ViP,Mưa Bão,0.878801,0.514831,3,0,94.53,Cao điểm Sáng,1.95
Hải Phòng,,6,4.07,Xe ViP,Mưa,0.699402,0.513074,13,1,93.62,Cao điểm Sáng,1.69
Cần Thơ,,6,16.58,Ô Tô 4 Chỗ,Nhiều Mây,0.76307,0.568475,8,1,95.65,Cao điểm Sáng,1.26
Đà Nẵng,,6,16.43,Xe ViP,Mưa,0.569272,0.536758,23,1,86.13,Cao điểm Tối,2.4
Cần Thơ,,2,2.93,Ô Tô 4 Chỗ,Nắng,0.409575,0.599332,4,0,91.75,Đêm,1.28
Đà Nẵng,,2,12.84,Xe Máy,Nhiều Mây,0.94887,0.671106,3,0,87.55,Cao điểm Tối,1.3
Hồ Chí Minh,,3,11.46,Xe ViP,Mưa Bão,0.591429,0.883412,20,0,96.44,Cao điểm Sáng,2.8
Đà Nẵng,,5,10.55,Xe Máy,Nắng,0.43491,0.739117,19,1,95.79,Đêm,1.21
Hải Phòng,,3,3.05,Xe ViP,Mưa Bão,0.32016,0.633312,0,0,89.12,Cao điểm Sáng,2.07
Hải Phòng,,3,12.03,Xe ViP,Mưa,0.210909,0.735489,6,0,88.16,Cao điểm Sáng,3.22
Hải Phòng,,3,12.51,Xe Máy,Mưa Bão,0.590768,0.798653,6,0,86.38,Đêm,1.67
Hà Nội,,1,11.92,Xe ViP,Nhiều Mây,0.807638,0.533495,3,0,88.03,Đêm,1
Đà Nẵng,,0,12.58,Xe ViP,Mưa Bão,0.611333,0.935843,0,0,86.11,Cao điểm Tối,2.83
Đà Nẵng,,3,18.95,Ô Tô 4 Chỗ,Nắng,0.587873,0.882858,16,0,94.35,Chiều,1.44
Hải Phòng,,5,19.52,Xe ViP,Mưa Bão,0.616445,0.544948,15,1,93.06,Cao điểm Sáng,1.83
Cần Thơ,,1,8.74,Ô Tô 4 Chỗ,Mưa Bão,0.862614,0.644022,0,0,86.98,Chiều,1.16
Cần Thơ,,0,7.41,Xe ViP,Nắng,0.895693,0.635038,3,0,94.44,Chiều,1
Hải Phòng,,3,8.96,Ô Tô 4 Chỗ,Nhiều Mây,0.727511,0.498775,16,0,88.4,Cao điểm Sáng,1.3
Cần Thơ,,3,3.72,Xe Máy,Mưa,0.684132,0.437215,23,0,93.04,Chiều,1.38
Hồ Chí Minh,,6,19.29,Xe ViP,Nhiều Mây,0.200407,0.487385,17,1,86.51,Cao điểm Sáng,1.7
Cần Thơ,,1,17.35,Xe Máy,Nhiều Mây,0.508802,0.850253,10,0,89.94,Cao điểm Tối,1.66
Cần Thơ,,6,17.96,Ô Tô 4 Chỗ,Nắng,0.871869,0.726381,10,1,90.73,Cao điểm Sáng,1.19
Hồ Chí Minh,,4,0.83,Ô Tô 4 Chỗ,Mưa Bão,0.631322,0.732488,12,0,93.67,Cao điểm Sáng,2.14
Hải Phòng,,0,2.75,Xe Máy,Nhiều Mây,0.299252,0.849426,1,0,87.8,Cao điểm Sáng,2.19
Hải Phòng,,1,3.71,Ô Tô 4 Chỗ,Mưa Bão,0.398114,0.719647,1,0,90.82,Đêm,1.79
Hải Phòng,,6,19.04,Xe ViP,Mưa,0.818101,0.457314,11,1,90.62,Cao điểm Tối,2.19
Hà Nội,,4,9.91,Xe Máy,Mưa Bão,0.932967,0.400966,7,0,94.68,Cao điểm Sáng,1.84
Hồ Chí Minh,,2,4.63,Ô Tô 4 Chỗ,Nắng,0.225636,0.758201,1,0,95.2,Đêm,1.8
Cần Thơ,,6,9.19,Xe Máy,Mưa Bão,0.382573,0.881367,22,1,97.06,Cao điểm Sáng,3.13
Hà Nội,,1,10,Xe ViP,Mưa Bão,0.633147,0.846484,2,0,92.26,Cao điểm Sáng,2.29
Hải Phòng,,0,8.46,Ô Tô 4 Chỗ,Nắng,0.735729,0.818324,8,0,90.11,Cao điểm Tối,1.4
Hồ Chí Minh,,5,18.91,Ô Tô 4 Chỗ,Mưa Bão,0.691574,0.643584,11,1,87.5,Cao điểm Sáng,2.38
Cần Thơ,,5,13.73,Xe ViP,Nhiều Mây,0.632609,0.861609,18,1,84.28,Chiều,1.05
Hồ Chí Minh,,6,1.52,Xe ViP,Nắng,0.541657,0.60682,19,1,85.07,Chiều,1.1
Cần Thơ,,6,6.19,Xe Máy,Nhiều Mây,0.337438,0.977848,2,1,92.66,Đêm,1.8
Hồ Chí Minh,,3,1.86,Xe ViP,Nhiều Mây,0.70553,0.588953,11,0,90.63,Đêm,1
Hồ Chí Minh,,6,2.11,Xe ViP,Nắng,0.499682,0.745923,21,1,93.21,Cao điểm Tối,1.72
Hà Nội,,6,11.87,Ô Tô 4 Chỗ,Nhiều Mây,0.222506,0.666857,9,1,98.06,Cao điểm Sáng,1.78
Đà Nẵng,,5,14.68,Xe ViP,Nhiều Mây,0.608228,0.409244,19,1,94.45,Chiều,1
Đà Nẵng,,0,7.79,Xe Máy,Nhiều Mây,0.686761,0.583465,2,0,84.97,Đêm,1
Hà Nội,,3,5.91,Xe ViP,Mưa Bão,0.90904,0.43546,10,0,98.55,Cao điểm Tối,1.72
Hồ Chí Minh,,6,19.18,Xe ViP,Mưa,0.808275,0.563611,18,1,91.97,Cao điểm Sáng,2.35
Hồ Chí Minh,,6,14.85,Xe Máy,Mưa Bão,0.830608,0.79764,22,1,91.94,Cao điểm Tối,2.45
Hồ Chí Minh,,1,4.04,Xe ViP,Mưa Bão,0.827377,0.921867,6,0,93.53,Chiều,1.38
Hà Nội,,3,14.35,Xe ViP,Mưa,0.784934,0.415882,0,0,83.31,Đêm,1.14
Hà Nội,,1,14.65,Xe Máy,Mưa Bão,0.38429,0.80332,12,0,89.39,Cao điểm Sáng,2.88
Cần Thơ,,3,19.86,Ô Tô 4 Chỗ,Mưa Bão,0.308471,0.92635,13,0,91.59,Chiều,2.15
Đà Nẵng,,0,7.84,Xe ViP,Nắng,0.322401,0.445975,21,0,96.15,Chiều,1.19
Cần Thơ,,0,11.61,Xe ViP,Nắng,0.833419,0.410341,1,0,88.15,Cao điểm Sáng,1.37
Hải Phòng,,1,15.27,Xe ViP,Mưa Bão,0.628621,0.983292,20,0,96.71,Cao điểm Sáng,2.34
Cần Thơ,,5,16.04,Ô Tô 4 Chỗ,Mưa Bão,0.998662,0.835922,15,1,93,Đêm,1.22
Hà Nội,,1,9.29,Xe ViP,Mưa,0.779389,0.98679,0,0,91.9,Chiều,1.57
Hải Phòng,,0,0.78,Xe ViP,Mưa Bão,0.562896,0.928452,16,0,88.55,Cao điểm Sáng,2.6
Đà Nẵng,,5,19.35,Ô Tô 4 Chỗ,Mưa Bão,0.278325,0.581949,15,1,97.79,Đêm,1.86
Đà Nẵng,,1,10.03,Xe ViP,Nắng,0.344124,0.581819,21,0,85.18,Cao điểm Sáng,1.62
Cần Thơ,,1,10.36,Xe ViP,Nhiều Mây,0.365051,0.532985,16,0,87.55,Cao điểm Tối,1.44
Hà Nội,,2,13.97,Ô Tô 4 Chỗ,Mưa Bão,0.321119,0.537035,17,0,83.64,Chiều,1.69
Đà Nẵng,,5,17.98,Xe Máy,Nhiều Mây,0.405922,0.917414,9,1,90.17,Cao điểm Tối,1.99
Cần Thơ,,6,12.01,Xe ViP,Mưa,0.536815,0.933489,22,1,88.78,Chiều,1.87
Cần Thơ,,6,19.04,Xe ViP,Mưa,0.36819,0.440711,21,1,86.76,Cao điểm Sáng,2.42
Cần Thơ,,6,15.3,Xe ViP,Nắng,0.357209,0.529753,8,1,88.41,Chiều,1.1
Cần Thơ,,0,6.2,Xe Máy,Mưa Bão,0.402869,0.775975,18,0,95.87,Cao điểm Tối,2.73
Đà Nẵng,,6,1.78,Xe ViP,Mưa Bão,0.293921,0.967488,4,1,91.78,Chiều,2.14
Đà Nẵng,,6,7.57,Ô Tô 4 Chỗ,Nắng,0.333006,0.887863,20,1,84.81,Đêm,1.79
Hải Phòng,,1,13.3,Xe Máy,Mưa,0.347233,0.60582,2,0,88.82,Cao điểm Sáng,2.25
Hồ Chí Minh,,2,11.88,Ô Tô 4 Chỗ,Mưa Bão,0.555163,0.435091,18,0,87.05,Cao điểm Tối,2.07
Hà Nội,,6,11.18,Xe ViP,Nhiều Mây,0.946898,0.930554,5,1,94.91,Cao điểm Sáng,1.17
Đà Nẵng,,6,3.76,Xe ViP,Nhiều Mây,0.327931,0.646575,1,1,90.22,Chiều,1.46
Đà Nẵng,,4,4.18,Xe Máy,Mưa Bão,0.386238,0.490979,13,0,96.87,Chiều,1.26
Đà Nẵng,,2,2.07,Ô Tô 4 Chỗ,Mưa Bão,0.569464,0.782809,7,0,95.46,Cao điểm Tối,2.04
Hải Phòng,,0,7.78,Ô Tô 4 Chỗ,Nhiều Mây,0.353874,0.894119,1,0,88.95,Đêm,1.81
Hồ Chí Minh,,3,17.58,Ô Tô 4 Chỗ,Nhiều Mây,0.890496,0.651461,4,0,93.15,Đêm,1
Hồ Chí Minh,,2,16.24,Xe ViP,Mưa Bão,0.393068,0.587234,18,0,95.59,Chiều,1.62
Hà Nội,,3,8.8,Ô Tô 4 Chỗ,Mưa,0.80559,0.714123,20,0,95.07,Chiều,1.28
Hà Nội,,2,3.57,Ô Tô 4 Chỗ,Mưa,0.449295,0.79268,23,0,92.38,Đêm,1.88
Hà Nội,,1,10.81,Ô Tô 4 Chỗ,Mưa Bão,0.979728,0.436964,7,0,96.56,Cao điểm Tối,1.79
Đà Nẵng,,6,2.37,Xe Máy,Nhiều Mây,0.580025,0.566016,23,1,89.63,Đêm,1
Cần Thơ,,5,9.86,Ô Tô 4 Chỗ,Mưa Bão,0.642056,0.418994,14,1,87.8,Đêm,1.13
Hải Phòng,,5,1.57,Xe Máy,Nhiều Mây,0.270881,0.970927,11,1,96.65,Cao điểm Sáng,1.96
Đà Nẵng,,2,5.47,Xe ViP,Nhiều Mây,0.418315,0.490137,9,0,98.38,Đêm,1.11
Hà Nội,,2,19.75,Ô Tô 4 Chỗ,Nắng,0.883601,0.888558,7,0,93.43,Cao điểm Tối,1.16
Hải Phòng,,2,5.5,Ô Tô 4 Chỗ,Mưa,0.430684,0.846507,1,0,90.85,Cao điểm Sáng,2.29
Cần Thơ,,4,15,Ô Tô 4 Chỗ,Mưa,0.551194,0.791262,1,0,89.48,Cao điểm Tối,2.39
Hồ Chí Minh,,3,17.83,Xe ViP,Nắng,0.643924,0.837441,13,0,95.33,Chiều,1.29
Hải Phòng,,4,6.38,Ô Tô 4 Chỗ,Mưa Bão,0.526963,0.948857,4,0,92.69,Cao điểm Tối,2.48
Đà Nẵng,,3,3.58,Xe ViP,Nhiều Mây,0.786303,0.532358,3,0,97.24,Cao điểm Sáng,1.16
Cần Thơ,,5,7.98,Xe ViP,Nhiều Mây,0.362378,0.742706,17,1,89.43,Cao điểm Sáng,1.69
Hải Phòng,,6,5.86,Xe ViP,Mưa Bão,0.668344,0.882943,12,1,91.96,Đêm,1.59
Đà Nẵng,,0,9.33,Xe ViP,Mưa Bão,0.460818,0.590467,0,0,90.59,Chiều,1.39
Hồ Chí Minh,,6,10.9,Xe ViP,Mưa,0.454002,0.695095,20,1,90.69,Chiều,1.47
Hà Nội,,2,8.95,Xe ViP,Nắng,0.252875,0.958935,3,0,86.75,Chiều,2.06
Cần Thơ,,5,12.57,Xe ViP,Mưa Bão,0.212182,0.887453,9,1,91.03,Cao điểm Tối,2.98
Hồ Chí Minh,,5,12.14,Xe ViP,Nắng,0.971206,0.753634,14,1,85.53,Đêm,1
Cần Thơ,,0,10.53,Ô Tô 4 Chỗ,Mưa,0.964956,0.813536,3,0,91.87,Cao điểm Tối,1.55
Hồ Chí Minh,,6,4.22,Xe Máy,Nắng,0.277227,0.538731,16,1,96.36,Cao điểm Tối,1.59
Hải Phòng,,4,9.37,Xe ViP,Nắng,0.218619,0.803883,19,0,85.68,Cao điểm Tối,2.01
Hồ Chí Minh,,4,4.55,Xe Máy,Mưa Bão,0.340683,0.677415,19,0,93.45,Chiều,1.67
Đà Nẵng,,6,4.33,Xe Máy,Nắng,0.735012,0.842318,0,1,89.32,Chiều,1.15
Hồ Chí Minh,,3,18.17,Xe Máy,Nắng,0.725354,0.638826,21,0,86.52,Đêm,1
Hồ Chí Minh,,2,11.09,Ô Tô 4 Chỗ,Nhiều Mây,0.388876,0.576638,7,0,87.17,Đêm,1.28
Hà Nội,,6,12.36,Ô Tô 4 Chỗ,Nhiều Mây,0.325642,0.8994,21,1,88.76,Cao điểm Sáng,2.11
Cần Thơ,,4,2.22,Xe Máy,Mưa,0.393644,0.940739,13,0,96.1,Cao điểm Tối,3.29
Cần Thơ,,2,7.43,Xe ViP,Mưa,0.685149,0.607767,13,0,95.82,Chiều,1.39
Đà Nẵng,,3,19.95,Ô Tô 4 Chỗ,Nắng,0.917477,0.555087,15,0,91.31,Đêm,1
Hồ Chí Minh,,5,2.69,Xe Máy,Mưa Bão,0.836953,0.493577,4,1,89.91,Cao điểm Sáng,1.51
Đà Nẵng,,5,2.4,Xe Máy,Nắng,0.781613,0.964953,21,1,89.26,Cao điểm Tối,1.42
Đà Nẵng,,2,1.09,Xe ViP,Mưa Bão,0.74729,0.413043,1,0,97.42,Cao điểm Sáng,2.27
Cần Thơ,,4,12.76,Xe Máy,Nhiều Mây,0.937754,0.939693,3,0,97.08,Cao điểm Tối,1.21
Hải Phòng,,5,18.86,Xe Máy,Nhiều Mây,0.315698,0.652291,23,1,87.21,Cao điểm Sáng,1.63
Hồ Chí Minh,,6,19.75,Xe Máy,Mưa,0.638205,0.514577,17,1,87.08,Cao điểm Tối,2.43
Hải Phòng,,0,19.06,Ô Tô 4 Chỗ,Nhiều Mây,0.696111,0.706492,5,0,95.5,Đêm,1.02
Hà Nội,,1,1.49,Ô Tô 4 Chỗ,Mưa,0.320252,0.449655,13,0,94.1,Cao điểm Tối,2.5
Hải Phòng,,2,8.52,Xe ViP,Nắng,0.550536,0.646956,12,0,89.7,Đêm,1.14
Cần Thơ,,4,6.78,Xe Máy,Nắng,0.830364,0.912527,2,0,87.56,Cao điểm Sáng,1.3
Hải Phòng,,5,2.36,Ô Tô 4 Chỗ,Mưa,0.42142,0.785635,7,1,84.17,Cao điểm Sáng,2.5
Hồ Chí Minh,,4,2.32,Ô Tô 4 Chỗ,Mưa Bão,0.631058,0.578135,12,0,99.27,Cao điểm Tối,1.51
Đà Nẵng,,6,17.14,Xe ViP,Mưa,0.402657,0.879555,21,1,89.59,Chiều,1.91
Đà Nẵng,,4,10.68,Ô Tô 4 Chỗ,Mưa,0.82361,0.52043,22,0,89.2,Cao điểm Tối,2.02
Hồ Chí Minh,,5,9.68,Xe ViP,Mưa Bão,0.690661,0.524389,10,1,91.79,Chiều,1.12
Đà Nẵng,,6,13.99,Ô Tô 4 Chỗ,Nắng,0.773034,0.42384,12,1,93.94,Cao điểm Tối,1.1
Hải Phòng,,0,11.6,Xe Máy,Mưa Bão,0.678435,0.415903,0,0,87,Chiều,1.32
Hà Nội,,2,3.84,Xe Máy,Mưa,0.64568,0.503655,8,0,93.53,Chiều,1.14
Cần Thơ,,0,3.21,Xe ViP,Nắng,0.534838,0.71129,7,0,93.99,Cao điểm Sáng,1.44
Hà Nội,,2,14.64,Xe ViP,Mưa,0.531732,0.868017,16,0,89.14,Đêm,1.79
Đà Nẵng,,6,11.51,Xe Máy,Mưa,0.472141,0.413628,14,1,92.94,Chiều,1.33
Hồ Chí Minh,,0,6.65,Ô Tô 4 Chỗ,Mưa,0.517617,0.906562,5,0,94.85,Đêm,1.84
Hồ Chí Minh,,6,18.52,Xe Máy,Mưa Bão,0.63481,0.850978,10,1,98.9,Cao điểm Tối,1.87
Cần Thơ,,4,5.93,Xe Máy,Mưa Bão,0.725003,0.698256,2,0,83.92,Cao điểm Sáng,2.15
Cần Thơ,,0,15.57,Xe Máy,Nắng,0.792956,0.796729,9,0,90.22,Đêm,1.01
Đà Nẵng,,2,11.58,Xe Máy,Mưa,0.64818,0.71429,13,0,94.02,Chiều,1.36
Cần Thơ,,4,16.86,Xe Máy,Mưa Bão,0.367275,0.448644,22,0,92.37,Cao điểm Tối,2.3
Cần Thơ,,6,11.14,Ô Tô 4 Chỗ,Mưa Bão,0.423085,0.796489,22,1,95.55,Cao điểm Sáng,2.13
Hà Nội,,6,19.79,Xe ViP,Mưa,0.391325,0.721235,23,1,83.93,Cao điểm Sáng,2.37
Hải Phòng,,2,16.54,Ô Tô 4 Chỗ,Mưa,0.466788,0.789347,21,0,91.31,Cao điểm Tối,2.66
Hà Nội,,0,12.56,Ô Tô 4 Chỗ,Mưa Bão,0.351086,0.741007,10,0,92.7,Cao điểm Tối,2.2
Cần Thơ,,1,18.05,Xe ViP,Nắng,0.466149,0.830429,18,0,95.01,Chiều,1.55
Hà Nội,,2,13.45,Xe Máy,Mưa Bão,0.308279,0.977453,20,0,89.22,Cao điểm Tối,3.49
Đà Nẵng,,4,4.08,Xe Máy,Nhiều Mây,0.853257,0.779057,22,0,97.95,Cao điểm Tối,1.11
Hồ Chí Minh,,3,4.33,Xe Máy,Mưa Bão,0.975469,0.608551,2,0,90.16,Cao điểm Tối,2.42
Hà Nội,,1,16.56,Ô Tô 4 Chỗ,Mưa Bão,0.867181,0.955812,3,0,87.67,Chiều,1.26
Hồ Chí Minh,,2,13.48,Xe ViP,Mưa,0.602284,0.893869,16,0,87.88,Cao điểm Tối,2.54
Hà Nội,,0,9.25,Xe ViP,Nhiều Mây,0.255013,0.535847,2,0,89.16,Cao điểm Tối,1.61
Đà Nẵng,,5,11.93,Xe ViP,Nhiều Mây,0.403686,0.767585,21,1,91.82,Đêm,1.31
Hồ Chí Minh,,5,2.26,Ô Tô 4 Chỗ,Nhiều Mây,0.765453,0.93185,20,1,96.84,Chiều,1.25
Hà Nội,,1,2.66,Ô Tô 4 Chỗ,Mưa,0.741434,0.891564,20,0,89.3,Đêm,1.51
Hồ Chí Minh,,5,17.1,Xe Máy,Mưa Bão,0.748162,0.753603,13,1,91.33,Chiều,1.39
Đà Nẵng,,2,2.81,Ô Tô 4 Chỗ,Nắng,0.991652,0.406512,19,0,92.67,Đêm,1
Hà Nội,,4,1.71,Ô Tô 4 Chỗ,Nhiều Mây,0.41588,0.977528,15,0,86.01,Cao điểm Tối,2.09
Hồ Chí Minh,,2,11.32,Ô Tô 4 Chỗ,Nắng,0.936255,0.908545,2,0,88.06,Cao điểm Sáng,1.28
Cần Thơ,,3,17.22,Xe Máy,Nắng,0.910667,0.741348,15,0,86.29,Đêm,1
Đà Nẵng,,5,9.74,Xe ViP,Nắng,0.465989,0.422144,11,1,85.61,Đêm,1
Đà Nẵng,,1,0.93,Ô Tô 4 Chỗ,Nhiều Mây,0.624301,0.562596,20,0,91.06,Chiều,1
Hồ Chí Minh,,6,13.32,Ô Tô 4 Chỗ,Nắng,0.499444,0.425412,3,1,94.99,Đêm,1
Hà Nội,,4,3.29,Ô Tô 4 Chỗ,Mưa,0.580389,0.766464,22,0,84.59,Cao điểm Sáng,1.83
Hà Nội,,2,1.69,Xe Máy,Nắng,0.433624,0.548574,19,0,90.04,Chiều,1.17
Hà Nội,,3,11.95,Ô Tô 4 Chỗ,Mưa,0.958331,0.956023,18,0,91.02,Chiều,1.17
Cần Thơ,,3,9.07,Ô Tô 4 Chỗ,Nhiều Mây,0.266082,0.635871,17,0,89.02,Đêm,1.55
Cần Thơ,,4,18.47,Ô Tô 4 Chỗ,Nắng,0.899764,0.831866,17,0,87.86,Cao điểm Tối,1.32
Hải Phòng,,2,4.91,Xe ViP,Nhiều Mây,0.896605,0.591477,3,0,94.6,Cao điểm Tối,1.38
Hải Phòng,,1,6.67,Xe ViP,Mưa,0.63736,0.763096,20,0,95.75,Cao điểm Sáng,2.47
Hồ Chí Minh,,5,19.64,Ô Tô 4 Chỗ,Nhiều Mây,0.565632,0.450531,18,1,97.16,Chiều,1
Hồ Chí Minh,,2,2.05,Ô Tô 4 Chỗ,Nắng,0.802143,0.653191,17,0,90.74,Cao điểm Tối,1.35
Hải Phòng,,6,8.02,Ô Tô 4 Chỗ,Nắng,0.693417,0.940514,22,1,88.3,Đêm,1.29
Hải Phòng,,1,12.01,Ô Tô 4 Chỗ,Mưa,0.431533,0.730206,23,0,91.45,Chiều,1.56
Đà Nẵng,,4,19.75,Xe ViP,Nắng,0.917457,0.931076,10,0,94.06,Đêm,1.02
Hồ Chí Minh,,2,17.41,Xe ViP,Mưa Bão,0.656246,0.45722,2,0,93.32,Đêm,1.2
Hải Phòng,,2,14.04,Ô Tô 4 Chỗ,Nắng,0.705905,0.500529,21,0,97.62,Chiều,1
Cần Thơ,,1,0.85,Xe ViP,Mưa Bão,0.943802,0.736009,15,0,87.67,Đêm,1.22
Hồ Chí Minh,,3,19.86,Xe ViP,Mưa,0.776905,0.7213,20,0,94.97,Cao điểm Tối,2.48
Hà Nội,,2,13.06,Xe Máy,Mưa,0.784048,0.528944,8,0,95.5,Đêm,1.38
Hà Nội,,1,2.93,Ô Tô 4 Chỗ,Mưa Bão,0.546877,0.790708,22,0,86.95,Cao điểm Sáng,2.23
Hồ Chí Minh,,4,16.87,Ô Tô 4 Chỗ,Nắng,0.517931,0.725601,10,0,95.23,Cao điểm Tối,1.48
Đà Nẵng,,1,10.04,Xe Máy,Nắng,0.508343,0.685271,18,0,88.97,Đêm,1.27
Cần Thơ,,4,12.26,Ô Tô 4 Chỗ,Nắng,0.352681,0.763455,2,0,87.58,Đêm,1.62
Đà Nẵng,,5,10.15,Ô Tô 4 Chỗ,Mưa,0.629032,0.470108,20,1,87.11,Đêm,1.29
Hải Phòng,,3,16.93,Xe ViP,Nhiều Mây,0.918448,0.425397,22,0,89.64,Đêm,1
Cần Thơ,,4,9.54,Xe Máy,Mưa Bão,0.549428,0.508665,12,0,93.45,Cao điểm Tối,1.75
Hải Phòng,,5,19.26,Xe Máy,Mưa,0.892538,0.77825,14,1,87.07,Cao điểm Tối,2.09
Cần Thơ,,0,11.95,Xe Máy,Nhiều Mây,0.920405,0.726934,23,0,91.03,Chiều,1
Hồ Chí Minh,,6,4.14,Xe Máy,Mưa Bão,0.248287,0.769313,13,1,85,Cao điểm Sáng,2.4
Hồ Chí Minh,,6,10.47,Xe ViP,Nhiều Mây,0.895027,0.636197,3,1,93.48,Cao điểm Sáng,1.15
Hà Nội,,5,6.4,Xe ViP,Nhiều Mây,0.675599,0.490327,7,1,89.59,Cao điểm Tối,1.38
Hồ Chí Minh,,3,14.91,Xe Máy,Mưa Bão,0.809245,0.650921,23,0,87.45,Đêm,1.31
Hồ Chí Minh,,3,1.83,Xe Máy,Nhiều Mây,0.479951,0.646073,10,0,88.04,Đêm,1.25
Cần Thơ,,5,19.57,Xe ViP,Mưa,0.368885,0.696054,10,1,91.18,Chiều,1.72
Đà Nẵng,,1,17.5,Xe Máy,Mưa Bão,0.548547,0.865743,4,0,95.3,Đêm,1.85
Hà Nội,,4,15.39,Xe Máy,Nhiều Mây,0.599533,0.434455,18,0,92.18,Cao điểm Sáng,1.15
Hà Nội,,3,8.23,Xe ViP,Nắng,0.77512,0.605746,12,0,83.33,Cao điểm Sáng,1.19
Cần Thơ,,0,15.98,Xe Máy,Mưa Bão,0.269104,0.655493,10,0,99.27,Đêm,1.75
Cần Thơ,,5,9.79,Ô Tô 4 Chỗ,Nhiều Mây,0.840416,0.927286,8,1,96.49,Chiều,1.05
Cần Thơ,,2,12.54,Xe Máy,Mưa Bão,0.886355,0.521143,13,0,91.44,Chiều,1.17
Cần Thơ,,0,2.9,Xe Máy,Nhiều Mây,0.980738,0.877845,5,0,87.39,Cao điểm Tối,1.27
Đà Nẵng,,4,17.08,Xe Máy,Mưa Bão,0.684057,0.762624,17,0,88.72,Cao điểm Sáng,2.28
Hà Nội,,6,5,Xe ViP,Mưa,0.65933,0.696111,8,1,94.28,Đêm,1.23
Hồ Chí Minh,,0,12.08,Xe ViP,Nhiều Mây,0.351203,0.961705,11,0,93.36,Cao điểm Tối,2.06
Đà Nẵng,,5,15.41,Xe ViP,Mưa Bão,0.830888,0.916212,23,1,85.69,Cao điểm Sáng,1.92
Đà Nẵng,,0,13.94,Ô Tô 4 Chỗ,Mưa Bão,0.55102,0.953907,22,0,85.1,Đêm,1.81
Cần Thơ,,6,4.18,Xe Máy,Mưa Bão,0.813762,0.494442,5,1,97.22,Đêm,1.19
Đà Nẵng,,2,14.93,Xe ViP,Mưa,0.414922,0.677152,20,0,88.14,Cao điểm Tối,1.95
Đà Nẵng,,2,17.66,Xe ViP,Mưa,0.999341,0.950459,5,0,93.51,Đêm,1.27
Cần Thơ,,6,10.83,Ô Tô 4 Chỗ,Mưa,0.447407,0.477326,2,1,85.9,Đêm,1.22
Hồ Chí Minh,,3,7.69,Ô Tô 4 Chỗ,Nắng,0.685869,0.828337,18,0,83.94,Đêm,1.21
Hồ Chí Minh,,0,3.07,Ô Tô 4 Chỗ,Nắng,0.887622,0.681987,15,0,89.08,Chiều,1
Cần Thơ,,0,10.06,Xe ViP,Nhiều Mây,0.665874,0.433625,6,0,86.68,Chiều,1
Hà Nội,,6,13.01,Xe Máy,Nhiều Mây,0.905487,0.643959,18,1,95.88,Cao điểm Tối,1.34
Hải Phòng,,4,12.83,Xe ViP,Mưa,0.454001,0.57101,1,0,87.22,Đêm,1.43
Đà Nẵng,,4,6.28,Ô Tô 4 Chỗ,Nắng,0.733643,0.603424,15,0,96.53,Chiều,1
Cần Thơ,,6,16.58,Xe ViP,Nắng,0.245454,0.774355,14,1,91.44,Cao điểm Tối,1.8
Đà Nẵng,,3,3.28,Ô Tô 4 Chỗ,Nắng,0.485538,0.772532,17,0,95.08,Chiều,1.43
Hải Phòng,,1,10.56,Xe ViP,Nhiều Mây,0.389602,0.748871,11,0,96.58,Chiều,1.54
Hà Nội,,3,1.53,Xe Máy,Nhiều Mây,0.908097,0.896872,13,0,95.81,Đêm,1
Đà Nẵng,,3,2.76,Ô Tô 4 Chỗ,Mưa Bão,0.622652,0.696811,15,0,86.39,Chiều,1.22
Hải Phòng,,2,0.54,Xe Máy,Mưa,0.749438,0.771032,5,0,87.41,Chiều,1.33
Hà Nội,,2,13.28,Xe ViP,Nắng,0.769091,0.539227,16,0,90.04,Chiều,1
Hồ Chí Minh,,0,13.92,Ô Tô 4 Chỗ,Mưa Bão,0.295936,0.410486,12,0,98.53,Cao điểm Tối,1.92
Hà Nội,,6,12.52,Xe Máy,Nắng,0.298211,0.851288,19,1,94.79,Đêm,1.83
Hà Nội,,5,4.23,Xe Máy,Mưa,0.976149,0.411537,15,1,96.18,Chiều,1.15
Hải Phòng,,4,7.35,Ô Tô 4 Chỗ,Mưa,0.770436,0.830924,10,0,90.21,Đêm,1.31
Hải Phòng,,4,7.26,Xe ViP,Nhiều Mây,0.266829,0.497785,7,0,90.71,Cao điểm Tối,1.5
Đà Nẵng,,2,12.5,Ô Tô 4 Chỗ,Mưa,0.977454,0.774469,7,0,90.54,Cao điểm Sáng,2.47
Đà Nẵng,,6,8.8,Ô Tô 4 Chỗ,Nắng,0.918571,0.734182,7,1,93.2,Đêm,1
Cần Thơ,,4,13.73,Xe ViP,Nhiều Mây,0.600635,0.742882,23,0,95.62,Cao điểm Tối,1.54
Hà Nội,,0,4.14,Ô Tô 4 Chỗ,Nhiều Mây,0.40657,0.787482,8,0,96.61,Chiều,1.57
Hà Nội,,3,18.4,Xe Máy,Mưa,0.334857,0.532157,13,0,91.9,Cao điểm Tối,1.84
Đà Nẵng,,1,12.73,Xe ViP,Mưa,0.76712,0.592685,23,0,86.97,Đêm,1.17
Hồ Chí Minh,,4,4.52,Ô Tô 4 Chỗ,Nhiều Mây,0.838203,0.986498,8,0,83.84,Chiều,1.22
Hải Phòng,,2,12.24,Xe Máy,Nhiều Mây,0.708118,0.540427,17,0,86.82,Cao điểm Tối,1.26
Hồ Chí Minh,,2,1.51,Xe ViP,Mưa,0.612299,0.630648,20,0,85.56,Cao điểm Tối,2.16
Hồ Chí Minh,,6,15.1,Xe ViP,Nhiều Mây,0.701904,0.45036,15,1,90.79,Đêm,1
Hồ Chí Minh,,1,8.06,Ô Tô 4 Chỗ,Nắng,0.779214,0.465655,0,0,87.51,Cao điểm Tối,1.39
Hà Nội,,2,16.65,Ô Tô 4 Chỗ,Nhiều Mây,0.8616,0.949539,11,0,94.74,Đêm,1.13
Cần Thơ,,2,5.62,Xe Máy,Mưa,0.827559,0.431213,3,0,86.64,Chiều,1.32
Hải Phòng,,4,2.63,Ô Tô 4 Chỗ,Nhiều Mây,0.479948,0.566002,13,0,93.2,Cao điểm Tối,1.33
Cần Thơ,,4,10.78,Xe ViP,Mưa,0.953451,0.445112,18,0,95.32,Cao điểm Tối,1.67
Cần Thơ,,0,14,Xe ViP,Nhiều Mây,0.943626,0.46069,23,0,91.81,Cao điểm Sáng,1.18
Cần Thơ,,6,1.14,Xe Máy,Nắng,0.444115,0.400567,0,1,88.83,Cao điểm Tối,1.16
Hồ Chí Minh,,4,5.53,Xe Máy,Mưa,0.41746,0.495985,20,0,95.83,Cao điểm Tối,1.66
Hồ Chí Minh,,0,10.82,Xe ViP,Nhiều Mây,0.577159,0.497344,16,0,98.28,Cao điểm Sáng,1.35
Hà Nội,,2,3.09,Ô Tô 4 Chỗ,Mưa,0.545071,0.724,20,0,87.33,Cao điểm Sáng,2.67
Hồ Chí Minh,,0,4.47,Xe ViP,Mưa,0.406404,0.867138,6,0,96.35,Cao điểm Sáng,2.7
Hà Nội,,0,19.99,Xe ViP,Mưa Bão,0.804475,0.860577,9,0,87.64,Cao điểm Sáng,1.66
Cần Thơ,,0,15.97,Xe Máy,Nhiều Mây,0.405664,0.437183,5,0,93.87,Cao điểm Tối,1.25
Đà Nẵng,,6,13.32,Xe ViP,Nhiều Mây,0.487211,0.459389,5,1,96.72,Cao điểm Tối,1.3
Hồ Chí Minh,,3,3.26,Ô Tô 4 Chỗ,Mưa,0.937828,0.694553,9,0,94.86,Đêm,1.36
Hồ Chí Minh,,2,6.81,Ô Tô 4 Chỗ,Mưa Bão,0.642438,0.574276,10,0,98.42,Cao điểm Sáng,1.84
Hồ Chí Minh,,5,17.91,Xe ViP,Nhiều Mây,0.633342,0.581189,0,1,94.54,Đêm,1
Hồ Chí Minh,,1,4.35,Xe Máy,Mưa Bão,0.244786,0.679772,1,0,86.23,Đêm,1.96
Hà Nội,,3,17.66,Ô Tô 4 Chỗ,Nhiều Mây,0.524903,0.67579,22,0,88.63,Cao điểm Sáng,1.62
Hải Phòng,,5,4.01,Xe ViP,Nhiều Mây,0.689289,0.670291,2,1,96.47,Chiều,1
Đà Nẵng,,4,5.87,Ô Tô 4 Chỗ,Nắng,0.834312,0.681778,9,0,94.77,Chiều,1
Hà Nội,,0,18.78,Xe Máy,Mưa,0.853559,0.797949,11,0,87.98,Chiều,1.17
Hải Phòng,,4,2.88,Xe Máy,Nắng,0.372642,0.620477,2,0,87.29,Đêm,1.37
Đà Nẵng,,4,4.3,Ô Tô 4 Chỗ,Nắng,0.880086,0.913613,15,0,88.04,Cao điểm Tối,1.39
Đà Nẵng,,1,1.35,Xe Máy,Nắng,0.654303,0.539096,19,0,90.02,Chiều,1
Hồ Chí Minh,,4,19.6,Ô Tô 4 Chỗ,Mưa,0.573636,0.558891,16,0,95.59,Cao điểm Sáng,2.05
Cần Thơ,,0,18.01,Xe ViP,Nhiều Mây,0.295061,0.737072,2,0,95.7,Cao điểm Tối,1.96
Đà Nẵng,,1,9.32,Ô Tô 4 Chỗ,Nắng,0.879727,0.706337,17,0,96.31,Đêm,1
Hà Nội,,2,2.72,Ô Tô 4 Chỗ,Nhiều Mây,0.656331,0.652287,22,0,85.62,Cao điểm Sáng,1.23
Đà Nẵng,,5,8.03,Xe ViP,Nắng,0.859062,0.969294,6,1,89.05,Cao điểm Sáng,1.31
Hải Phòng,,6,17.13,Ô Tô 4 Chỗ,Nắng,0.57825,0.971186,15,1,93.9,Đêm,1.32
Cần Thơ,,1,8.09,Xe ViP,Nhiều Mây,0.410115,0.542229,5,0,91.04,Đêm,1.2
Hà Nội,,2,3.85,Ô Tô 4 Chỗ,Nắng,0.972179,0.480206,2,0,97.64,Cao điểm Sáng,1.19
Hồ Chí Minh,,1,16.97,Ô Tô 4 Chỗ,Mưa,0.233676,0.812846,15,0,96.72,Cao điểm Sáng,3.27
Cần Thơ,,6,6.49,Ô Tô 4 Chỗ,Mưa Bão,0.27639,0.911216,16,1,96.51,Đêm,2.2
Đà Nẵng,,0,8.28,Ô Tô 4 Chỗ,Nhiều Mây,0.897082,0.66557,21,0,88.37,Cao điểm Sáng,1.3
Hồ Chí Minh,,0,12.12,Xe Máy,Nắng,0.63762,0.481232,6,0,86.63,Cao điểm Sáng,1.33
Cần Thơ,,6,14.05,Xe ViP,Mưa,0.279789,0.768924,17,1,89.62,Cao điểm Sáng,3.01
Cần Thơ,,6,19.92,Xe ViP,Nắng,0.615436,0.505708,18,1,97.33,Cao điểm Sáng,1.04
Hải Phòng,,6,19.16,Ô Tô 4 Chỗ,Mưa Bão,0.591989,0.802214,18,1,89.34,Chiều,1.71
Hồ Chí Minh,,3,6.9,Xe Máy,Mưa,0.818715,0.775972,15,0,91.72,Đêm,1.14
Hồ Chí Minh,,6,15.91,Xe ViP,Nhiều Mây,0.930646,0.780244,23,1,90.83,Cao điểm Tối,1.19
Hải Phòng,,3,11.64,Xe ViP,Mưa Bão,0.302155,0.902456,6,0,88.11,Cao điểm Sáng,2.92
Hải Phòng,,6,7.86,Xe Máy,Nhiều Mây,0.306809,0.647693,0,1,91.69,Chiều,1.44
Cần Thơ,,5,19.27,Xe Máy,Nhiều Mây,0.900602,0.553833,18,1,95.21,Đêm,1
Hải Phòng,,4,16.2,Xe ViP,Nhiều Mây,0.846089,0.467426,18,0,96.51,Đêm,1
Hà Nội,,5,11.07,Ô Tô 4 Chỗ,Nhiều Mây,0.678743,0.438533,3,1,97.38,Cao điểm Tối,1.32
Hải Phòng,,5,15.48,Xe Máy,Mưa,0.497546,0.798526,8,1,89.64,Cao điểm Tối,2.48
Hải Phòng,,1,8.74,Ô Tô 4 Chỗ,Nhiều Mây,0.201386,0.673035,22,0,92.05,Đêm,1.71
Hồ Chí Minh,,3,11.39,Xe Máy,Nắng,0.23433,0.418436,23,0,97.68,Chiều,1.28
Hải Phòng,,0,18.85,Xe ViP,Nhiều Mây,0.742151,0.458372,9,0,87.1,Cao điểm Sáng,1.39
Cần Thơ,,5,10.3,Xe Máy,Mưa Bão,0.246831,0.876308,2,1,85.04,Cao điểm Tối,3.27
Hồ Chí Minh,,6,5.69,Xe ViP,Mưa Bão,0.360417,0.403211,5,1,92.93,Đêm,1.34
Đà Nẵng,,6,16.44,Xe Máy,Mưa Bão,0.565172,0.843451,19,1,94.76,Chiều,1.64
Đà Nẵng,,0,14.92,Xe ViP,Nhiều Mây,0.744807,0.741279,20,0,93.69,Cao điểm Tối,1.15
Cần Thơ,,2,8.93,Ô Tô 4 Chỗ,Mưa Bão,0.847529,0.55695,5,0,85.59,Đêm,1.35
Hà Nội,,3,6.25,Xe ViP,Mưa Bão,0.601322,0.809553,7,0,93,Cao điểm Tối,2.45
Hồ Chí Minh,,1,1.47,Xe ViP,Nắng,0.384751,0.450583,2,0,88.03,Đêm,1.1
Hải Phòng,,6,5.84,Xe ViP,Mưa Bão,0.410129,0.964784,10,1,88.7,Chiều,1.96
Hà Nội,,0,8.42,Ô Tô 4 Chỗ,Mưa Bão,0.258346,0.819985,21,0,95.74,Chiều,2.06
Hà Nội,,2,4.93,Xe ViP,Mưa,0.872869,0.617142,9,0,87.74,Cao điểm Tối,2.05
Hồ Chí Minh,,6,7.39,Ô Tô 4 Chỗ,Mưa,0.589983,0.470307,6,1,90.98,Cao điểm Sáng,2.33
Hải Phòng,,0,9.12,Ô Tô 4 Chỗ,Nắng,0.944429,0.734555,5,0,88.31,Chiều,1
Đà Nẵng,,1,5.41,Xe Máy,Mưa Bão,0.897233,0.617846,0,0,95.66,Cao điểm Sáng,2.15
Cần Thơ,,3,0.61,Xe ViP,Mưa Bão,0.835989,0.964073,2,0,97.22,Đêm,1.33
Đà Nẵng,,1,9.12,Ô Tô 4 Chỗ,Nhiều Mây,0.319957,0.405461,3,0,88.91,Cao điểm Tối,1.51
Cần Thơ,,3,14.02,Ô Tô 4 Chỗ,Mưa,0.401967,0.815348,1,0,94.83,Chiều,1.74
Hồ Chí Minh,,6,6.13,Xe Máy,Nhiều Mây,0.341144,0.994803,2,1,87.77,Đêm,1.98
Hải Phòng,,5,17.77,Xe ViP,Nhiều Mây,0.477986,0.919579,5,1,94.06,Đêm,1.58
Hồ Chí Minh,,4,3.16,Xe ViP,Nhiều Mây,0.382335,0.653493,18,0,89.79,Cao điểm Sáng,1.78
Hải Phòng,,6,12.22,Xe ViP,Nắng,0.317614,0.42883,0,1,94.49,Cao điểm Tối,1.26
Hải Phòng,,2,2.78,Ô Tô 4 Chỗ,Mưa,0.871367,0.690163,12,0,93.35,Cao điểm Tối,2.22
Đà Nẵng,,1,12.36,Ô Tô 4 Chỗ,Mưa,0.852889,0.997806,23,0,98.36,Cao điểm Tối,2.16
Hải Phòng,,0,6.97,Xe Máy,Nắng,0.364825,0.987178,5,0,93.93,Cao điểm Sáng,2.14
Hà Nội,,5,4.23,Xe ViP,Nhiều Mây,0.904171,0.878526,0,1,89.28,Chiều,1
Hồ Chí Minh,,2,11.35,Xe ViP,Mưa,0.768528,0.543718,3,0,89.36,Cao điểm Tối,2.06
Cần Thơ,,2,5.95,Xe Máy,Mưa,0.323629,0.438793,9,0,88.86,Đêm,1.41
Hà Nội,,4,1.99,Xe Máy,Mưa,0.368443,0.802731,19,0,85.74,Đêm,1.98
Hải Phòng,,4,15.27,Ô Tô 4 Chỗ,Mưa,0.438782,0.586424,17,0,98.94,Chiều,1.56
Hà Nội,,0,4.76,Ô Tô 4 Chỗ,Mưa,0.426895,0.459645,10,0,94.32,Chiều,1.26
Cần Thơ,,5,10.52,Xe ViP,Mưa,0.681863,0.879945,9,1,86.44,Cao điểm Sáng,2.52
Đà Nẵng,,4,4.42,Ô Tô 4 Chỗ,Mưa,0.239949,0.839245,6,0,95.04,Cao điểm Sáng,2.48
Đà Nẵng,,4,3.42,Xe ViP,Mưa Bão,0.370518,0.64853,3,0,97.92,Cao điểm Tối,2.17
Hồ Chí Minh,,6,14.46,Ô Tô 4 Chỗ,Mưa Bão,0.645828,0.643111,14,1,87.62,Cao điểm Tối,1.89
Hải Phòng,,3,14.75,Xe ViP,Nhiều Mây,0.355662,0.796497,22,0,94.63,Chiều,1.66
Cần Thơ,,2,9.97,Xe ViP,Mưa,0.414112,0.729682,7,0,93.01,Đêm,1.61
Hồ Chí Minh,,1,9.25,Xe Máy,Nhiều Mây,0.920243,0.428103,0,0,93.65,Cao điểm Tối,1.15
Đà Nẵng,,3,9.83,Ô Tô 4 Chỗ,Mưa,0.328812,0.80653,5,0,93.45,Cao điểm Tối,2.55
Hồ Chí Minh,,5,8.53,Xe Máy,Mưa Bão,0.718624,0.707845,18,1,92.41,Chiều,1.25
Hải Phòng,,1,8.4,Ô Tô 4 Chỗ,Nắng,0.856282,0.992547,4,0,89.93,Đêm,1.2
Hà Nội,,4,3.28,Ô Tô 4 Chỗ,Mưa,0.992832,0.644549,16,0,94.38,Cao điểm Tối,2.28
Hải Phòng,,3,8.15,Xe Máy,Mưa Bão,0.97349,0.703219,6,0,90.31,Cao điểm Tối,2.37
Đà Nẵng,,6,3.54,Xe Máy,Mưa Bão,0.230123,0.454725,15,1,95.5,Cao điểm Sáng,2.38
Cần Thơ,,1,1.28,Xe ViP,Mưa,0.885835,0.797034,13,0,86.86,Đêm,1.2
Đà Nẵng,,5,10.05,Ô Tô 4 Chỗ,Nắng,0.944873,0.457148,14,1,90.87,Cao điểm Tối,1.06
Hải Phòng,,2,4.45,Xe Máy,Nhiều Mây,0.668243,0.512116,5,0,92.37,Cao điểm Tối,1.4
Hồ Chí Minh,,5,16.73,Ô Tô 4 Chỗ,Nắng,0.67893,0.896685,6,1,87.21,Cao điểm Sáng,1.62
Hồ Chí Minh,,5,10.06,Ô Tô 4 Chỗ,Mưa,0.516651,0.582544,1,1,91.99,Cao điểm Tối,2.39
Hà Nội,,1,1.07,Xe Máy,Mưa Bão,0.921734,0.783468,11,0,91.47,Đêm,1.17
Cần Thơ,,6,18.05,Xe ViP,Mưa,0.825086,0.695053,20,1,92.55,Cao điểm Sáng,1.65
Hải Phòng,,5,12.52,Ô Tô 4 Chỗ,Nắng,0.304317,0.877843,18,1,88.34,Chiều,1.81
Cần Thơ,,5,1.72,Xe Máy,Mưa,0.780925,0.59112,7,1,94.02,Đêm,1.21
Hải Phòng,,0,4.57,Ô Tô 4 Chỗ,Mưa Bão,0.983261,0.9907,17,0,94.19,Chiều,1.32
Cần Thơ,,4,16.64,Ô Tô 4 Chỗ,Nhiều Mây,0.996559,0.56135,19,0,89.44,Cao điểm Sáng,1.28
Hồ Chí Minh,,4,16,Xe Máy,Nắng,0.778403,0.821653,23,0,92.82,Chiều,1.06
Hải Phòng,,0,7.97,Xe ViP,Nhiều Mây,0.884314,0.815336,15,0,88.05,Chiều,1
Cần Thơ,,4,2.75,Ô Tô 4 Chỗ,Mưa Bão,0.3284,0.724422,7,0,94.9,Cao điểm Tối,2.82
Hồ Chí Minh,,6,19.47,Xe ViP,Mưa Bão,0.796137,0.447114,21,1,85.56,Chiều,1.37
Hải Phòng,,5,16.97,Xe ViP,Nắng,0.381693,0.907045,2,1,92.28,Chiều,1.75
Hà Nội,,3,2.76,Xe Máy,Mưa,0.776425,0.844248,12,0,87.87,Cao điểm Tối,2.34
Hải Phòng,,1,14.74,Xe ViP,Nhiều Mây,0.968094,0.804216,12,0,95.4,Chiều,1
Đà Nẵng,,4,5.01,Xe ViP,Nhiều Mây,0.694446,0.70083,6,0,83.19,Cao điểm Tối,1.18
Hải Phòng,,5,2.74,Xe ViP,Mưa Bão,0.71296,0.945987,23,1,96.54,Chiều,1.72
Hà Nội,,1,6.27,Xe Máy,Nắng,0.961991,0.741214,9,0,95.13,Đêm,1
Hồ Chí Minh,,6,12.34,Xe ViP,Mưa Bão,0.66453,0.769546,10,1,86.87,Đêm,1.46
Đà Nẵng,,6,15.15,Xe Máy,Mưa,0.730487,0.460813,3,1,95.9,Chiều,1.27
Đà Nẵng,,2,19.24,Ô Tô 4 Chỗ,Mưa Bão,0.400491,0.498337,4,0,95.21,Chiều,1.42
Hải Phòng,,3,5.01,Xe ViP,Nhiều Mây,0.760845,0.688087,15,0,97.96,Chiều,1
Hồ Chí Minh,,1,8.64,Xe Máy,Nhiều Mây,0.481627,0.919561,0,0,83.78,Đêm,1.66
Hà Nội,,6,5.75,Xe Máy,Mưa,0.289415,0.561846,15,1,85.69,Chiều,1.51
Hải Phòng,,0,6.41,Ô Tô 4 Chỗ,Nắng,0.524898,0.682334,21,0,97.27,Cao điểm Tối,1.51
Cần Thơ,,5,16.75,Ô Tô 4 Chỗ,Nắng,0.991978,0.692572,5,1,93.79,Cao điểm Sáng,1.06
Cần Thơ,,6,7.9,Ô Tô 4 Chỗ,Nắng,0.439306,0.821562,4,1,87.58,Cao điểm Sáng,1.77
Đà Nẵng,,6,13.6,Ô Tô 4 Chỗ,Nắng,0.652996,0.765147,3,1,87.84,Chiều,1.13
Cần Thơ,,1,18.54,Ô Tô 4 Chỗ,Nhiều Mây,0.291123,0.590495,0,0,94.14,Cao điểm Tối,1.57
Cần Thơ,,2,11.64,Xe ViP,Mưa Bão,0.209872,0.882823,12,0,89.76,Đêm,2.23
Hải Phòng,,2,3.1,Xe ViP,Nắng,0.986161,0.64958,3,0,97.3,Chiều,1
Hồ Chí Minh,,5,0.62,Xe ViP,Nắng,0.770102,0.579517,23,1,97.29,Chiều,1
Hồ Chí Minh,,4,11.93,Xe ViP,Nắng,0.266131,0.4358,20,0,87.25,Đêm,1.25
Cần Thơ,,6,16.18,Xe ViP,Nắng,0.220782,0.748135,1,1,89.09,Cao điểm Tối,1.69
Đà Nẵng,,2,12.76,Xe Máy,Nhiều Mây,0.9754,0.912663,7,0,86.27,Cao điểm Tối,1.17
Hồ Chí Minh,,4,8.21,Xe Máy,Mưa Bão,0.659848,0.59888,7,0,96.74,Chiều,1.13
Đà Nẵng,,6,13.9,Ô Tô 4 Chỗ,Mưa Bão,0.218619,0.97882,19,1,87.22,Cao điểm Sáng,2.73
Hải Phòng,,3,7.26,Ô Tô 4 Chỗ,Nắng,0.675092,0.45459,23,0,92.68,Đêm,1
Hải Phòng,,3,18.04,Ô Tô 4 Chỗ,Mưa,0.763375,0.939652,23,0,94.43,Cao điểm Tối,2.14
Đà Nẵng,,2,19.42,Xe Máy,Nhiều Mây,0.969552,0.417891,11,0,86.18,Cao điểm Tối,1.21
Hồ Chí Minh,,5,16.72,Xe ViP,Mưa,0.383829,0.882846,15,1,89.79,Chiều,2.05
Hà Nội,,3,1.38,Ô Tô 4 Chỗ,Mưa Bão,0.232256,0.770093,22,0,93.04,Cao điểm Tối,2.73
Hồ Chí Minh,,0,6.49,Xe ViP,Mưa Bão,0.434185,0.660043,12,0,94.02,Cao điểm Sáng,2.15
Hồ Chí Minh,,3,14.41,Ô Tô 4 Chỗ,Nhiều Mây,0.838079,0.826977,12,0,88.06,Đêm,1
Hải Phòng,,2,0.8,Xe ViP,Nhiều Mây,0.651204,0.499888,11,0,84.73,Chiều,1
Hà Nội,,5,11.42,Ô Tô 4 Chỗ,Nhiều Mây,0.421949,0.473251,23,1,91.04,Cao điểm Sáng,1.19
Đà Nẵng,,3,11.02,Xe Máy,Nắng,0.467548,0.589701,6,0,91.49,Đêm,1.18
Hồ Chí Minh,,6,19.7,Ô Tô 4 Chỗ,Nắng,0.332172,0.479901,2,1,93.17,Cao điểm Tối,1.47
Cần Thơ,,0,9.41,Xe ViP,Nắng,0.59027,0.723435,8,0,94.82,Đêm,1.2
Hồ Chí Minh,,5,11.22,Xe ViP,Nhiều Mây,0.938241,0.869638,15,1,89.4,Cao điểm Sáng,1.21
Hồ Chí Minh,,5,5.75,Xe ViP,Mưa Bão,0.88732,0.588493,1,1,98.18,Cao điểm Tối,2.08
Đà Nẵng,,3,13.84,Ô Tô 4 Chỗ,Mưa,0.94241,0.481755,23,0,97.15,Cao điểm Tối,1.78
Hải Phòng,,5,11.89,Xe Máy,Mưa Bão,0.246537,0.452322,5,1,96.54,Cao điểm Sáng,2.46
Hải Phòng,,6,9.04,Xe Máy,Nắng,0.39877,0.691215,2,1,85.03,Đêm,1.34
Cần Thơ,,3,4.06,Ô Tô 4 Chỗ,Nhiều Mây,0.364495,0.988895,23,0,99.05,Chiều,1.94
Cần Thơ,,1,8.67,Xe ViP,Mưa Bão,0.76577,0.735911,11,0,95.67,Chiều,1.35
Cần Thơ,,3,18.43,Ô Tô 4 Chỗ,Nhiều Mây,0.924658,0.543013,5,0,84.75,Cao điểm Sáng,1.22
Hồ Chí Minh,,0,2.06,Xe ViP,Mưa Bão,0.761925,0.866459,13,0,98.09,Cao điểm Tối,2.63
Cần Thơ,,1,5.55,Ô Tô 4 Chỗ,Mưa,0.919109,0.699013,4,0,84.76,Cao điểm Tối,2.1
Đà Nẵng,,3,8.96,Xe ViP,Nhiều Mây,0.87915,0.605449,6,0,86.82,Cao điểm Sáng,1.27
Hồ Chí Minh,,6,4.77,Xe ViP,Mưa Bão,0.596544,0.469969,2,1,84.23,Đêm,1.32
Đà Nẵng,,2,3.11,Xe ViP,Nhiều Mây,0.481545,0.756922,15,0,96.51,Cao điểm Tối,1.8
Cần Thơ,,4,0.8,Ô Tô 4 Chỗ,Mưa,0.743185,0.497085,0,0,86.62,Chiều,1.32
Hà Nội,,4,19.84,Ô Tô 4 Chỗ,Nắng,0.862926,0.863481,5,0,89.15,Cao điểm Sáng,1.27
Cần Thơ,,3,8.56,Xe Máy,Nắng,0.249356,0.98485,22,0,99.66,Chiều,2.1
Cần Thơ,,0,4.21,Xe ViP,Mưa Bão,0.72787,0.500478,8,0,99.06,Cao điểm Tối,1.69
Cần Thơ,,6,10.3,Xe ViP,Mưa,0.959278,0.668969,16,1,92.94,Chiều,1.22
Đà Nẵng,,0,19.85,Xe Máy,Mưa,0.638743,0.631251,7,0,91.19,Chiều,1.12
Đà Nẵng,,0,1.84,Ô Tô 4 Chỗ,Mưa Bão,0.420607,0.500425,19,0,85.95,Cao điểm Sáng,1.66
Hải Phòng,,0,5.64,Ô Tô 4 Chỗ,Mưa Bão,0.243825,0.833118,22,0,92.07,Cao điểm Tối,2.91
Hồ Chí Minh,,6,12.98,Xe ViP,Mưa,0.61603,0.96769,16,1,92.12,Cao điểm Sáng,2.97
Cần Thơ,,3,19.14,Ô Tô 4 Chỗ,Mưa,0.932692,0.469284,17,0,93.14,Đêm,1.35
Hồ Chí Minh,,2,1.99,Xe Máy,Mưa,0.542477,0.79104,9,0,98.07,Cao điểm Sáng,2.13
Hải Phòng,,6,18.38,Xe Máy,Mưa,0.616497,0.632909,8,1,95.46,Chiều,1.38
Hà Nội,,5,15.5,Ô Tô 4 Chỗ,Mưa,0.84433,0.856154,21,1,93.88,Cao điểm Sáng,2.13
Hải Phòng,,3,13.92,Xe Máy,Nhiều Mây,0.643615,0.879873,23,0,91.58,Cao điểm Tối,1.58
Đà Nẵng,,1,13.19,Xe Máy,Mưa,0.999451,0.824128,3,0,94.79,Cao điểm Tối,1.92
Hà Nội,,5,2.82,Ô Tô 4 Chỗ,Mưa Bão,0.668866,0.720058,7,1,88.84,Đêm,1.42
Cần Thơ,,3,7.76,Xe Máy,Nhiều Mây,0.448006,0.942449,10,0,90.36,Cao điểm Sáng,1.95
Đà Nẵng,,5,11.49,Xe ViP,Mưa Bão,0.51831,0.893092,18,1,95.18,Cao điểm Sáng,2.28
Hồ Chí Minh,,2,1.01,Ô Tô 4 Chỗ,Nhiều Mây,0.636203,0.685278,23,0,89.49,Đêm,1.07
Hải Phòng,,4,3.93,Xe Máy,Nắng,0.425365,0.686873,18,0,97.54,Chiều,1.39
Đà Nẵng,,6,1.61,Xe ViP,Mưa Bão,0.481138,0.452898,12,1,83.92,Cao điểm Tối,2.27
Hồ Chí Minh,,0,8.6,Xe Máy,Mưa Bão,0.526717,0.42802,20,0,98.47,Cao điểm Sáng,1.66
Hồ Chí Minh,,6,10.82,Xe ViP,Nhiều Mây,0.922156,0.728045,17,1,91.45,Chiều,1
Hải Phòng,,3,15.03,Ô Tô 4 Chỗ,Mưa Bão,0.755516,0.742565,22,0,94.96,Đêm,1.24
Hồ Chí Minh,,4,16.81,Xe Máy,Mưa,0.767662,0.88644,5,0,86.04,Chiều,1.43
Cần Thơ,,3,8.87,Xe ViP,Nhiều Mây,0.449669,0.534848,21,0,95.43,Cao điểm Sáng,1.34
Hà Nội,,4,0.76,Xe ViP,Nhiều Mây,0.851912,0.4724,17,0,87.57,Chiều,1
Hải Phòng,,1,0.59,Xe ViP,Mưa Bão,0.885445,0.479052,23,0,95.02,Đêm,1.19
Hà Nội,,6,6.55,Xe ViP,Mưa,0.892829,0.409092,17,1,90.12,Chiều,1.15
Đà Nẵng,,4,8.3,Xe ViP,Nhiều Mây,0.398548,0.931606,12,0,93.09,Đêm,1.8
Hà Nội,,6,8.16,Xe ViP,Mưa,0.868439,0.663069,9,1,91.65,Cao điểm Sáng,2.41
Cần Thơ,,5,10.68,Ô Tô 4 Chỗ,Mưa Bão,0.413603,0.417758,20,1,98.2,Cao điểm Tối,2.01
Cần Thơ,,4,3.18,Ô Tô 4 Chỗ,Nhiều Mây,0.349639,0.460957,13,0,97.05,Cao điểm Tối,1.28
Hồ Chí Minh,,3,19.71,Xe ViP,Mưa Bão,0.73489,0.737265,16,0,85.91,Đêm,1.1
Đà Nẵng,,6,8.79,Xe Máy,Mưa Bão,0.606593,0.855006,7,1,88.43,Đêm,1.74
Hải Phòng,,0,3.31,Ô Tô 4 Chỗ,Mưa,0.200075,0.602413,11,0,90.03,Cao điểm Tối,2.87
Hải Phòng,,0,18.92,Xe Máy,Mưa Bão,0.23394,0.931944,2,0,85.18,Đêm,2.27
Hải Phòng,,6,12.24,Xe ViP,Nhiều Mây,0.366405,0.69391,23,1,94.78,Cao điểm Tối,1.48
Cần Thơ,,0,10.75,Xe ViP,Nhiều Mây,0.609399,0.921621,6,0,91.66,Cao điểm Tối,1.69
Hồ Chí Minh,,6,6.14,Xe ViP,Nhiều Mây,0.4932,0.569051,5,1,87.59,Cao điểm Sáng,1.51
Hồ Chí Minh,,1,3.11,Ô Tô 4 Chỗ,Nắng,0.615175,0.882304,10,0,89.37,Cao điểm Tối,1.51
Cần Thơ,,4,4.01,Ô Tô 4 Chỗ,Mưa,0.661003,0.549756,19,0,91.07,Cao điểm Tối,1.7
Hải Phòng,,2,2.83,Xe ViP,Nhiều Mây,0.794079,0.571313,3,0,89.45,Cao điểm Sáng,1.37
Đà Nẵng,,1,2.54,Ô Tô 4 Chỗ,Nhiều Mây,0.329968,0.923559,4,0,91.3,Cao điểm Sáng,2.26
Cần Thơ,,2,8.19,Xe Máy,Mưa,0.923394,0.656627,12,0,95.93,Chiều,1.13
Đà Nẵng,,0,5.49,Ô Tô 4 Chỗ,Mưa Bão,0.508537,0.599206,2,0,93.59,Chiều,1.49
Hà Nội,,4,12.78,Xe Máy,Mưa Bão,0.506947,0.666931,8,0,86.51,Chiều,1.36
Đà Nẵng,,6,14.04,Ô Tô 4 Chỗ,Mưa Bão,0.974857,0.946723,10,1,97.84,Cao điểm Tối,2.42
Hải Phòng,,6,10.49,Xe ViP,Mưa Bão,0.760934,0.876405,12,1,90.1,Đêm,1.3
Cần Thơ,,4,7.64,Xe ViP,Mưa Bão,0.574944,0.921346,2,0,90.06,Chiều,1.68
Hồ Chí Minh,,5,5.34,Ô Tô 4 Chỗ,Nắng,0.357371,0.781492,0,1,93.1,Chiều,1.64
Đà Nẵng,,0,10.66,Xe Máy,Mưa Bão,0.499774,0.945592,14,0,92.78,Cao điểm Tối,2.89
Cần Thơ,,3,15.57,Xe ViP,Nhiều Mây,0.540861,0.453305,14,0,88.51,Đêm,1
Hà Nội,,3,19.66,Xe ViP,Nhiều Mây,0.876884,0.599633,18,0,84.91,Chiều,1
Hồ Chí Minh,,1,5.59,Xe Máy,Mưa,0.404073,0.453826,7,0,84.7,Cao điểm Sáng,1.71
Đà Nẵng,,6,14.83,Xe Máy,Mưa,0.969866,0.426193,13,1,91.85,Chiều,1.23
Hải Phòng,,4,10.02,Xe Máy,Nắng,0.983504,0.524104,18,0,95.45,Cao điểm Tối,1.38
Hải Phòng,,4,9.41,Xe ViP,Mưa,0.952817,0.60697,19,0,86.12,Cao điểm Sáng,2.26
Cần Thơ,,1,10.7,Xe Máy,Mưa Bão,0.676649,0.663721,18,0,96.66,Chiều,1.31
Hồ Chí Minh,,4,14.78,Xe Máy,Mưa,0.293443,0.616991,17,0,87.47,Cao điểm Tối,2.64
Hồ Chí Minh,,2,5.93,Xe ViP,Mưa Bão,0.97858,0.533089,7,0,91.79,Cao điểm Tối,2.3
Hồ Chí Minh,,5,11.38,Ô Tô 4 Chỗ,Nắng,0.735514,0.874129,5,1,85.07,Chiều,1.21
Hải Phòng,,4,16.17,Xe Máy,Nắng,0.799707,0.665048,16,0,88.98,Đêm,1
Cần Thơ,,6,8.49,Xe ViP,Mưa,0.883004,0.580416,9,1,87.92,Chiều,1.27
Hà Nội,,1,17.83,Ô Tô 4 Chỗ,Mưa,0.235409,0.575835,16,0,93.77,Đêm,1.78
Hải Phòng,,1,3.59,Xe Máy,Mưa,0.870569,0.981276,18,0,84.99,Cao điểm Sáng,2.58
Hải Phòng,,3,1.18,Ô Tô 4 Chỗ,Mưa,0.368028,0.927006,0,0,94.21,Đêm,2.08
Hải Phòng,,2,6.15,Ô Tô 4 Chỗ,Mưa,0.76247,0.893812,17,0,89.84,Cao điểm Tối,2.53
Đà Nẵng,,4,4.36,Ô Tô 4 Chỗ,Nắng,0.936099,0.635309,16,0,91.29,Cao điểm Tối,1.28
Hà Nội,,5,9.95,Ô Tô 4 Chỗ,Nắng,0.350055,0.415645,6,1,95.04,Đêm,1.1
Hà Nội,,1,18.92,Ô Tô 4 Chỗ,Nhiều Mây,0.446287,0.892084,13,0,95.9,Cao điểm Sáng,1.77
Hồ Chí Minh,,5,17.99,Xe ViP,Nắng,0.612939,0.959504,23,1,90.52,Cao điểm Sáng,1.79
Đà Nẵng,,0,12.98,Ô Tô 4 Chỗ,Mưa Bão,0.724184,0.550165,12,0,96.15,Cao điểm Sáng,1.9
Hồ Chí Minh,,1,10.64,Xe Máy,Mưa,0.429408,0.77407,8,0,98.7,Đêm,1.87
Đà Nẵng,,5,3.36,Ô Tô 4 Chỗ,Mưa,0.269425,0.6738,6,1,93.57,Chiều,1.91
Hồ Chí Minh,,6,1.45,Ô Tô 4 Chỗ,Nắng,0.317772,0.735973,22,1,89.46,Chiều,1.63
Đà Nẵng,,4,18.79,Ô Tô 4 Chỗ,Mưa,0.891559,0.823482,19,0,85.15,Chiều,1.35
Cần Thơ,,3,8.05,Xe ViP,Nhiều Mây,0.340416,0.914762,11,0,89.89,Đêm,1.86
Hải Phòng,,1,5.19,Xe ViP,Mưa,0.345164,0.456762,14,0,86.78,Cao điểm Sáng,2.51
Cần Thơ,,5,2.23,Xe ViP,Mưa Bão,0.640018,0.985037,21,1,98.31,Chiều,1.84
Hải Phòng,,6,11.65,Ô Tô 4 Chỗ,Mưa Bão,0.526888,0.837501,4,1,88.36,Đêm,1.71
Đà Nẵng,,3,9.77,Xe ViP,Mưa Bão,0.752526,0.892226,6,0,92.78,Đêm,1.53
Cần Thơ,,3,12.03,Xe Máy,Nhiều Mây,0.526926,0.730314,16,0,87.66,Chiều,1.31
Đà Nẵng,,1,13.03,Xe Máy,Nắng,0.494778,0.782382,4,0,88.15,Đêm,1.43
Hồ Chí Minh,,1,12.18,Xe Máy,Mưa Bão,0.564495,0.542772,15,0,88.59,Cao điểm Tối,2.41
Đà Nẵng,,2,17.51,Xe ViP,Mưa Bão,0.418856,0.603128,2,0,90.01,Chiều,1.44
Hà Nội,,2,6.34,Xe ViP,Nhiều Mây,0.801208,0.976356,14,0,84.16,Đêm,1.26
Cần Thơ,,6,18.93,Ô Tô 4 Chỗ,Mưa,0.733533,0.713707,9,1,90.4,Cao điểm Tối,2.1
Hà Nội,,5,7.86,Ô Tô 4 Chỗ,Nắng,0.579491,0.404908,11,1,93.06,Cao điểm Sáng,1.32
Hải Phòng,,5,19.18,Ô Tô 4 Chỗ,Mưa,0.343019,0.668388,16,1,94.21,Chiều,1.66
Hải Phòng,,2,7.74,Ô Tô 4 Chỗ,Nắng,0.916071,0.633301,13,0,86.52,Chiều,1
Cần Thơ,,1,8.86,Xe ViP,Nắng,0.474789,0.884886,11,0,91.25,Cao điểm Tối,1.93
Hà Nội,,1,17.68,Xe Máy,Nhiều Mây,0.505953,0.851955,7,0,96.09,Cao điểm Sáng,1.8
Hà Nội,,1,18.54,Ô Tô 4 Chỗ,Mưa,0.405992,0.920013,14,0,89.28,Cao điểm Sáng,2.88
Hồ Chí Minh,,2,9.63,Xe Máy,Nắng,0.765033,0.405983,13,0,90.1,Đêm,1
Cần Thơ,,3,7.63,Xe Máy,Mưa,0.368844,0.419483,6,0,99.45,Chiều,1.24
Hồ Chí Minh,,4,15.79,Xe ViP,Nắng,0.431697,0.920278,14,0,93.94,Cao điểm Tối,2.03
Hà Nội,,0,6.93,Ô Tô 4 Chỗ,Mưa,0.895382,0.575706,0,0,87.88,Cao điểm Tối,1.9
Hải Phòng,,6,6.83,Ô Tô 4 Chỗ,Mưa Bão,0.588335,0.922215,9,1,83.52,Cao điểm Sáng,2.27
Hồ Chí Minh,,2,18.72,Xe ViP,Mưa Bão,0.505501,0.614063,19,0,87.26,Cao điểm Sáng,1.89
Hồ Chí Minh,,1,15.35,Xe ViP,Mưa,0.278382,0.946272,8,0,83.45,Chiều,2.28
Hồ Chí Minh,,1,18.92,Xe Máy,Mưa,0.295265,0.63061,17,0,86.31,Đêm,1.71
Hà Nội,,5,7.93,Xe ViP,Mưa Bão,0.89375,0.664804,15,1,88.33,Chiều,1.29
Đà Nẵng,,5,11.17,Xe ViP,Nắng,0.811532,0.588549,19,1,96.23,Cao điểm Sáng,1.07
Cần Thơ,,3,13.74,Xe Máy,Mưa,0.675063,0.471507,8,0,85.85,Chiều,1.17
Hải Phòng,,5,18.33,Xe ViP,Mưa Bão,0.96136,0.916989,16,1,92.52,Cao điểm Tối,1.66
Hải Phòng,,5,5.3,Ô Tô 4 Chỗ,Nắng,0.508875,0.523107,12,1,96.86,Cao điểm Tối,1.02
Hà Nội,,2,6.45,Ô Tô 4 Chỗ,Mưa Bão,0.241793,0.658475,4,0,96.13,Cao điểm Sáng,3.03
Hải Phòng,,0,1.38,Ô Tô 4 Chỗ,Nhiều Mây,0.702507,0.486807,1,0,95.78,Đêm,1
Hải Phòng,,3,1.53,Xe ViP,Mưa,0.807079,0.59523,9,0,95.15,Cao điểm Tối,2.36
Hà Nội,,1,6.71,Xe ViP,Nắng,0.427667,0.418558,5,0,97.76,Cao điểm Sáng,1.34
Hải Phòng,,4,1.51,Xe Máy,Nắng,0.253854,0.457593,10,0,97.79,Đêm,1.31
Hải Phòng,,6,4.07,Xe ViP,Nhiều Mây,0.610524,0.947195,8,1,85.42,Chiều,1.38
Cần Thơ,,4,16.08,Ô Tô 4 Chỗ,Nắng,0.73426,0.648866,8,0,85.9,Cao điểm Tối,1.26
Đà Nẵng,,2,17.03,Ô Tô 4 Chỗ,Mưa Bão,0.324897,0.68494,2,0,94.4,Chiều,1.81
Cần Thơ,,5,9.6,Xe ViP,Mưa Bão,0.371137,0.593559,16,1,86.96,Chiều,1.63
Cần Thơ,,5,0.85,Ô Tô 4 Chỗ,Mưa,0.56465,0.494761,3,1,87.39,Cao điểm Tối,2.28
Cần Thơ,,3,14.44,Xe ViP,Mưa Bão,0.926806,0.66613,1,0,94.41,Cao điểm Tối,2.25
Hồ Chí Minh,,2,4.33,Xe ViP,Nắng,0.383498,0.988856,10,0,94.69,Cao điểm Tối,2.24
Cần Thơ,,5,2.21,Xe Máy,Nhiều Mây,0.302817,0.823495,8,1,91.56,Cao điểm Tối,2.01
Hải Phòng,,1,4.4,Xe Máy,Nhiều Mây,0.987915,0.496582,19,0,94.58,Cao điểm Tối,1.29
Hà Nội,,2,3.47,Xe ViP,Nắng,0.489798,0.809712,15,0,92.09,Chiều,1.48
Đà Nẵng,,3,1.8,Xe Máy,Mưa Bão,0.629219,0.566162,21,0,92.56,Đêm,1.18
Hồ Chí Minh,,0,18.27,Ô Tô 4 Chỗ,Mưa Bão,0.546895,0.402896,10,0,86.61,Cao điểm Tối,2.23
Hải Phòng,,2,15.77,Xe ViP,Nắng,0.559653,0.605246,19,0,97.69,Cao điểm Sáng,1.29
Đà Nẵng,,1,5.02,Xe ViP,Mưa Bão,0.384794,0.736921,22,0,95.23,Cao điểm Tối,2.47
Hồ Chí Minh,,5,19.37,Xe Máy,Mưa,0.883176,0.784739,13,1,87.89,Cao điểm Tối,2.28
Cần Thơ,,4,8.68,Xe Máy,Mưa,0.807851,0.507134,11,0,96.17,Cao điểm Tối,2.27
Đà Nẵng,,6,1.65,Xe Máy,Nhiều Mây,0.465072,0.869373,12,1,84.73,Cao điểm Tối,1.8
Hải Phòng,,0,9.73,Xe Máy,Nhiều Mây,0.491528,0.730635,18,0,88.27,Cao điểm Tối,1.74
Hồ Chí Minh,,1,5.52,Xe Máy,Nắng,0.821464,0.731167,20,0,94.34,Đêm,1
Đà Nẵng,,3,19.14,Ô Tô 4 Chỗ,Mưa,0.569011,0.687375,13,0,86.01,Đêm,1.3
Đà Nẵng,,5,13.78,Ô Tô 4 Chỗ,Nhiều Mây,0.481148,0.556966,3,1,84.02,Cao điểm Tối,1.05
Hồ Chí Minh,,4,13.04,Ô Tô 4 Chỗ,Mưa Bão,0.322217,0.875007,10,0,87.57,Chiều,2
Hà Nội,,0,12.39,Xe ViP,Mưa Bão,0.573683,0.738062,11,0,86.41,Chiều,1.64
Hồ Chí Minh,,2,2.3,Ô Tô 4 Chỗ,Nhiều Mây,0.353048,0.598536,18,0,98.28,Cao điểm Sáng,1.61
Đà Nẵng,,0,19.34,Xe ViP,Mưa,0.641713,0.454058,17,0,96.03,Đêm,1.16
Đà Nẵng,,0,11.34,Xe Máy,Nắng,0.965864,0.665741,18,0,91.81,Chiều,1
Cần Thơ,,1,13.06,Xe Máy,Mưa Bão,0.263142,0.925537,19,0,88.09,Chiều,2.16
Đà Nẵng,,4,10.12,Xe Máy,Nhiều Mây,0.86338,0.697562,9,0,89.81,Đêm,1
Cần Thơ,,5,4.31,Xe Máy,Mưa Bão,0.779734,0.403864,22,1,87.82,Chiều,1.35
Hải Phòng,,3,11.5,Xe Máy,Mưa Bão,0.380435,0.82335,2,0,91.54,Chiều,2.02
Đà Nẵng,,0,13.26,Ô Tô 4 Chỗ,Mưa,0.340744,0.749517,16,0,91.81,Chiều,1.82
Hà Nội,,5,13.22,Xe ViP,Mưa Bão,0.585924,0.666106,10,1,92.21,Cao điểm Tối,1.78
Hải Phòng,,1,0.67,Xe Máy,Mưa,0.570546,0.685721,15,0,89.14,Cao điểm Tối,2.66
Hải Phòng,,3,11.45,Ô Tô 4 Chỗ,Mưa Bão,0.686095,0.628324,2,0,86.66,Cao điểm Sáng,2.13
Hải Phòng,,4,4.18,Xe Máy,Mưa,0.25311,0.697903,4,0,97.42,Đêm,1.92
Cần Thơ,,1,10.05,Xe Máy,Mưa,0.629258,0.969085,16,0,84.45,Cao điểm Sáng,2.64
Cần Thơ,,3,14.38,Xe Máy,Mưa Bão,0.383302,0.833902,21,0,92.97,Chiều,1.95
Hồ Chí Minh,,4,11.44,Xe ViP,Mưa,0.381176,0.855625,2,0,88.32,Chiều,2.11
Cần Thơ,,4,3.68,Xe ViP,Nhiều Mây,0.401259,0.483446,3,0,97.69,Chiều,1.12
Đà Nẵng,,5,2.8,Ô Tô 4 Chỗ,Nắng,0.475514,0.980007,19,1,90.03,Cao điểm Sáng,2.03
Hà Nội,,4,19.83,Xe Máy,Mưa,0.594304,0.936949,13,0,90.36,Đêm,1.86
Hải Phòng,,2,17.35,Xe Máy,Nắng,0.571327,0.951566,3,0,89.96,Chiều,1.57
Hồ Chí Minh,,4,18.68,Xe Máy,Mưa Bão,0.895779,0.839347,21,0,89.75,Cao điểm Tối,1.92
Hồ Chí Minh,,4,3.75,Xe Máy,Mưa,0.972663,0.693844,21,0,92.22,Cao điểm Tối,1.54
Đà Nẵng,,3,9.18,Xe ViP,Mưa,0.365301,0.826039,13,0,91.73,Chiều,2.02
Cần Thơ,,5,19.8,Xe ViP,Nhiều Mây,0.306378,0.682632,10,1,86.01,Cao điểm Tối,1.56
Hồ Chí Minh,,1,10.72,Ô Tô 4 Chỗ,Nhiều Mây,0.303895,0.642743,0,0,91.49,Cao điểm Sáng,1.79
Hồ Chí Minh,,0,4.87,Xe ViP,Nhiều Mây,0.941905,0.483216,22,0,86.72,Chiều,1
Cần Thơ,,4,17.74,Xe Máy,Mưa,0.339891,0.871217,22,0,87.37,Cao điểm Sáng,2.56
Hồ Chí Minh,,6,6.12,Xe ViP,Mưa,0.696352,0.867304,13,1,95.3,Đêm,1.59
Đà Nẵng,,2,1.48,Xe Máy,Nhiều Mây,0.646738,0.58542,22,0,96.87,Cao điểm Tối,1.16
Cần Thơ,,2,18.65,Ô Tô 4 Chỗ,Mưa,0.603192,0.771818,12,0,95.63,Cao điểm Tối,2.16
Hà Nội,,4,8.51,Xe Máy,Mưa,0.699806,0.449217,23,0,89.13,Cao điểm Sáng,2.23
Đà Nẵng,,5,10.24,Ô Tô 4 Chỗ,Mưa,0.224406,0.949889,11,1,91.88,Cao điểm Tối,3.15
Cần Thơ,,0,2.22,Xe ViP,Mưa Bão,0.480705,0.636441,1,0,92.09,Đêm,1.34
Hà Nội,,1,7.66,Xe Máy,Nắng,0.868851,0.617414,20,0,98.41,Chiều,1
Đà Nẵng,,4,14.02,Xe ViP,Nhiều Mây,0.586621,0.673197,8,0,89.8,Cao điểm Sáng,1.51
Đà Nẵng,,2,6.19,Xe Máy,Mưa Bão,0.660236,0.811809,15,0,91.57,Cao điểm Sáng,2.27
Cần Thơ,,5,7.63,Xe ViP,Nắng,0.477509,0.506684,12,1,94.2,Cao điểm Tối,1.06
Hồ Chí Minh,,4,0.7,Ô Tô 4 Chỗ,Nắng,0.332735,0.487744,22,0,97.16,Đêm,1.23
Hà Nội,,0,15.62,Xe Máy,Mưa Bão,0.295767,0.886133,7,0,97.62,Cao điểm Sáng,2.68
Hải Phòng,,4,12.24,Ô Tô 4 Chỗ,Nắng,0.5925,0.862822,9,0,85.27,Cao điểm Sáng,1.71
Đà Nẵng,,4,18.35,Ô Tô 4 Chỗ,Nhiều Mây,0.966477,0.645816,17,0,98.94,Chiều,1
Hồ Chí Minh,,0,18.73,Xe Máy,Nhiều Mây,0.336133,0.505376,11,0,89.2,Đêm,1.25
Cần Thơ,,4,19.57,Ô Tô 4 Chỗ,Mưa Bão,0.876511,0.433027,7,0,90.41,Chiều,1.21
Đà Nẵng,,6,8.78,Xe ViP,Nắng,0.355488,0.802069,18,1,87.04,Cao điểm Sáng,1.96
Hồ Chí Minh,,6,15.68,Xe Máy,Nhiều Mây,0.935784,0.84116,18,1,92.24,Cao điểm Tối,1.19
Hải Phòng,,2,3.08,Ô Tô 4 Chỗ,Nắng,0.646177,0.808674,6,0,91.65,Cao điểm Tối,1.35
Hải Phòng,,5,15,Xe ViP,Mưa,0.257612,0.735748,14,1,97.14,Cao điểm Sáng,3.2
Hải Phòng,,5,9.94,Xe ViP,Nắng,0.345412,0.618661,22,1,91.61,Cao điểm Tối,1.64
Cần Thơ,,0,17.2,Xe Máy,Nhiều Mây,0.879813,0.701052,12,0,88.42,Cao điểm Tối,1.35
Cần Thơ,,1,19.46,Xe Máy,Nắng,0.459656,0.607138,0,0,94.14,Đêm,1.22
Hà Nội,,4,12.86,Xe ViP,Mưa,0.693995,0.605702,12,0,88.38,Đêm,1.28
Đà Nẵng,,3,12.21,Ô Tô 4 Chỗ,Nắng,0.591561,0.74943,12,0,96.56,Đêm,1.24
Hà Nội,,4,12,Xe Máy,Nắng,0.457131,0.678308,15,0,89.19,Cao điểm Sáng,1.52
Đà Nẵng,,5,2.78,Xe ViP,Mưa,0.906261,0.833095,3,1,84.23,Cao điểm Tối,1.99
Hà Nội,,6,19.72,Ô Tô 4 Chỗ,Mưa Bão,0.69955,0.478137,14,1,95.15,Cao điểm Sáng,1.72
Đà Nẵng,,2,10.44,Ô Tô 4 Chỗ,Mưa,0.939192,0.685157,12,0,89.47,Đêm,1.31
Cần Thơ,,2,15.19,Xe ViP,Nắng,0.500314,0.493984,2,0,84.45,Đêm,1
Hải Phòng,,2,9.38,Xe Máy,Mưa Bão,0.924068,0.706035,4,0,97.5,Cao điểm Sáng,1.94
Đà Nẵng,,2,4.8,Xe Máy,Mưa,0.874321,0.999514,11,0,90.43,Đêm,1.51
Đà Nẵng,,6,17.4,Ô Tô 4 Chỗ,Mưa,0.641028,0.568671,14,1,88.32,Chiều,1.38
Hà Nội,,2,19.31,Xe Máy,Mưa Bão,0.712568,0.891601,20,0,89.73,Chiều,1.37
Hà Nội,,5,7.97,Xe Máy,Mưa,0.727179,0.718626,1,1,91.21,Cao điểm Sáng,1.63
Cần Thơ,,6,3.19,Ô Tô 4 Chỗ,Nhiều Mây,0.380022,0.506924,17,1,89.91,Đêm,1
Đà Nẵng,,0,13.94,Xe Máy,Nắng,0.582356,0.852876,16,0,94.8,Đêm,1.41
Đà Nẵng,,2,1.57,Xe ViP,Mưa,0.262103,0.79614,15,0,90.19,Cao điểm Tối,2.69
Cần Thơ,,1,10.41,Xe Máy,Nhiều Mây,0.515819,0.690222,21,0,95.85,Đêm,1.26
Đà Nẵng,,5,17.19,Ô Tô 4 Chỗ,Mưa Bão,0.215165,0.447934,16,1,86.33,Đêm,1.61
Cần Thơ,,0,10.59,Xe Máy,Mưa,0.911419,0.801606,23,0,92.87,Cao điểm Tối,1.54
Hà Nội,,4,2.98,Xe ViP,Mưa,0.521038,0.547884,21,0,87,Cao điểm Sáng,1.99
Hải Phòng,,6,2.73,Xe Máy,Nhiều Mây,0.417565,0.525043,8,1,92.09,Cao điểm Sáng,1.3
Cần Thơ,,0,1.93,Ô Tô 4 Chỗ,Mưa Bão,0.70425,0.487941,17,0,92.6,Chiều,1.17
Đà Nẵng,,2,5.06,Xe Máy,Nhiều Mây,0.299499,0.596048,3,0,89,Cao điểm Sáng,1.64
Hồ Chí Minh,,4,14.58,Ô Tô 4 Chỗ,Mưa Bão,0.760893,0.558525,14,0,87.28,Chiều,1.32
Hải Phòng,,0,6.49,Xe Máy,Nhiều Mây,0.905392,0.871749,3,0,85.88,Cao điểm Sáng,1.26
Hà Nội,,0,16.8,Xe ViP,Nắng,0.303946,0.617056,15,0,97.11,Cao điểm Sáng,1.77
Hải Phòng,,0,7.87,Xe ViP,Nắng,0.527553,0.890364,8,0,98.24,Chiều,1.54
Hà Nội,,4,18.61,Ô Tô 4 Chỗ,Mưa Bão,0.897699,0.656874,10,0,95,Cao điểm Sáng,1.69
Đà Nẵng,,5,9.07,Ô Tô 4 Chỗ,Nắng,0.519216,0.660039,8,1,94.53,Đêm,1.05
Đà Nẵng,,5,3.3,Xe ViP,Nắng,0.914487,0.651766,1,1,96.79,Chiều,1
Hải Phòng,,4,2.81,Ô Tô 4 Chỗ,Nắng,0.495662,0.742243,5,0,97.71,Cao điểm Sáng,1.63
Hà Nội,,1,13.76,Xe ViP,Nắng,0.77215,0.539377,7,0,93.3,Chiều,1
Hải Phòng,,3,11.57,Ô Tô 4 Chỗ,Nhiều Mây,0.692031,0.973197,3,0,97.19,Đêm,1.42
Hồ Chí Minh,,6,9.77,Xe ViP,Nhiều Mây,0.534915,0.984894,18,1,85.49,Đêm,1.67
Đà Nẵng,,2,3.56,Xe Máy,Mưa,0.340958,0.492178,21,0,95.25,Cao điểm Tối,2.01
Cần Thơ,,4,4.82,Xe Máy,Nhiều Mây,0.372809,0.726227,5,0,87.02,Cao điểm Sáng,1.91
Hà Nội,,2,17.06,Xe ViP,Nắng,0.239296,0.630898,15,0,95.33,Cao điểm Sáng,1.99
Hồ Chí Minh,,4,13.97,Xe ViP,Nhiều Mây,0.710311,0.621089,22,0,90.39,Chiều,1
Cần Thơ,,6,2.15,Xe ViP,Mưa,0.474433,0.429344,19,1,92.83,Cao điểm Sáng,1.76
Hải Phòng,,6,15.69,Xe ViP,Nhiều Mây,0.709598,0.526397,5,1,86.88,Cao điểm Tối,1.02
Hải Phòng,,1,5.35,Xe ViP,Mưa,0.63393,0.74204,5,0,95.51,Cao điểm Sáng,2.32
Hồ Chí Minh,,0,3.6,Xe Máy,Mưa,0.773132,0.582492,4,0,97.14,Chiều,1.16
Hải Phòng,,3,1.44,Xe Máy,Nắng,0.251569,0.890203,2,0,93.84,Cao điểm Tối,2.11
Hải Phòng,,4,14.69,Xe ViP,Nắng,0.726602,0.623708,5,0,95.05,Cao điểm Tối,1.3
Hồ Chí Minh,,4,8.95,Xe Máy,Nhiều Mây,0.898972,0.786507,17,0,87.01,Chiều,1
Hải Phòng,,5,9.46,Xe ViP,Nhiều Mây,0.251965,0.420879,11,1,84.22,Cao điểm Tối,1.37
Đà Nẵng,,3,16.36,Xe ViP,Nắng,0.47197,0.943373,23,0,84.83,Chiều,1.71
Đà Nẵng,,4,5.9,Xe ViP,Mưa Bão,0.385215,0.868758,11,0,96.86,Cao điểm Sáng,3.12
Đà Nẵng,,2,2.46,Xe ViP,Mưa,0.682682,0.685279,20,0,93.34,Đêm,1.32
Đà Nẵng,,5,16.42,Xe ViP,Nhiều Mây,0.37246,0.497642,2,1,96.32,Cao điểm Sáng,1.2
Hồ Chí Minh,,2,8.33,Xe ViP,Mưa Bão,0.767267,0.643408,17,0,88.48,Đêm,1.16
Hồ Chí Minh,,5,13.58,Ô Tô 4 Chỗ,Nắng,0.203362,0.601681,17,1,87.99,Cao điểm Tối,1.77
Hồ Chí Minh,,5,16.5,Ô Tô 4 Chỗ,Nhiều Mây,0.983489,0.4457,21,1,91.87,Cao điểm Tối,1.33
Đà Nẵng,,6,13.23,Xe ViP,Nhiều Mây,0.811989,0.722308,19,1,95.63,Cao điểm Sáng,1.15
Hồ Chí Minh,,2,4.63,Xe Máy,Mưa,0.875727,0.647221,23,0,94.56,Đêm,1.14
Hồ Chí Minh,,0,8.79,Xe Máy,Mưa,0.382977,0.989258,9,0,85.14,Chiều,2.13
Cần Thơ,,5,15.2,Xe Máy,Nắng,0.785831,0.797957,3,1,94.1,Đêm,1
Đà Nẵng,,1,19.62,Ô Tô 4 Chỗ,Mưa,0.993349,0.835032,10,0,94.26,Cao điểm Tối,2.27
Hồ Chí Minh,,2,6.61,Xe ViP,Mưa Bão,0.399197,0.421406,13,0,92.72,Cao điểm Tối,2.31
Hà Nội,,0,1.27,Xe ViP,Nhiều Mây,0.569345,0.727975,9,0,94.38,Cao điểm Sáng,1.53
Cần Thơ,,6,13.29,Ô Tô 4 Chỗ,Nắng,0.423961,0.452312,16,1,98.85,Cao điểm Sáng,1.22
Đà Nẵng,,5,4.64,Ô Tô 4 Chỗ,Nhiều Mây,0.698852,0.805523,11,1,88.02,Cao điểm Tối,1.18
Hồ Chí Minh,,5,12.15,Xe Máy,Nắng,0.307085,0.440856,23,1,93.29,Chiều,1.2
Hà Nội,,5,2.73,Xe ViP,Nhiều Mây,0.930967,0.624984,8,1,87.56,Đêm,1
Cần Thơ,,4,6.93,Xe Máy,Nắng,0.307677,0.718198,8,0,86.81,Chiều,1.62
Hải Phòng,,6,11.24,Xe Máy,Nắng,0.804877,0.559109,21,1,86.69,Chiều,1
Hà Nội,,4,7.42,Xe Máy,Mưa,0.649619,0.739653,15,0,91.39,Đêm,1.38
Hồ Chí Minh,,0,10.45,Xe Máy,Mưa Bão,0.492623,0.563105,18,0,88.88,Đêm,1.36
Cần Thơ,,6,8.81,Xe Máy,Nắng,0.547298,0.469806,2,1,89.4,Cao điểm Tối,1
Hải Phòng,,3,3.22,Xe Máy,Nắng,0.801094,0.830406,2,0,88.93,Cao điểm Tối,1.37
Đà Nẵng,,6,1.61,Xe Máy,Mưa Bão,0.796527,0.554053,6,1,90.15,Chiều,1.11
Đà Nẵng,,5,6.07,Xe ViP,Nắng,0.482034,0.743584,20,1,97.25,Chiều,1.24
Hồ Chí Minh,,0,11.22,Ô Tô 4 Chỗ,Nhiều Mây,0.213586,0.5847,17,0,87.33,Cao điểm Tối,1.68
Hồ Chí Minh,,5,17.27,Xe Máy,Nhiều Mây,0.490426,0.612959,2,1,84.37,Cao điểm Sáng,1.47
Đà Nẵng,,1,3.26,Xe Máy,Mưa,0.847552,0.94481,20,0,92.4,Cao điểm Tối,1.68
Hồ Chí Minh,,2,17.31,Ô Tô 4 Chỗ,Mưa Bão,0.238474,0.750989,6,0,96.98,Cao điểm Tối,3.16
Cần Thơ,,6,12.33,Xe ViP,Nhiều Mây,0.804356,0.678552,8,1,88.28,Đêm,1
Cần Thơ,,3,12.29,Xe Máy,Nhiều Mây,0.43929,0.843123,4,0,94.11,Cao điểm Sáng,1.8
Hà Nội,,6,15.66,Xe ViP,Mưa Bão,0.660235,0.518005,7,1,85.71,Chiều,1.15
Hồ Chí Minh,,0,2.11,Xe ViP,Mưa,0.264863,0.619458,20,0,91.24,Đêm,1.72
Hồ Chí Minh,,0,15.18,Ô Tô 4 Chỗ,Mưa,0.749205,0.615245,4,0,96.62,Đêm,1.16
Hồ Chí Minh,,1,16.11,Xe Máy,Nắng,0.791474,0.640766,23,0,96.62,Đêm,1
Đà Nẵng,,3,6.41,Xe Máy,Mưa,0.834539,0.782931,11,0,93.42,Chiều,1.26
Hồ Chí Minh,,6,6.32,Xe Máy,Nhiều Mây,0.266673,0.79858,20,1,94.84,Đêm,1.8
Cần Thơ,,3,6.19,Ô Tô 4 Chỗ,Nhiều Mây,0.295297,0.693174,11,0,95.99,Đêm,1.6
Đà Nẵng,,5,17.53,Ô Tô 4 Chỗ,Mưa,0.435323,0.828935,10,1,87.54,Đêm,1.82
Hồ Chí Minh,,5,12.34,Xe Máy,Nhiều Mây,0.370746,0.77119,3,1,95.29,Đêm,1.6
Hà Nội,,5,2.23,Ô Tô 4 Chỗ,Nắng,0.407563,0.43417,3,1,97.05,Chiều,1.04
Đà Nẵng,,3,12.77,Xe Máy,Mưa Bão,0.287821,0.444699,16,0,92.12,Đêm,1.49
Đà Nẵng,,6,9,Xe Máy,Mưa,0.385137,0.713683,21,1,87.34,Cao điểm Tối,2.03
Đà Nẵng,,5,16.91,Xe ViP,Nhiều Mây,0.719172,0.533404,1,1,85.44,Cao điểm Sáng,1
Hà Nội,,6,5.71,Ô Tô 4 Chỗ,Nắng,0.785339,0.924766,18,1,90.27,Đêm,1.21
Hà Nội,,1,19.79,Ô Tô 4 Chỗ,Mưa Bão,0.470336,0.621101,9,0,87.1,Chiều,1.35
Đà Nẵng,,5,1.44,Xe ViP,Mưa Bão,0.246778,0.600612,5,1,97.66,Đêm,1.64
Hồ Chí Minh,,2,2.4,Xe Máy,Mưa Bão,0.953073,0.89635,18,0,87.85,Cao điểm Sáng,2.01
Cần Thơ,,5,17.45,Ô Tô 4 Chỗ,Mưa Bão,0.439039,0.529443,4,1,87.11,Cao điểm Tối,1.84
Hồ Chí Minh,,1,9.26,Xe Máy,Nắng,0.657786,0.549002,21,0,95.23,Đêm,1
Hải Phòng,,1,17.86,Xe Máy,Mưa,0.351307,0.830607,12,0,91.27,Cao điểm Sáng,2.52
Hải Phòng,,6,5.9,Ô Tô 4 Chỗ,Mưa,0.887191,0.679268,9,1,90.05,Cao điểm Sáng,2
Hà Nội,,3,14.86,Xe ViP,Mưa Bão,0.612473,0.942214,7,0,99.49,Chiều,1.75
Hồ Chí Minh,,0,6.75,Xe Máy,Mưa,0.561662,0.801532,23,0,88.47,Cao điểm Sáng,2.73
Hà Nội,,0,10.67,Xe ViP,Nắng,0.209968,0.82371,0,0,88.01,Cao điểm Tối,2.12
Hải Phòng,,2,12.74,Ô Tô 4 Chỗ,Nhiều Mây,0.891811,0.580877,1,0,90.99,Đêm,1
Đà Nẵng,,3,3.59,Ô Tô 4 Chỗ,Nhiều Mây,0.780938,0.816401,1,0,88.15,Cao điểm Tối,1.27
Hà Nội,,5,7.47,Ô Tô 4 Chỗ,Mưa,0.554237,0.494926,0,1,88.53,Đêm,1.23
Hải Phòng,,3,2.34,Xe Máy,Nắng,0.258463,0.469652,1,0,99.96,Cao điểm Sáng,1.55
Cần Thơ,,0,8.7,Ô Tô 4 Chỗ,Mưa,0.752255,0.680689,20,0,86.53,Cao điểm Tối,2.49
Hồ Chí Minh,,3,18.12,Ô Tô 4 Chỗ,Mưa Bão,0.901354,0.637004,0,0,86.78,Cao điểm Sáng,1.82
Đà Nẵng,,4,8.32,Ô Tô 4 Chỗ,Nhiều Mây,0.936196,0.59853,4,0,91.25,Cao điểm Sáng,1.35
Hồ Chí Minh,,6,13.39,Xe ViP,Nhiều Mây,0.943025,0.403474,9,1,89.72,Cao điểm Sáng,1.32
Đà Nẵng,,5,18.26,Xe Máy,Nắng,0.765614,0.850408,16,1,97.46,Chiều,1.04
Hồ Chí Minh,,3,13.51,Xe Máy,Nắng,0.613374,0.99837,10,0,95.1,Đêm,1.58
Đà Nẵng,,1,14.85,Xe ViP,Nắng,0.344876,0.910037,23,0,94.43,Cao điểm Sáng,1.99
Hồ Chí Minh,,3,19.78,Ô Tô 4 Chỗ,Nắng,0.342872,0.691069,3,0,91.21,Chiều,1.52
Cần Thơ,,2,18.58,Xe Máy,Mưa Bão,0.856785,0.633388,17,0,93.26,Đêm,1.13
Cần Thơ,,1,4.64,Xe Máy,Nhiều Mây,0.706808,0.416755,15,0,91.11,Cao điểm Tối,1.18
Cần Thơ,,4,14.44,Xe ViP,Nhiều Mây,0.871223,0.995484,9,0,91.93,Cao điểm Tối,1.41
Hà Nội,,4,6.95,Xe ViP,Nhiều Mây,0.289803,0.62083,4,0,86.32,Cao điểm Tối,1.78
Đà Nẵng,,4,12.04,Ô Tô 4 Chỗ,Nhiều Mây,0.415439,0.666396,22,0,87.98,Cao điểm Tối,1.76
Hồ Chí Minh,,5,3.72,Xe Máy,Nhiều Mây,0.376612,0.664026,1,1,94.56,Đêm,1.43
Hải Phòng,,2,8.98,Ô Tô 4 Chỗ,Nhiều Mây,0.801185,0.544139,16,0,93.64,Chiều,1
Hà Nội,,4,10.49,Ô Tô 4 Chỗ,Mưa Bão,0.951792,0.91054,1,0,92.96,Chiều,1.33
Đà Nẵng,,6,13.02,Xe ViP,Nhiều Mây,0.743211,0.982924,1,1,86.63,Chiều,1.3
Hải Phòng,,6,16.49,Xe ViP,Nắng,0.95026,0.927662,10,1,89.09,Đêm,1
Đà Nẵng,,6,6.77,Xe ViP,Mưa Bão,0.775312,0.578725,11,1,92.9,Cao điểm Tối,2.24
Hồ Chí Minh,,5,4.39,Xe ViP,Nhiều Mây,0.717109,0.96473,5,1,89.35,Đêm,1.37
Đà Nẵng,,2,6.59,Ô Tô 4 Chỗ,Nắng,0.279217,0.417093,16,0,92.24,Chiều,1.21
Hồ Chí Minh,,5,8.61,Xe ViP,Nắng,0.725876,0.456509,18,1,96.11,Đêm,1
Hồ Chí Minh,,1,6.9,Xe ViP,Mưa Bão,0.67487,0.66838,1,0,94.15,Chiều,1.33
Cần Thơ,,4,14.67,Xe Máy,Nhiều Mây,0.702381,0.835348,3,0,97.07,Chiều,1.2
Hà Nội,,1,16.24,Xe Máy,Mưa Bão,0.890433,0.921688,1,0,87.12,Chiều,1.22
Hải Phòng,,0,10.71,Xe Máy,Nắng,0.433045,0.976961,4,0,98.32,Đêm,1.82
Hồ Chí Minh,,3,10.39,Ô Tô 4 Chỗ,Nhiều Mây,0.363425,0.490753,23,0,94.67,Đêm,1.19
Hải Phòng,,6,10.83,Ô Tô 4 Chỗ,Mưa Bão,0.943365,0.685808,2,1,96.14,Đêm,1.19
Cần Thơ,,4,3.21,Ô Tô 4 Chỗ,Nắng,0.607347,0.83055,11,0,95.61,Cao điểm Tối,1.6
Hồ Chí Minh,,4,10.07,Xe ViP,Mưa,0.676636,0.890654,5,0,88.2,Đêm,1.53
Hồ Chí Minh,,2,6.92,Xe Máy,Mưa Bão,0.799448,0.860755,16,0,92.19,Chiều,1.22
Hà Nội,,6,12.3,Ô Tô 4 Chỗ,Mưa,0.359607,0.778453,10,1,92.07,Cao điểm Sáng,2.62
Cần Thơ,,6,11.07,Xe Máy,Nhiều Mây,0.445768,0.663223,20,1,94.42,Chiều,1.23
Cần Thơ,,1,12.51,Ô Tô 4 Chỗ,Nắng,0.802941,0.674255,15,0,87.22,Cao điểm Sáng,1.32
Cần Thơ,,4,0.87,Xe Máy,Nhiều Mây,0.360186,0.983367,12,0,94.72,Chiều,1.93
Hồ Chí Minh,,0,17.58,Xe Máy,Mưa Bão,0.4028,0.807935,20,0,88.5,Cao điểm Sáng,2.96
Hà Nội,,3,3.76,Xe ViP,Mưa Bão,0.54715,0.587999,5,0,90.94,Chiều,1.4
Cần Thơ,,0,6.99,Xe Máy,Nhiều Mây,0.263318,0.674716,10,0,98.29,Chiều,1.62
Hà Nội,,1,17.14,Xe Máy,Mưa,0.731911,0.790413,1,0,92.89,Chiều,1.27
Hồ Chí Minh,,0,1.9,Xe Máy,Mưa Bão,0.504694,0.725006,1,0,93.63,Đêm,1.54
Hải Phòng,,1,5.87,Xe Máy,Nhiều Mây,0.349818,0.550839,16,0,89.58,Chiều,1.3
Hải Phòng,,4,5.42,Xe ViP,Nắng,0.334206,0.401091,22,0,95.82,Cao điểm Tối,1.42
Hà Nội,,5,15.74,Xe Máy,Nắng,0.242092,0.575612,2,1,86.96,Đêm,1.5
Đà Nẵng,,0,18.44,Xe Máy,Mưa Bão,0.934052,0.557915,3,0,95.62,Chiều,1.24
Hồ Chí Minh,,1,18.98,Ô Tô 4 Chỗ,Mưa,0.22202,0.697794,12,0,87.86,Cao điểm Sáng,2.36
Cần Thơ,,4,17.7,Xe Máy,Nắng,0.636136,0.975334,0,0,89.34,Cao điểm Tối,1.75
Đà Nẵng,,4,19.19,Ô Tô 4 Chỗ,Nhiều Mây,0.468493,0.863535,4,0,98.05,Cao điểm Tối,1.77
Đà Nẵng,,6,0.54,Ô Tô 4 Chỗ,Mưa Bão,0.620101,0.808459,7,1,85.26,Chiều,1.45
Hà Nội,,2,11.19,Xe Máy,Nhiều Mây,0.234764,0.569333,14,0,85.84,Cao điểm Tối,1.65
Đà Nẵng,,1,4.43,Xe Máy,Nắng,0.902273,0.72379,2,0,83.84,Chiều,1
Đà Nẵng,,2,16.44,Ô Tô 4 Chỗ,Mưa,0.449286,0.42361,17,0,94.35,Cao điểm Sáng,1.6
Cần Thơ,,0,8.49,Ô Tô 4 Chỗ,Mưa,0.985993,0.67393,13,0,98.83,Cao điểm Tối,1.69
Cần Thơ,,6,4.03,Xe ViP,Mưa,0.230612,0.585246,7,1,92.73,Đêm,1.74
Cần Thơ,,4,11,Xe ViP,Nắng,0.492433,0.835939,18,0,90.95,Cao điểm Sáng,1.78
Hải Phòng,,3,14.27,Xe ViP,Mưa Bão,0.945814,0.486141,3,0,87.84,Đêm,1.13
Cần Thơ,,4,9.49,Xe Máy,Nhiều Mây,0.794236,0.407355,21,0,87.59,Chiều,1
Hà Nội,,0,1.71,Xe ViP,Mưa Bão,0.745423,0.425507,15,0,90.58,Cao điểm Tối,1.71
Hồ Chí Minh,,5,5.82,Ô Tô 4 Chỗ,Nắng,0.761718,0.698628,4,1,87.97,Cao điểm Tối,1.27
Hải Phòng,,6,6.06,Xe Máy,Mưa,0.903642,0.840516,3,1,91.84,Cao điểm Sáng,1.79
Hải Phòng,,1,13.8,Xe ViP,Nắng,0.2697,0.467395,3,0,92.8,Cao điểm Tối,1.58
Cần Thơ,,0,5.92,Xe Máy,Nhiều Mây,0.303392,0.851439,15,0,85.05,Chiều,1.82
Hải Phòng,,5,17.52,Ô Tô 4 Chỗ,Mưa,0.294203,0.85712,1,1,93.95,Cao điểm Tối,3.11
Hải Phòng,,2,1.39,Xe ViP,Nắng,0.775648,0.903524,13,0,89.26,Chiều,1.19
Hà Nội,,3,9.61,Xe ViP,Mưa,0.236079,0.744984,2,0,88.97,Cao điểm Sáng,3.09
Đà Nẵng,,6,10.66,Ô Tô 4 Chỗ,Nắng,0.628605,0.67427,8,1,95.71,Chiều,1
Cần Thơ,,5,5.12,Ô Tô 4 Chỗ,Mưa,0.238934,0.514425,12,1,91.28,Chiều,1.65
Hà Nội,,2,0.57,Ô Tô 4 Chỗ,Mưa Bão,0.606342,0.432684,21,0,87.7,Chiều,1.14
Hải Phòng,,5,11.32,Xe Máy,Nhiều Mây,0.651811,0.917674,2,1,97.57,Cao điểm Sáng,1.55
Cần Thơ,,6,17.03,Xe ViP,Nhiều Mây,0.679806,0.831561,0,1,87.69,Cao điểm Sáng,1.49
Đà Nẵng,,0,8.94,Ô Tô 4 Chỗ,Nhiều Mây,0.419298,0.677642,16,0,91.79,Đêm,1.39
Hồ Chí Minh,,6,10.59,Xe ViP,Mưa,0.489466,0.733608,6,1,93.99,Cao điểm Tối,1.97
Hồ Chí Minh,,3,7.37,Ô Tô 4 Chỗ,Mưa Bão,0.387795,0.543857,0,0,85.79,Đêm,1.42
Hồ Chí Minh,,4,10.49,Xe ViP,Mưa,0.878405,0.668537,5,0,96.8,Cao điểm Tối,1.62
Cần Thơ,,4,10.43,Ô Tô 4 Chỗ,Nắng,0.616718,0.806021,19,0,95.72,Chiều,1.28
Hồ Chí Minh,,0,11.9,Xe ViP,Nhiều Mây,0.484894,0.990204,4,0,96.02,Cao điểm Sáng,1.9
Hà Nội,,3,8.69,Ô Tô 4 Chỗ,Nhiều Mây,0.948495,0.939582,8,0,87.13,Cao điểm Sáng,1.36
Hải Phòng,,1,13.6,Xe ViP,Mưa,0.722171,0.522977,23,0,92.54,Cao điểm Tối,1.59
Cần Thơ,,1,10.35,Xe Máy,Nắng,0.340141,0.65196,21,0,92.14,Chiều,1.47
Hồ Chí Minh,,3,15.75,Ô Tô 4 Chỗ,Nhiều Mây,0.853453,0.824536,7,0,93.23,Chiều,1
Hồ Chí Minh,,0,16.91,Ô Tô 4 Chỗ,Nắng,0.544357,0.627073,18,0,86.6,Đêm,1.12
Hà Nội,,0,18.16,Ô Tô 4 Chỗ,Mưa,0.69364,0.716827,8,0,98.08,Cao điểm Tối,1.94
Hồ Chí Minh,,5,15.31,Ô Tô 4 Chỗ,Nắng,0.407239,0.940976,9,1,98.45,Cao điểm Sáng,1.98
Hải Phòng,,5,19.05,Ô Tô 4 Chỗ,Mưa,0.626324,0.629664,13,1,91.48,Cao điểm Sáng,2.4
Cần Thơ,,3,13.96,Ô Tô 4 Chỗ,Nắng,0.526631,0.903274,3,0,93.31,Chiều,1.56
Hải Phòng,,6,5.83,Ô Tô 4 Chỗ,Nắng,0.443594,0.699584,23,1,92.53,Đêm,1.18
Đà Nẵng,,0,13.37,Xe ViP,Nhiều Mây,0.505618,0.509653,8,0,91.79,Cao điểm Tối,1.29
Hồ Chí Minh,,3,2.3,Xe ViP,Nhiều Mây,0.824823,0.560256,7,0,84.71,Cao điểm Tối,1.12
Đà Nẵng,,1,3.32,Ô Tô 4 Chỗ,Nhiều Mây,0.507963,0.790123,19,0,85.37,Cao điểm Tối,1.6
Cần Thơ,,2,19.25,Xe Máy,Mưa Bão,0.249673,0.627321,7,0,87,Cao điểm Sáng,2.42
Đà Nẵng,,4,14.86,Xe Máy,Mưa,0.643981,0.594879,10,0,91.57,Cao điểm Tối,2.49
Hồ Chí Minh,,1,4.66,Xe ViP,Mưa,0.565168,0.521507,2,0,90.51,Đêm,1.15
Hải Phòng,,1,11.27,Xe ViP,Mưa,0.202449,0.64907,0,0,92.58,Đêm,1.78
Cần Thơ,,4,6.89,Xe Máy,Mưa,0.239862,0.535184,17,0,88.66,Đêm,1.76
Cần Thơ,,4,11.94,Xe ViP,Nhiều Mây,0.285221,0.818888,11,0,85.4,Chiều,1.8
Hà Nội,,2,10.08,Xe Máy,Nắng,0.26044,0.849926,17,0,87.34,Cao điểm Sáng,1.99
Hải Phòng,,0,3.11,Xe Máy,Mưa,0.601333,0.880555,13,0,88.79,Cao điểm Sáng,2.1
Cần Thơ,,4,5.43,Ô Tô 4 Chỗ,Nắng,0.477236,0.588662,6,0,92.07,Đêm,1.17
Cần Thơ,,1,5.59,Xe ViP,Nắng,0.964478,0.581031,10,0,96.87,Đêm,1
Đà Nẵng,,2,13.83,Xe ViP,Nhiều Mây,0.422552,0.844147,22,0,89.68,Cao điểm Sáng,1.94
Hải Phòng,,5,4.7,Xe ViP,Mưa,0.605481,0.521135,10,1,89.45,Chiều,1.35
Hồ Chí Minh,,0,2.42,Xe Máy,Nắng,0.471593,0.785589,19,0,96.8,Chiều,1.47
Cần Thơ,,2,19.57,Ô Tô 4 Chỗ,Mưa,0.467261,0.771098,1,0,83.61,Cao điểm Sáng,1.98
Hà Nội,,2,18.07,Xe ViP,Nắng,0.9531,0.422709,20,0,88.75,Cao điểm Sáng,1.29
Hà Nội,,5,3.83,Xe Máy,Mưa,0.207011,0.689101,9,1,86.2,Chiều,1.91
Hà Nội,,4,9.65,Xe Máy,Mưa Bão,0.488734,0.827528,3,0,86.84,Chiều,1.74
Đà Nẵng,,6,15.68,Xe Máy,Nắng,0.35174,0.602861,10,1,94.92,Chiều,1.31
Cần Thơ,,0,2.46,Xe Máy,Nhiều Mây,0.962188,0.48389,20,0,92.57,Cao điểm Tối,1.2
Hồ Chí Minh,,4,0.74,Xe ViP,Mưa,0.584408,0.432994,5,0,94.04,Chiều,1.34
Hà Nội,,3,8.62,Ô Tô 4 Chỗ,Nắng,0.678716,0.693464,2,0,92.2,Chiều,1.02
Hồ Chí Minh,,6,15.1,Ô Tô 4 Chỗ,Mưa,0.901941,0.512836,15,1,94.7,Cao điểm Tối,2.01
Hà Nội,,4,5.87,Ô Tô 4 Chỗ,Mưa Bão,0.814679,0.956032,19,0,83.71,Chiều,1.46
Hải Phòng,,2,16.47,Xe Máy,Mưa,0.944855,0.528893,13,0,91.46,Cao điểm Sáng,2.08
Hồ Chí Minh,,5,16.91,Xe ViP,Nắng,0.273862,0.839118,8,1,95.64,Cao điểm Tối,2.16
Hải Phòng,,4,12.56,Xe ViP,Nhiều Mây,0.614492,0.47301,12,0,96.57,Chiều,1
Hồ Chí Minh,,1,16.57,Xe ViP,Nhiều Mây,0.248407,0.549083,13,0,90.66,Cao điểm Tối,1.72
Cần Thơ,,6,8.04,Xe Máy,Mưa,0.269311,0.759847,15,1,92.88,Cao điểm Sáng,2.3
Cần Thơ,,3,16.65,Ô Tô 4 Chỗ,Nhiều Mây,0.528934,0.938608,10,0,99.49,Đêm,1.61
Đà Nẵng,,4,12.71,Ô Tô 4 Chỗ,Nắng,0.483205,0.753736,18,0,93.62,Cao điểm Sáng,1.73
Cần Thơ,,6,8.2,Ô Tô 4 Chỗ,Mưa Bão,0.261153,0.695749,7,1,89.31,Chiều,1.88
Hải Phòng,,5,8.57,Ô Tô 4 Chỗ,Mưa Bão,0.233575,0.727721,19,1,87.67,Đêm,2.07
Hồ Chí Minh,,6,10.34,Xe Máy,Mưa Bão,0.697952,0.620912,23,1,97.51,Cao điểm Sáng,1.83
Hải Phòng,,3,9.05,Xe Máy,Nhiều Mây,0.557841,0.402339,16,0,85.64,Cao điểm Tối,1.27
Cần Thơ,,5,6.26,Xe Máy,Nhiều Mây,0.29342,0.690443,3,1,88.95,Cao điểm Tối,1.75
Hồ Chí Minh,,1,17.73,Xe Máy,Mưa,0.36702,0.416062,0,0,94.63,Đêm,1.24
Hải Phòng,,5,19.83,Ô Tô 4 Chỗ,Mưa,0.426144,0.664003,18,1,89.49,Đêm,1.58
Đà Nẵng,,1,18.92,Xe ViP,Mưa Bão,0.878573,0.498102,7,0,96.04,Đêm,1.18
Đà Nẵng,,2,19.94,Xe ViP,Mưa,0.300925,0.44261,11,0,97.89,Cao điểm Tối,2.23
Hồ Chí Minh,,2,18.64,Xe Máy,Mưa,0.728522,0.747029,1,0,85.83,Chiều,1.16
Hồ Chí Minh,,2,4.76,Xe Máy,Nắng,0.791387,0.763821,12,0,91.31,Cao điểm Tối,1.35
Hà Nội,,1,0.81,Xe ViP,Mưa,0.87664,0.6071,8,0,99.02,Cao điểm Tối,1.89
Hà Nội,,4,18.61,Xe Máy,Nắng,0.38666,0.419452,10,0,90.31,Chiều,1.05
Hải Phòng,,6,1.86,Xe ViP,Nắng,0.390915,0.640557,10,1,90.12,Cao điểm Sáng,1.73
Hải Phòng,,0,14.29,Xe ViP,Nắng,0.75316,0.62535,22,0,97.12,Chiều,1
Cần Thơ,,0,14.28,Xe Máy,Nhiều Mây,0.760407,0.995014,1,0,87.3,Chiều,1.35
Đà Nẵng,,2,11.48,Xe Máy,Mưa,0.866337,0.961265,9,0,95.05,Cao điểm Tối,1.77
Hải Phòng,,5,15.08,Xe Máy,Mưa,0.520788,0.962052,7,1,86.65,Đêm,1.9
Cần Thơ,,4,13.35,Xe Máy,Nhiều Mây,0.621318,0.659331,9,0,85.53,Chiều,1.06
Hồ Chí Minh,,3,17.93,Xe ViP,Mưa,0.776552,0.836967,11,0,95.3,Cao điểm Tối,1.8
Hà Nội,,3,16.79,Xe ViP,Mưa Bão,0.322489,0.657356,1,0,86.17,Cao điểm Tối,2.64
Hải Phòng,,5,4.21,Ô Tô 4 Chỗ,Mưa Bão,0.888138,0.679262,7,1,90.54,Đêm,1.25
Cần Thơ,,5,2.54,Ô Tô 4 Chỗ,Mưa,0.906234,0.6865,13,1,97.57,Cao điểm Tối,1.97
Cần Thơ,,2,4.72,Xe ViP,Nhiều Mây,0.319156,0.834169,17,0,86.74,Cao điểm Tối,2.11
Cần Thơ,,0,5.69,Ô Tô 4 Chỗ,Mưa,0.972874,0.431214,18,0,90.89,Đêm,1.28
Hà Nội,,4,5.53,Ô Tô 4 Chỗ,Nắng,0.607952,0.50161,20,0,90.28,Cao điểm Sáng,1.26
Hải Phòng,,1,5.5,Ô Tô 4 Chỗ,Nắng,0.530631,0.881069,12,0,98.81,Chiều,1.53
Hồ Chí Minh,,6,5.94,Ô Tô 4 Chỗ,Mưa Bão,0.300977,0.503127,5,1,98.85,Đêm,1.44
Hà Nội,,5,2.65,Ô Tô 4 Chỗ,Mưa,0.480064,0.403603,11,1,85.01,Cao điểm Sáng,1.87
Hà Nội,,4,16.74,Xe ViP,Nắng,0.354568,0.679637,4,0,88.92,Cao điểm Sáng,1.83
Hà Nội,,5,13.91,Xe ViP,Nắng,0.559629,0.837759,10,1,91.73,Cao điểm Sáng,1.77
Hải Phòng,,0,7.49,Xe Máy,Mưa,0.306668,0.686053,11,0,89.61,Chiều,1.79
Hải Phòng,,3,19.74,Ô Tô 4 Chỗ,Nắng,0.701081,0.991516,14,0,88.26,Cao điểm Tối,1.6
Hải Phòng,,5,17.81,Xe Máy,Nắng,0.83334,0.537643,13,1,89.77,Đêm,1
Đà Nẵng,,6,13.47,Ô Tô 4 Chỗ,Mưa Bão,0.201612,0.708001,8,1,88.69,Cao điểm Sáng,2.52
Cần Thơ,,4,14.18,Xe ViP,Nắng,0.224826,0.639681,18,0,90.8,Cao điểm Sáng,1.8
Cần Thơ,,1,12.27,Xe ViP,Nắng,0.207252,0.649101,20,0,88.73,Đêm,1.66
Hồ Chí Minh,,4,1.79,Xe ViP,Nhiều Mây,0.793791,0.824301,10,0,87.57,Chiều,1.05
Đà Nẵng,,2,16.75,Ô Tô 4 Chỗ,Nhiều Mây,0.246532,0.490679,12,0,87.42,Cao điểm Sáng,1.72
Hà Nội,,6,16.85,Xe Máy,Mưa Bão,0.680795,0.476608,13,1,97.62,Cao điểm Tối,2.15
Hồ Chí Minh,,1,14.04,Ô Tô 4 Chỗ,Mưa Bão,0.335435,0.760597,21,0,97.21,Chiều,1.96
Hải Phòng,,0,7.47,Xe Máy,Nắng,0.452349,0.472839,11,0,91.11,Đêm,1.03
Cần Thơ,,0,14.51,Xe Máy,Mưa Bão,0.270045,0.952623,6,0,96.73,Cao điểm Tối,3.15
Hồ Chí Minh,,0,15.54,Ô Tô 4 Chỗ,Nhiều Mây,0.65755,0.687739,6,0,98.89,Đêm,1.05
Đà Nẵng,,5,11.83,Ô Tô 4 Chỗ,Mưa Bão,0.350769,0.756221,6,1,95.03,Cao điểm Tối,2.83
Hải Phòng,,6,9.19,Xe ViP,Mưa,0.703351,0.518387,11,1,95.3,Cao điểm Tối,2
Cần Thơ,,1,4.74,Xe ViP,Mưa,0.386676,0.743214,7,0,86.29,Cao điểm Tối,2.28
Hà Nội,,2,9.8,Ô Tô 4 Chỗ,Mưa,0.416767,0.479436,6,0,93.04,Đêm,1.29
Hà Nội,,0,9.54,Ô Tô 4 Chỗ,Nắng,0.923426,0.721352,13,0,94.08,Cao điểm Tối,1.23
Hồ Chí Minh,,5,5.47,Ô Tô 4 Chỗ,Nhiều Mây,0.41212,0.494184,19,1,88.44,Cao điểm Tối,1.28
Đà Nẵng,,5,13.76,Ô Tô 4 Chỗ,Mưa Bão,0.33209,0.806509,4,1,86.49,Cao điểm Tối,2.42
Đà Nẵng,,0,13.66,Ô Tô 4 Chỗ,Nhiều Mây,0.846953,0.797054,21,0,96.36,Chiều,1
Hà Nội,,4,6.98,Xe ViP,Nhiều Mây,0.649379,0.862053,1,0,95.61,Chiều,1.32
Cần Thơ,,0,5.38,Ô Tô 4 Chỗ,Mưa,0.222548,0.842056,20,0,95.04,Chiều,2.32
Hà Nội,,2,8.8,Xe ViP,Mưa Bão,0.622524,0.819005,12,0,95.05,Cao điểm Sáng,2.48
Cần Thơ,,0,4.09,Xe Máy,Mưa,0.230778,0.472659,22,0,86.85,Cao điểm Tối,2.57
Cần Thơ,,5,5.74,Xe Máy,Nắng,0.664915,0.641854,0,1,90.89,Đêm,1
Hải Phòng,,1,14.35,Xe Máy,Mưa,0.337271,0.813605,10,0,91.56,Chiều,2.09
Đà Nẵng,,5,3.31,Xe ViP,Nắng,0.695651,0.515945,14,1,95.77,Cao điểm Tối,1.04
Hà Nội,,6,16.46,Xe ViP,Mưa,0.554921,0.529478,22,1,95.46,Đêm,1.28
Cần Thơ,,1,4,Xe ViP,Mưa,0.432237,0.475567,7,0,93.07,Đêm,1.18
Hồ Chí Minh,,5,9.64,Ô Tô 4 Chỗ,Mưa Bão,0.252669,0.708995,10,1,91.75,Chiều,2.06
Cần Thơ,,0,13.33,Xe Máy,Nhiều Mây,0.421304,0.47813,10,0,93.52,Cao điểm Tối,1.48
Cần Thơ,,1,5.68,Ô Tô 4 Chỗ,Nắng,0.463433,0.473108,4,0,83.05,Cao điểm Sáng,1.41
Cần Thơ,,0,2.16,Ô Tô 4 Chỗ,Mưa,0.232544,0.664181,5,0,95.87,Chiều,1.85
Đà Nẵng,,1,19.31,Ô Tô 4 Chỗ,Nhiều Mây,0.289789,0.466229,15,0,95.95,Đêm,1.26
Hồ Chí Minh,,0,2.98,Xe ViP,Mưa,0.271592,0.691783,15,0,89.71,Cao điểm Tối,2.36
Đà Nẵng,,2,9.6,Xe Máy,Nhiều Mây,0.875796,0.614565,8,0,96.68,Chiều,1
Hải Phòng,,0,5.13,Xe ViP,Nắng,0.895012,0.75571,6,0,96.9,Chiều,1
Hà Nội,,0,3.4,Xe Máy,Nhiều Mây,0.335476,0.411791,13,0,86.22,Đêm,1.11
Hồ Chí Minh,,5,16.41,Xe Máy,Nhiều Mây,0.727381,0.791053,5,1,91.32,Chiều,1.1
Hải Phòng,,6,0.82,Xe Máy,Nắng,0.835091,0.969323,0,1,92.6,Đêm,1
Đà Nẵng,,3,19.92,Xe ViP,Nhiều Mây,0.211458,0.603141,1,0,91.13,Đêm,1.59
Hải Phòng,,1,18.94,Xe ViP,Nhiều Mây,0.416125,0.608968,4,0,89.28,Cao điểm Sáng,1.4
Cần Thơ,,1,17.89,Xe ViP,Mưa,0.344552,0.520295,6,0,92.65,Đêm,1.59
Đà Nẵng,,5,1.22,Ô Tô 4 Chỗ,Nắng,0.822567,0.676827,7,1,94.2,Chiều,1
Cần Thơ,,1,18.15,Xe Máy,Mưa Bão,0.480415,0.796164,15,0,88.23,Chiều,1.74
Hà Nội,,6,19.62,Xe ViP,Nhiều Mây,0.960729,0.943705,14,1,92.26,Cao điểm Sáng,1.19
Đà Nẵng,,2,11.93,Xe Máy,Nắng,0.862967,0.89152,10,0,95.64,Đêm,1.04
Hà Nội,,2,18.46,Xe Máy,Nắng,0.485865,0.638151,6,0,90.49,Chiều,1.23
Cần Thơ,,3,15.19,Ô Tô 4 Chỗ,Nắng,0.870482,0.945679,1,0,86.47,Cao điểm Tối,1.4
Hải Phòng,,4,16.6,Xe ViP,Mưa,0.393816,0.457951,13,0,88.24,Cao điểm Sáng,2.48
Hồ Chí Minh,,2,9,Xe ViP,Mưa,0.660046,0.66002,8,0,93.74,Chiều,1.22
Hồ Chí Minh,,2,14.18,Ô Tô 4 Chỗ,Mưa,0.653654,0.770135,4,0,89.4,Cao điểm Sáng,1.79
Hồ Chí Minh,,0,15.4,Ô Tô 4 Chỗ,Nắng,0.366018,0.991388,11,0,87.5,Cao điểm Tối,2.28
Cần Thơ,,3,7.2,Xe ViP,Mưa,0.289836,0.97225,21,0,97.94,Cao điểm Sáng,2.6
Đà Nẵng,,0,13.26,Xe ViP,Mưa,0.994568,0.694729,15,0,89.5,Chiều,1.26
Hà Nội,,0,1.04,Ô Tô 4 Chỗ,Mưa,0.752772,0.760045,13,0,87.88,Cao điểm Tối,2.15
Hải Phòng,,3,5.04,Xe ViP,Mưa,0.296234,0.964375,15,0,98.48,Chiều,2.15
Hà Nội,,6,10.25,Ô Tô 4 Chỗ,Mưa Bão,0.446375,0.612063,18,1,94.46,Cao điểm Tối,2.59
Hồ Chí Minh,,5,8.62,Xe Máy,Nhiều Mây,0.434403,0.794691,5,1,95.57,Đêm,1.54
Hà Nội,,3,5.98,Xe Máy,Nắng,0.646344,0.721393,2,0,86.9,Cao điểm Sáng,1.43
Đà Nẵng,,2,7.27,Xe Máy,Mưa,0.449143,0.741177,9,0,95.21,Cao điểm Sáng,2.77
Hà Nội,,3,4.94,Xe Máy,Nắng,0.83185,0.455567,1,0,96.1,Cao điểm Sáng,1.11
Đà Nẵng,,4,18.06,Ô Tô 4 Chỗ,Mưa,0.674811,0.401118,16,0,92.46,Cao điểm Tối,2.2
Hà Nội,,4,6.05,Xe Máy,Mưa Bão,0.628335,0.539106,22,0,93.58,Đêm,1.29
Hải Phòng,,1,14.35,Xe ViP,Nhiều Mây,0.910238,0.988418,10,0,94.07,Cao điểm Tối,1.51
Hồ Chí Minh,,4,7.06,Ô Tô 4 Chỗ,Mưa,0.603278,0.600753,20,0,88.96,Cao điểm Sáng,1.64
Hà Nội,,0,5.17,Ô Tô 4 Chỗ,Nhiều Mây,0.408671,0.932361,2,0,96.75,Cao điểm Tối,1.94
Cần Thơ,,1,16.44,Xe Máy,Nắng,0.962316,0.51419,8,0,92.85,Cao điểm Tối,1.36
Hải Phòng,,6,16.71,Xe Máy,Nhiều Mây,0.623022,0.759992,18,1,91.38,Cao điểm Tối,1.43
Đà Nẵng,,6,6.79,Xe ViP,Nhiều Mây,0.982178,0.439021,21,1,88.73,Đêm,1
Hà Nội,,4,13.53,Ô Tô 4 Chỗ,Mưa,0.997284,0.782453,17,0,96.98,Cao điểm Sáng,2.27
Hồ Chí Minh,,2,1.79,Xe Máy,Nắng,0.730995,0.428897,8,0,94.74,Cao điểm Tối,1.36
Hải Phòng,,2,13.77,Xe Máy,Mưa Bão,0.529413,0.526577,12,0,97.42,Cao điểm Sáng,1.97
Hà Nội,,2,19.38,Xe ViP,Mưa Bão,0.299709,0.508981,9,0,92.01,Cao điểm Sáng,2.41
Đà Nẵng,,2,7.15,Xe ViP,Nắng,0.228044,0.816144,15,0,89.19,Đêm,1.88
Cần Thơ,,3,17.06,Ô Tô 4 Chỗ,Nắng,0.930182,0.740047,15,0,99.28,Chiều,1
Hà Nội,,3,14.3,Xe Máy,Nhiều Mây,0.468824,0.819496,8,0,96.11,Cao điểm Sáng,1.86
Hồ Chí Minh,,4,1.52,Ô Tô 4 Chỗ,Mưa Bão,0.231618,0.906423,11,0,97.03,Cao điểm Sáng,3.33
Hồ Chí Minh,,3,2.6,Xe Máy,Nắng,0.217114,0.799305,12,0,87.73,Chiều,1.87
Đà Nẵng,,3,2.25,Xe ViP,Mưa,0.460432,0.682445,9,0,90.68,Cao điểm Sáng,2.64
Hải Phòng,,5,11.74,Ô Tô 4 Chỗ,Nhiều Mây,0.817656,0.730434,3,1,91.65,Cao điểm Sáng,1.03
Hà Nội,,1,19.44,Xe Máy,Mưa,0.777665,0.978123,21,0,91.1,Đêm,1.45
Hà Nội,,1,4.83,Xe Máy,Nhiều Mây,0.486574,0.899433,6,0,89.89,Đêm,1.62
Đà Nẵng,,5,15.05,Xe Máy,Nhiều Mây,0.555164,0.96241,17,1,86.07,Cao điểm Sáng,1.68
Hà Nội,,4,1.11,Xe Máy,Mưa Bão,0.337334,0.907506,21,0,90.51,Chiều,2.21
Hải Phòng,,6,1.07,Xe Máy,Mưa,0.725594,0.961345,21,1,86.39,Cao điểm Sáng,2.54
Hải Phòng,,0,3.15,Xe ViP,Mưa,0.387208,0.924487,13,0,95.51,Chiều,2.11
Đà Nẵng,,6,0.77,Xe ViP,Nắng,0.422158,0.417853,13,1,95.56,Cao điểm Tối,1.23
Hải Phòng,,6,11.77,Ô Tô 4 Chỗ,Mưa Bão,0.371691,0.4263,10,1,95.44,Đêm,1.48
Hải Phòng,,1,7.86,Xe ViP,Mưa,0.909284,0.566636,22,0,87.88,Chiều,1.38
Hải Phòng,,3,13.07,Xe ViP,Mưa,0.699041,0.988575,0,0,86.92,Cao điểm Tối,2.13
Hà Nội,,2,11.34,Xe Máy,Mưa,0.677876,0.627473,22,0,95.23,Cao điểm Sáng,2.37
Cần Thơ,,1,4,Xe ViP,Nắng,0.432887,0.814829,8,0,92.29,Đêm,1.57
Hà Nội,,0,8.88,Xe Máy,Mưa,0.681786,0.883559,16,0,85.83,Cao điểm Sáng,2.15
Cần Thơ,,6,16.11,Xe ViP,Mưa,0.644911,0.775328,14,1,89.77,Cao điểm Sáng,1.79
Hải Phòng,,2,5.89,Ô Tô 4 Chỗ,Nhiều Mây,0.371289,0.821468,12,0,97.75,Cao điểm Sáng,1.8
Hồ Chí Minh,,4,10.52,Xe ViP,Nắng,0.473079,0.874084,23,0,95.46,Chiều,1.6
Đà Nẵng,,0,15.73,Xe ViP,Mưa Bão,0.517697,0.569076,14,0,88.46,Cao điểm Sáng,1.98
Đà Nẵng,,2,2.96,Xe ViP,Nhiều Mây,0.915833,0.83818,9,0,92.36,Cao điểm Tối,1.3
Hồ Chí Minh,,4,5.58,Ô Tô 4 Chỗ,Nhiều Mây,0.603065,0.569949,18,0,87.03,Cao điểm Sáng,1.22
Hải Phòng,,5,16.9,Ô Tô 4 Chỗ,Nắng,0.901302,0.662851,18,1,92.38,Đêm,1
Cần Thơ,,3,13.34,Ô Tô 4 Chỗ,Mưa,0.24746,0.48809,10,0,92.62,Cao điểm Sáng,2
Hồ Chí Minh,,4,8.66,Xe ViP,Mưa,0.506129,0.493151,10,0,86.3,Cao điểm Sáng,2.09
Hải Phòng,,3,7.01,Ô Tô 4 Chỗ,Mưa,0.775234,0.709499,8,0,84.43,Cao điểm Sáng,1.58
Hải Phòng,,3,3.03,Ô Tô 4 Chỗ,Mưa Bão,0.477135,0.47909,15,0,95.61,Chiều,1.19
Hải Phòng,,4,1.55,Xe Máy,Nắng,0.581549,0.741692,11,0,85.15,Cao điểm Sáng,1.51
Cần Thơ,,4,17.45,Xe Máy,Mưa,0.295013,0.995391,1,0,87.38,Cao điểm Sáng,2.58
Đà Nẵng,,5,13.68,Ô Tô 4 Chỗ,Mưa,0.365353,0.644414,22,1,94.37,Chiều,1.79
Đà Nẵng,,5,6.36,Ô Tô 4 Chỗ,Mưa Bão,0.871044,0.974373,7,1,84.98,Cao điểm Tối,1.71
Hồ Chí Minh,,6,12.75,Ô Tô 4 Chỗ,Mưa Bão,0.734133,0.885631,18,1,96.75,Cao điểm Sáng,2.47
Hải Phòng,,5,15.31,Xe Máy,Mưa Bão,0.965091,0.548545,19,1,88.05,Cao điểm Sáng,1.6
Cần Thơ,,4,15.84,Xe Máy,Nhiều Mây,0.427905,0.720364,11,0,97.42,Cao điểm Sáng,1.77
Đà Nẵng,,6,15.32,Xe Máy,Nhiều Mây,0.44332,0.891205,23,1,88.55,Chiều,1.42
Hà Nội,,2,13.47,Ô Tô 4 Chỗ,Nhiều Mây,0.503627,0.867154,0,0,92.93,Chiều,1.55
Hà Nội,,2,12.35,Xe ViP,Mưa Bão,0.968322,0.784772,22,0,93.52,Đêm,1.17
Hà Nội,,0,14.3,Ô Tô 4 Chỗ,Nắng,0.381759,0.53856,21,0,95.23,Cao điểm Sáng,1.46
Hồ Chí Minh,,0,2.35,Xe Máy,Mưa Bão,0.653577,0.804337,2,0,89.27,Đêm,1.58
Hải Phòng,,2,11.74,Xe Máy,Nhiều Mây,0.933474,0.692914,17,0,85.91,Cao điểm Sáng,1.36
Cần Thơ,,0,12.07,Xe ViP,Nhiều Mây,0.475916,0.947416,16,0,84.5,Cao điểm Sáng,1.94
Hà Nội,,6,12.16,Xe ViP,Nhiều Mây,0.51752,0.690476,21,1,94.34,Chiều,1.26
Hồ Chí Minh,,1,6.19,Xe ViP,Nắng,0.687917,0.590284,5,0,97.56,Đêm,1
Hồ Chí Minh,,5,17.88,Ô Tô 4 Chỗ,Mưa,0.984664,0.705924,11,1,95.15,Đêm,1.29
Hà Nội,,2,8.71,Ô Tô 4 Chỗ,Nắng,0.894466,0.697381,9,0,91.38,Chiều,1
Hà Nội,,2,6.03,Xe ViP,Nhiều Mây,0.596204,0.449024,19,0,86.99,Cao điểm Sáng,1.16
Hải Phòng,,4,8.07,Ô Tô 4 Chỗ,Nhiều Mây,0.758206,0.583715,22,0,85.95,Cao điểm Sáng,1.22
Hồ Chí Minh,,1,1.92,Xe Máy,Mưa,0.534927,0.696591,8,0,91.67,Cao điểm Sáng,2.48
Hải Phòng,,1,14.78,Xe Máy,Mưa,0.974752,0.400667,14,0,89.7,Cao điểm Tối,1.82
Cần Thơ,,3,19.81,Ô Tô 4 Chỗ,Mưa Bão,0.647085,0.998512,9,0,90.6,Cao điểm Sáng,2.97
Cần Thơ,,0,17.68,Xe ViP,Nhiều Mây,0.54548,0.557679,18,0,90.88,Cao điểm Tối,1.26
Đà Nẵng,,2,12.81,Ô Tô 4 Chỗ,Mưa,0.423476,0.446664,19,0,99.67,Chiều,1.14
Hồ Chí Minh,,2,19.7,Xe Máy,Nhiều Mây,0.31338,0.935015,0,0,93.13,Cao điểm Sáng,2.12
Hồ Chí Minh,,6,18.91,Xe ViP,Mưa Bão,0.586544,0.920873,23,1,90.93,Cao điểm Sáng,2.66
Hà Nội,,0,17.7,Xe Máy,Nhiều Mây,0.249027,0.499437,12,0,87.76,Đêm,1.38
Cần Thơ,,4,12.37,Ô Tô 4 Chỗ,Mưa,0.390822,0.555098,21,0,88.15,Chiều,1.54
Hà Nội,,5,6.67,Xe Máy,Mưa,0.579535,0.72475,0,1,84.65,Chiều,1.56
Hải Phòng,,6,19.8,Xe ViP,Mưa,0.384998,0.668308,22,1,86.25,Cao điểm Tối,2.7
Hồ Chí Minh,,1,5.5,Xe Máy,Nhiều Mây,0.656589,0.836439,19,0,93.93,Đêm,1.27
Hà Nội,,4,4.56,Xe Máy,Mưa Bão,0.557264,0.631995,12,0,95.19,Cao điểm Sáng,2.39
Hồ Chí Minh,,4,15.91,Xe ViP,Mưa Bão,0.551457,0.670248,23,0,87.79,Cao điểm Tối,1.81
Đà Nẵng,,3,18.85,Xe Máy,Nhiều Mây,0.95197,0.676519,22,0,96.12,Đêm,1
Cần Thơ,,1,2.51,Ô Tô 4 Chỗ,Nắng,0.521724,0.992789,22,0,96.82,Cao điểm Sáng,2.08
Hồ Chí Minh,,3,3.85,Xe Máy,Nắng,0.521232,0.584003,15,0,84.93,Chiều,1.09
Đà Nẵng,,2,13.58,Ô Tô 4 Chỗ,Nắng,0.546827,0.670117,0,0,94.29,Chiều,1.18
Hồ Chí Minh,,1,3.73,Xe Máy,Nắng,0.621588,0.705928,19,0,87.25,Cao điểm Sáng,1.51
Đà Nẵng,,1,5.77,Ô Tô 4 Chỗ,Mưa,0.827783,0.975543,19,0,92.36,Chiều,1.51
Hồ Chí Minh,,1,15.11,Xe Máy,Nhiều Mây,0.377005,0.996344,23,0,92.58,Đêm,1.93
Cần Thơ,,2,3.61,Ô Tô 4 Chỗ,Nắng,0.67426,0.509047,18,0,96.76,Cao điểm Sáng,1.35
Đà Nẵng,,3,1.94,Ô Tô 4 Chỗ,Mưa,0.738378,0.571258,12,0,85.3,Cao điểm Sáng,2.47
Đà Nẵng,,1,12.35,Xe ViP,Mưa Bão,0.709382,0.769236,5,0,89.77,Cao điểm Tối,2.3
Đà Nẵng,,6,9.6,Xe ViP,Nắng,0.885052,0.873114,21,1,89.45,Cao điểm Tối,1.09
Hồ Chí Minh,,5,6.53,Ô Tô 4 Chỗ,Mưa,0.944506,0.963471,4,1,95.84,Chiều,1.25
Hải Phòng,,1,18.15,Xe Máy,Mưa Bão,0.471077,0.568561,18,0,94.84,Cao điểm Sáng,1.73
Hà Nội,,0,13.09,Xe Máy,Mưa,0.212805,0.751523,0,0,87.14,Đêm,2.13
Hồ Chí Minh,,0,18.57,Xe ViP,Nắng,0.279318,0.881671,5,0,98.74,Đêm,1.9
Đà Nẵng,,0,10.63,Ô Tô 4 Chỗ,Nắng,0.682195,0.970091,11,0,86.54,Cao điểm Tối,1.8
Hồ Chí Minh,,4,10.86,Xe Máy,Mưa Bão,0.27213,0.619474,23,0,90.23,Cao điểm Tối,2.24
Hải Phòng,,2,1.74,Xe Máy,Mưa,0.538995,0.705734,10,0,90.33,Chiều,1.52
Hồ Chí Minh,,3,7.29,Xe Máy,Nhiều Mây,0.423593,0.683602,19,0,91.22,Cao điểm Tối,1.51
Đà Nẵng,,4,5.53,Xe ViP,Mưa Bão,0.550351,0.872464,14,0,86.38,Cao điểm Sáng,2.66
Đà Nẵng,,4,6.97,Ô Tô 4 Chỗ,Mưa,0.830099,0.486924,14,0,87.95,Đêm,1.27
Cần Thơ,,6,14.56,Ô Tô 4 Chỗ,Mưa,0.771458,0.919166,21,1,93.64,Cao điểm Sáng,2.45
Cần Thơ,,6,0.61,Xe ViP,Nắng,0.353444,0.900236,7,1,87.2,Chiều,1.74
Cần Thơ,,6,16.98,Ô Tô 4 Chỗ,Nhiều Mây,0.617376,0.950627,21,1,96.66,Cao điểm Sáng,1.54
Cần Thơ,,5,14.65,Xe Máy,Nắng,0.213253,0.923929,16,1,90.99,Cao điểm Tối,2.07
Cần Thơ,,1,13.22,Xe Máy,Mưa Bão,0.614861,0.88734,12,0,88.38,Cao điểm Sáng,2.68
Hải Phòng,,6,1.83,Xe ViP,Nhiều Mây,0.850818,0.89704,7,1,89.12,Chiều,1
Hải Phòng,,2,5.12,Xe ViP,Nhiều Mây,0.510934,0.99824,11,0,95.22,Cao điểm Sáng,1.95
Hải Phòng,,0,11.12,Xe Máy,Mưa,0.792507,0.712934,16,0,91.5,Chiều,1.18
Hải Phòng,,3,17.2,Ô Tô 4 Chỗ,Mưa,0.693576,0.833572,16,0,91.63,Cao điểm Sáng,1.74
Hà Nội,,4,15.19,Xe ViP,Mưa,0.230401,0.512364,12,0,87.73,Đêm,1.77
Hồ Chí Minh,,4,10.09,Xe ViP,Nắng,0.88054,0.716491,18,0,83.84,Cao điểm Tối,1.13
Hồ Chí Minh,,5,18.55,Ô Tô 4 Chỗ,Nắng,0.571421,0.795886,11,1,89.8,Chiều,1.34
Hải Phòng,,1,5.92,Xe Máy,Nhiều Mây,0.224045,0.949165,7,0,92.49,Chiều,2.09
Đà Nẵng,,5,10.79,Ô Tô 4 Chỗ,Nhiều Mây,0.570452,0.479269,13,1,88.86,Đêm,1
Cần Thơ,,0,7.06,Xe ViP,Mưa,0.926306,0.819848,4,0,92.4,Đêm,1.25
Cần Thơ,,3,3.73,Xe ViP,Nhiều Mây,0.934969,0.990542,16,0,94.89,Chiều,1.08
Hà Nội,,1,4.33,Xe ViP,Mưa,0.811182,0.962439,12,0,89.03,Cao điểm Tối,1.83
Đà Nẵng,,3,8.84,Xe ViP,Nắng,0.579801,0.751883,7,0,89.14,Đêm,1.26
Đà Nẵng,,3,9.16,Xe Máy,Nhiều Mây,0.385939,0.812593,15,0,91.11,Cao điểm Sáng,1.83
Hồ Chí Minh,,0,12.07,Xe Máy,Nhiều Mây,0.56019,0.403234,21,0,94.64,Đêm,1
Hồ Chí Minh,,3,18.81,Xe ViP,Mưa,0.575044,0.894218,12,0,97.62,Cao điểm Tối,2.24
Hồ Chí Minh,,4,2.54,Xe Máy,Nhiều Mây,0.774411,0.848759,2,0,87.49,Chiều,1.11
Hồ Chí Minh,,5,2,Ô Tô 4 Chỗ,Nắng,0.816552,0.537907,17,1,84.78,Cao điểm Tối,1.38
Đà Nẵng,,6,15.63,Ô Tô 4 Chỗ,Mưa,0.218535,0.802818,4,1,95.32,Cao điểm Sáng,3.05
Đà Nẵng,,5,6.33,Xe ViP,Mưa,0.530809,0.485919,0,1,92.17,Chiều,1.39
Cần Thơ,,2,15.01,Xe ViP,Nắng,0.860857,0.50022,22,0,88.52,Cao điểm Sáng,1.32
Hà Nội,,2,18.61,Xe ViP,Mưa,0.430261,0.494655,13,0,93.4,Đêm,1.27
Hải Phòng,,3,14.44,Ô Tô 4 Chỗ,Nắng,0.272982,0.724608,6,0,87.82,Cao điểm Sáng,1.96
Cần Thơ,,5,19.17,Xe ViP,Nhiều Mây,0.21031,0.538042,4,1,96.79,Chiều,1.48
Hà Nội,,5,10.86,Ô Tô 4 Chỗ,Mưa,0.334682,0.853236,3,1,89.62,Chiều,1.99
Hồ Chí Minh,,1,7.39,Xe ViP,Nhiều Mây,0.908177,0.917769,7,0,85.32,Chiều,1.01
Hà Nội,,1,0.87,Ô Tô 4 Chỗ,Mưa Bão,0.866145,0.874496,21,0,84.52,Cao điểm Sáng,2.45
Hải Phòng,,5,1.39,Ô Tô 4 Chỗ,Mưa Bão,0.807979,0.557364,19,1,89.02,Cao điểm Sáng,2.46
Hà Nội,,0,16.36,Ô Tô 4 Chỗ,Nắng,0.917277,0.715124,10,0,88.41,Đêm,1
Hải Phòng,,6,1.75,Xe Máy,Nắng,0.231302,0.854896,4,1,84.7,Cao điểm Sáng,2.01
Đà Nẵng,,5,2.24,Xe ViP,Mưa,0.350708,0.925835,0,1,85.55,Chiều,2.19
Hà Nội,,6,7.91,Xe Máy,Mưa,0.779254,0.454797,17,1,97.8,Chiều,1.24
Cần Thơ,,3,0.91,Xe ViP,Nhiều Mây,0.726117,0.577704,5,0,85.99,Cao điểm Sáng,1.3
Đà Nẵng,,0,15.52,Xe ViP,Mưa Bão,0.243665,0.753827,4,0,87.68,Cao điểm Sáng,2.84
Hồ Chí Minh,,4,7.98,Ô Tô 4 Chỗ,Nhiều Mây,0.636266,0.54667,18,0,94.07,Cao điểm Tối,1.19
Hà Nội,,5,11.12,Xe ViP,Mưa,0.362266,0.611062,11,1,94.03,Cao điểm Tối,2.41
Hải Phòng,,0,5.93,Xe ViP,Nắng,0.655359,0.459533,23,0,96.56,Cao điểm Tối,1.32
Hồ Chí Minh,,4,5.97,Ô Tô 4 Chỗ,Nhiều Mây,0.504099,0.748505,15,0,89.32,Cao điểm Sáng,1.71
Hà Nội,,1,2.94,Xe Máy,Mưa,0.648067,0.883703,0,0,94.88,Chiều,1.55
Đà Nẵng,,0,4.13,Xe ViP,Nhiều Mây,0.955526,0.407034,17,0,87.52,Cao điểm Sáng,1.11
Cần Thơ,,5,15.21,Xe ViP,Mưa Bão,0.930099,0.85096,21,1,88.08,Cao điểm Sáng,1.79
Hà Nội,,3,13.98,Xe Máy,Nhiều Mây,0.731714,0.439207,9,0,86.31,Chiều,1
Hải Phòng,,5,15.96,Xe ViP,Nắng,0.942904,0.914039,14,1,91.13,Chiều,1
Hà Nội,,0,3.2,Xe Máy,Nắng,0.686327,0.555877,14,0,91.28,Đêm,1
Hải Phòng,,5,7.96,Ô Tô 4 Chỗ,Mưa,0.87288,0.933045,2,1,94.9,Đêm,1.3
Đà Nẵng,,6,16.04,Ô Tô 4 Chỗ,Nắng,0.466676,0.591948,17,1,89.4,Cao điểm Tối,1.32
Hà Nội,,2,4.03,Xe ViP,Mưa Bão,0.746416,0.606323,18,0,96.74,Đêm,1.2
Cần Thơ,,1,12.67,Xe Máy,Nhiều Mây,0.562619,0.671245,4,0,87.34,Chiều,1.16
Đà Nẵng,,6,13.16,Xe Máy,Nắng,0.40852,0.843455,11,1,92.21,Cao điểm Tối,1.81
Đà Nẵng,,3,2.47,Xe Máy,Nắng,0.663507,0.832467,8,0,92.2,Cao điểm Tối,1.47
Đà Nẵng,,0,17.56,Ô Tô 4 Chỗ,Nhiều Mây,0.376468,0.604035,6,0,86.98,Đêm,1.34
Hà Nội,,5,4.6,Xe ViP,Mưa Bão,0.64614,0.941058,13,1,93.51,Chiều,1.67
Đà Nẵng,,1,5.18,Ô Tô 4 Chỗ,Nắng,0.792137,0.813958,11,0,86.19,Cao điểm Sáng,1.24
Hà Nội,,0,3.07,Xe ViP,Nắng,0.99504,0.911745,7,0,88.37,Cao điểm Sáng,1.28
Hà Nội,,2,16.29,Xe ViP,Nhiều Mây,0.676535,0.976528,0,0,86.36,Đêm,1.45
Đà Nẵng,,3,13.19,Xe Máy,Nhiều Mây,0.813961,0.642183,11,0,89.72,Đêm,1
Hồ Chí Minh,,4,15.28,Xe Máy,Nhiều Mây,0.555982,0.514771,22,0,85.45,Đêm,1
Hải Phòng,,3,4.94,Ô Tô 4 Chỗ,Mưa Bão,0.218052,0.944061,21,0,97.02,Cao điểm Sáng,2.59
Hải Phòng,,3,11.83,Ô Tô 4 Chỗ,Mưa,0.661505,0.847108,0,0,89.99,Cao điểm Tối,2.43
Hải Phòng,,6,4.83,Ô Tô 4 Chỗ,Nắng,0.955137,0.789031,21,1,98.45,Chiều,1
Hồ Chí Minh,,1,17.57,Ô Tô 4 Chỗ,Mưa Bão,0.984273,0.852247,10,0,88.56,Chiều,1.28
Hà Nội,,2,6.48,Xe Máy,Nắng,0.662949,0.405282,23,0,94.86,Chiều,1
Cần Thơ,,6,19.27,Xe ViP,Nhiều Mây,0.706934,0.758918,1,1,93.98,Cao điểm Tối,1.26
Hải Phòng,,3,4.23,Ô Tô 4 Chỗ,Nắng,0.526278,0.425216,3,0,89.79,Chiều,1
Hồ Chí Minh,,4,0.69,Xe ViP,Nhiều Mây,0.704498,0.460041,17,0,91.87,Cao điểm Tối,1.32
Đà Nẵng,,3,5.43,Xe ViP,Nắng,0.952775,0.807718,1,0,85.73,Cao điểm Sáng,1.37
Hồ Chí Minh,,0,5.84,Xe Máy,Nắng,0.814737,0.454916,17,0,93.37,Cao điểm Tối,1.12
Hồ Chí Minh,,3,2.28,Xe Máy,Mưa,0.548231,0.728949,3,0,90.78,Cao điểm Sáng,2.08
Hải Phòng,,0,18.8,Xe ViP,Nắng,0.846983,0.675868,20,0,90.96,Cao điểm Tối,1.29
Hải Phòng,,4,3.66,Xe ViP,Nhiều Mây,0.869027,0.59782,15,0,86.87,Đêm,1
Cần Thơ,,2,12.89,Xe Máy,Mưa Bão,0.298794,0.632945,17,0,85.49,Cao điểm Tối,2.63
Hồ Chí Minh,,6,12.9,Ô Tô 4 Chỗ,Mưa,0.904496,0.704602,14,1,89.77,Đêm,1.1
Đà Nẵng,,3,15.08,Xe ViP,Mưa Bão,0.647041,0.588693,8,0,89.17,Cao điểm Tối,2.04
Đà Nẵng,,6,13.44,Xe ViP,Mưa,0.394054,0.791616,21,1,84.27,Đêm,1.75
Hồ Chí Minh,,2,17.04,Xe ViP,Mưa Bão,0.874526,0.570732,22,0,88.37,Cao điểm Sáng,1.8
Cần Thơ,,0,16.99,Xe ViP,Nắng,0.38208,0.733618,11,0,97.4,Cao điểm Tối,1.76
Hồ Chí Minh,,1,2.99,Xe Máy,Mưa Bão,0.20097,0.594761,12,0,92.2,Đêm,1.92
Hải Phòng,,2,18.07,Ô Tô 4 Chỗ,Mưa Bão,0.207708,0.914686,15,0,84.66,Cao điểm Sáng,2.74
Hà Nội,,6,3.98,Ô Tô 4 Chỗ,Mưa,0.685159,0.939665,12,1,85.33,Đêm,1.75
Hồ Chí Minh,,1,19.76,Ô Tô 4 Chỗ,Mưa,0.912669,0.564785,7,0,95.58,Chiều,1.23
Đà Nẵng,,6,2.72,Ô Tô 4 Chỗ,Mưa Bão,0.352696,0.583337,21,1,95.78,Chiều,1.5
Đà Nẵng,,5,6.17,Xe ViP,Mưa,0.764135,0.503857,5,1,89.11,Cao điểm Tối,2.26
Hải Phòng,,2,6.1,Ô Tô 4 Chỗ,Nắng,0.602332,0.994619,3,0,90.18,Cao điểm Tối,1.98
Cần Thơ,,2,5.49,Xe Máy,Nắng,0.947133,0.815479,9,0,86.14,Cao điểm Tối,1.14
Cần Thơ,,5,7.4,Xe ViP,Nhiều Mây,0.71338,0.759611,23,1,97.86,Cao điểm Tối,1.18
Hà Nội,,6,5.35,Xe Máy,Mưa Bão,0.528428,0.892938,0,1,94.33,Cao điểm Tối,2.94
Hồ Chí Minh,,3,19.09,Xe Máy,Nắng,0.281195,0.747313,23,0,88.4,Cao điểm Sáng,1.87
Hải Phòng,,6,15.43,Ô Tô 4 Chỗ,Nhiều Mây,0.227709,0.593361,14,1,90.11,Cao điểm Sáng,1.63
Hồ Chí Minh,,1,0.62,Xe ViP,Nắng,0.54191,0.77124,12,0,93.67,Chiều,1.34
Đà Nẵng,,3,7.21,Ô Tô 4 Chỗ,Nhiều Mây,0.61538,0.791937,11,0,85.6,Cao điểm Tối,1.41
Hồ Chí Minh,,4,18.36,Xe Máy,Nắng,0.573878,0.706409,8,0,90.67,Cao điểm Tối,1.44
Hồ Chí Minh,,6,3.95,Xe ViP,Mưa,0.957192,0.407511,1,1,89.47,Đêm,1.37
Hồ Chí Minh,,4,7.33,Xe Máy,Nhiều Mây,0.627844,0.422106,23,0,86.48,Chiều,1
Hà Nội,,0,14.82,Xe ViP,Nắng,0.316726,0.809597,8,0,88.42,Chiều,1.74
Hải Phòng,,2,16.36,Xe Máy,Nắng,0.866845,0.402345,7,0,95.79,Đêm,1
Hải Phòng,,5,14.33,Ô Tô 4 Chỗ,Nhiều Mây,0.760809,0.480255,7,1,88.88,Đêm,1
Hồ Chí Minh,,1,3.34,Xe ViP,Nắng,0.685382,0.823172,12,0,98.39,Cao điểm Tối,1.37
Hải Phòng,,0,16.63,Ô Tô 4 Chỗ,Mưa Bão,0.901618,0.463948,8,0,93.84,Chiều,1.36
Cần Thơ,,2,13.43,Ô Tô 4 Chỗ,Nắng,0.505877,0.736034,18,0,88.46,Cao điểm Tối,1.49
Hồ Chí Minh,,6,13.43,Xe ViP,Nắng,0.450639,0.597056,9,1,94.05,Cao điểm Sáng,1.5
Hà Nội,,2,5.52,Ô Tô 4 Chỗ,Mưa,0.530217,0.705918,13,0,86.08,Cao điểm Tối,2.51
Hồ Chí Minh,,2,14.26,Xe Máy,Nắng,0.867935,0.893689,7,0,88.79,Chiều,1.04
Hồ Chí Minh,,1,6.55,Ô Tô 4 Chỗ,Nắng,0.272843,0.983371,21,0,89.35,Chiều,2.07
Đà Nẵng,,6,12.37,Xe ViP,Mưa,0.305723,0.421232,14,1,92.18,Đêm,1.56
Hà Nội,,6,7.9,Ô Tô 4 Chỗ,Mưa Bão,0.344108,0.405901,14,1,88.17,Chiều,1.27
Hải Phòng,,0,3.8,Xe ViP,Mưa Bão,0.453594,0.728411,16,0,97.03,Chiều,1.66
Đà Nẵng,,4,13.23,Xe ViP,Nhiều Mây,0.304052,0.827933,12,0,95.38,Đêm,1.79
Hồ Chí Minh,,2,3.81,Xe ViP,Nắng,0.9899,0.742293,11,0,84.77,Đêm,1
Hồ Chí Minh,,6,7.81,Xe Máy,Mưa Bão,0.890214,0.921092,23,1,96.43,Đêm,1.29
Hà Nội,,0,6.85,Xe Máy,Mưa Bão,0.588225,0.478204,13,0,92.87,Cao điểm Sáng,2.19
Cần Thơ,,0,19.42,Xe ViP,Nhiều Mây,0.444042,0.859229,0,0,98.24,Cao điểm Tối,1.98
Cần Thơ,,4,11.19,Xe ViP,Mưa Bão,0.837687,0.522924,2,0,97.5,Đêm,1.15
Cần Thơ,,5,3.22,Ô Tô 4 Chỗ,Nắng,0.978806,0.810848,17,1,83.41,Cao điểm Tối,1.17
Hải Phòng,,3,11.7,Ô Tô 4 Chỗ,Mưa Bão,0.746949,0.678033,10,0,88.53,Đêm,1.13
Đà Nẵng,,6,18.91,Xe ViP,Mưa,0.368111,0.872152,18,1,87.87,Đêm,1.89
Hồ Chí Minh,,0,2.55,Xe ViP,Nhiều Mây,0.254367,0.732525,22,0,88.04,Cao điểm Sáng,2.06
Cần Thơ,,5,1.44,Ô Tô 4 Chỗ,Mưa,0.916702,0.536889,11,1,90.86,Cao điểm Tối,1.65
Hà Nội,,4,16.79,Xe Máy,Nhiều Mây,0.746232,0.507395,4,0,93.68,Chiều,1
Hải Phòng,,3,8.76,Xe ViP,Mưa,0.343246,0.507633,16,0,90.29,Cao điểm Tối,2.03
Đà Nẵng,,6,14.89,Ô Tô 4 Chỗ,Nắng,0.300049,0.704443,22,1,93.52,Cao điểm Sáng,1.63
Cần Thơ,,6,15.86,Ô Tô 4 Chỗ,Nắng,0.720613,0.786467,21,1,96.72,Cao điểm Sáng,1
Cần Thơ,,4,14.12,Xe ViP,Mưa Bão,0.961601,0.687989,2,0,98.53,Cao điểm Tối,2.15
Đà Nẵng,,2,10.61,Xe ViP,Mưa,0.859102,0.739521,16,0,97.9,Cao điểm Sáng,1.58
Hồ Chí Minh,,5,10.78,Xe Máy,Mưa,0.488053,0.821003,4,1,93.9,Cao điểm Tối,2.86
Hồ Chí Minh,,2,4,Ô Tô 4 Chỗ,Mưa Bão,0.642628,0.709675,9,0,84.44,Cao điểm Sáng,1.66
Đà Nẵng,,1,19.91,Xe ViP,Mưa,0.776212,0.948846,14,0,95.4,Cao điểm Tối,2.59
Hải Phòng,,6,8.77,Xe Máy,Mưa,0.566872,0.826745,7,1,97.53,Chiều,1.56
Cần Thơ,,4,7.44,Xe ViP,Nhiều Mây,0.460856,0.699248,3,0,97.85,Cao điểm Sáng,1.73
Hồ Chí Minh,,6,8.87,Xe ViP,Mưa,0.621004,0.513167,4,1,95.42,Chiều,1.29
Cần Thơ,,2,15.39,Xe Máy,Mưa,0.511348,0.628984,1,0,90.65,Cao điểm Sáng,2.26
Hồ Chí Minh,,1,2.68,Xe Máy,Mưa Bão,0.303764,0.832317,20,0,96.37,Cao điểm Tối,3.26
Cần Thơ,,3,19.59,Xe Máy,Nắng,0.598505,0.915758,7,0,91.01,Chiều,1.48
Hà Nội,,4,12.98,Ô Tô 4 Chỗ,Nắng,0.840974,0.734402,13,0,86.58,Cao điểm Sáng,1.29
Cần Thơ,,3,6.19,Xe Máy,Nắng,0.828667,0.662102,15,0,88.3,Cao điểm Sáng,1.27
Hồ Chí Minh,,6,10.81,Xe ViP,Mưa,0.336153,0.985629,7,1,87.72,Chiều,2.3
Hải Phòng,,2,13.26,Ô Tô 4 Chỗ,Nhiều Mây,0.69182,0.517987,13,0,84.12,Chiều,1
Đà Nẵng,,5,14.57,Xe ViP,Mưa,0.334737,0.607526,17,1,96.18,Chiều,1.63
Hà Nội,,6,9.66,Ô Tô 4 Chỗ,Nhiều Mây,0.572613,0.716774,3,1,88.64,Cao điểm Sáng,1.42
Đà Nẵng,,0,15.39,Xe ViP,Nhiều Mây,0.364585,0.404514,21,0,94.93,Chiều,1.06
Hồ Chí Minh,,0,17.03,Ô Tô 4 Chỗ,Nắng,0.64152,0.68675,15,0,93.38,Đêm,1.07
Hồ Chí Minh,,0,2.11,Ô Tô 4 Chỗ,Mưa,0.606194,0.722389,13,0,94.84,Cao điểm Sáng,2.56
Hà Nội,,0,8,Xe Máy,Mưa,0.59233,0.614937,5,0,94.56,Chiều,1.26
Cần Thơ,,6,14.05,Xe ViP,Mưa Bão,0.785421,0.980684,23,1,90.32,Đêm,1.43
Hồ Chí Minh,,6,17.92,Ô Tô 4 Chỗ,Nắng,0.699648,0.876573,17,1,99.66,Cao điểm Tối,1.62
Hà Nội,,0,12.59,Xe Máy,Mưa Bão,0.42648,0.620153,7,0,96.62,Cao điểm Tối,2.05
Hải Phòng,,5,4.55,Xe Máy,Mưa,0.459904,0.687508,8,1,90.57,Đêm,1.48
Hồ Chí Minh,,5,16.95,Xe ViP,Mưa,0.951358,0.92201,11,1,87.46,Đêm,1.39
Hồ Chí Minh,,1,7.25,Xe ViP,Nắng,0.640289,0.927541,13,0,96.36,Cao điểm Sáng,1.65
Đà Nẵng,,4,2.99,Xe Máy,Mưa,0.747912,0.811763,23,0,91.03,Cao điểm Sáng,1.6
Đà Nẵng,,1,19.21,Xe Máy,Mưa Bão,0.947407,0.72148,14,0,89.66,Đêm,1.2
Hồ Chí Minh,,6,1.74,Xe Máy,Mưa,0.695907,0.566254,15,1,97.86,Chiều,1.1
Cần Thơ,,5,16.8,Xe Máy,Mưa Bão,0.967412,0.453658,20,1,89.44,Cao điểm Tối,2.22
Hồ Chí Minh,,4,12.17,Xe Máy,Mưa,0.533962,0.472835,5,0,86.16,Cao điểm Tối,1.78
Hà Nội,,6,4.74,Xe ViP,Mưa,0.383204,0.979912,17,1,96.8,Đêm,2.14
Hải Phòng,,6,1.9,Xe ViP,Nắng,0.615823,0.785767,12,1,92.61,Đêm,1
Cần Thơ,,2,8.77,Xe Máy,Nhiều Mây,0.357614,0.830169,11,0,88.94,Chiều,1.71
Hà Nội,,0,17.57,Xe ViP,Mưa,0.534237,0.955016,0,0,96.85,Cao điểm Tối,2.14
Hồ Chí Minh,,4,11.29,Xe ViP,Nhiều Mây,0.858961,0.669958,13,0,93.74,Đêm,1
Đà Nẵng,,6,3.66,Ô Tô 4 Chỗ,Nắng,0.456488,0.891035,9,1,94.14,Chiều,1.64
Cần Thơ,,2,7.23,Xe Máy,Nhiều Mây,0.80054,0.984663,10,0,88.18,Đêm,1.28
Hà Nội,,2,15.97,Xe Máy,Mưa Bão,0.358151,0.917374,6,0,88.32,Đêm,2.16
Hà Nội,,6,2.06,Ô Tô 4 Chỗ,Nhiều Mây,0.480113,0.680717,13,1,93.88,Cao điểm Sáng,1.6
Hải Phòng,,6,12.01,Xe ViP,Nắng,0.285277,0.488078,12,1,86.87,Cao điểm Tối,1.45
Cần Thơ,,4,9.67,Xe ViP,Mưa Bão,0.223559,0.845246,9,0,96.63,Cao điểm Sáng,2.69
Hà Nội,,6,16.22,Xe Máy,Mưa,0.384293,0.693841,9,1,94.66,Cao điểm Tối,2.61
Hồ Chí Minh,,6,2.55,Xe Máy,Mưa,0.851266,0.999996,22,1,90.52,Chiều,1.47
Cần Thơ,,1,16.82,Ô Tô 4 Chỗ,Nắng,0.431112,0.955738,4,0,88.41,Đêm,1.79
Hồ Chí Minh,,1,12.79,Ô Tô 4 Chỗ,Nhiều Mây,0.810763,0.740609,14,0,91.97,Chiều,1
Hà Nội,,5,18.9,Ô Tô 4 Chỗ,Mưa,0.604106,0.935407,21,1,88.7,Đêm,1.82
Hải Phòng,,4,12.88,Ô Tô 4 Chỗ,Mưa Bão,0.256127,0.612822,7,0,94.94,Cao điểm Sáng,2.43
Đà Nẵng,,3,12.97,Ô Tô 4 Chỗ,Mưa,0.425621,0.42125,16,0,86.85,Cao điểm Sáng,2.38
Hà Nội,,1,15.97,Ô Tô 4 Chỗ,Mưa Bão,0.547694,0.545842,20,0,96.91,Cao điểm Sáng,1.62
Hà Nội,,5,12.29,Xe Máy,Nắng,0.623838,0.583778,18,1,95.81,Đêm,1
Đà Nẵng,,1,15.01,Ô Tô 4 Chỗ,Mưa,0.922048,0.688501,16,0,95.7,Đêm,1.4
Đà Nẵng,,6,10.74,Xe Máy,Nắng,0.532917,0.630062,14,1,87.49,Cao điểm Sáng,1.15
Cần Thơ,,4,12.8,Ô Tô 4 Chỗ,Nhiều Mây,0.782328,0.558646,6,0,86.71,Đêm,1
Cần Thơ,,4,8.8,Xe ViP,Nhiều Mây,0.281914,0.664353,23,0,95.89,Đêm,1.57
Đà Nẵng,,1,8.4,Xe Máy,Mưa Bão,0.728069,0.683709,14,0,84.67,Chiều,1.16
Cần Thơ,,6,4.65,Xe ViP,Mưa,0.314486,0.417932,12,1,91.41,Chiều,1.53
Cần Thơ,,4,14.7,Ô Tô 4 Chỗ,Mưa Bão,0.724643,0.6169,14,0,85.53,Đêm,1.13
Hải Phòng,,6,12.94,Xe ViP,Nắng,0.511561,0.465932,8,1,94.84,Cao điểm Sáng,1.03
Hồ Chí Minh,,3,9.1,Xe Máy,Nắng,0.623541,0.474151,5,0,97.05,Đêm,1
Hải Phòng,,2,11.97,Xe Máy,Mưa,0.855246,0.593146,16,0,86.94,Chiều,1.21
Hồ Chí Minh,,3,10.05,Ô Tô 4 Chỗ,Nhiều Mây,0.97322,0.709588,15,0,96.91,Chiều,1
Hải Phòng,,0,0.83,Xe ViP,Nắng,0.771922,0.54089,10,0,96.07,Cao điểm Sáng,1.11
Cần Thơ,,2,17.54,Xe ViP,Nhiều Mây,0.363179,0.929792,21,0,86.47,Cao điểm Tối,2.12
Hải Phòng,,5,9.74,Ô Tô 4 Chỗ,Mưa Bão,0.214454,0.653622,8,1,85.76,Cao điểm Sáng,3.08
Hải Phòng,,0,6.85,Ô Tô 4 Chỗ,Mưa Bão,0.515888,0.897667,15,0,95.32,Đêm,1.9
Đà Nẵng,,1,7.36,Xe ViP,Mưa Bão,0.752509,0.77135,16,0,87.66,Đêm,1.16
Hồ Chí Minh,,2,5.88,Ô Tô 4 Chỗ,Mưa,0.981148,0.433932,11,0,91.84,Chiều,1.31
Hồ Chí Minh,,1,7.05,Xe ViP,Nhiều Mây,0.966286,0.69576,18,0,90.06,Chiều,1
Hà Nội,,0,6.92,Ô Tô 4 Chỗ,Nhiều Mây,0.933766,0.545234,2,0,89.94,Chiều,1
Hải Phòng,,0,10.63,Xe Máy,Mưa Bão,0.955779,0.790601,13,0,90.86,Chiều,1.37
Hải Phòng,,2,13.11,Xe ViP,Mưa Bão,0.819093,0.648911,3,0,91.06,Cao điểm Sáng,1.73
Hồ Chí Minh,,3,19.14,Xe Máy,Mưa,0.693242,0.995704,8,0,88.11,Cao điểm Sáng,2.57
Đà Nẵng,,1,6.22,Xe Máy,Mưa Bão,0.823475,0.564377,23,0,95.46,Chiều,1.39
Đà Nẵng,,6,14.86,Ô Tô 4 Chỗ,Mưa,0.295911,0.968883,5,1,87.63,Đêm,2.3
Hồ Chí Minh,,4,14.33,Xe ViP,Mưa Bão,0.220088,0.786432,13,0,92.76,Đêm,2.04
Hải Phòng,,1,3.32,Ô Tô 4 Chỗ,Nắng,0.956683,0.679812,22,0,97.82,Cao điểm Sáng,1.26
Hồ Chí Minh,,1,13.54,Ô Tô 4 Chỗ,Mưa,0.497987,0.938202,23,0,87.79,Cao điểm Tối,2.55
Hải Phòng,,3,12.03,Ô Tô 4 Chỗ,Mưa,0.560548,0.591871,4,0,86.74,Chiều,1.22
Hải Phòng,,4,8.55,Ô Tô 4 Chỗ,Mưa Bão,0.469427,0.525103,16,0,89.12,Chiều,1.28
Hải Phòng,,5,13.79,Xe Máy,Mưa,0.209701,0.678858,7,1,89.29,Cao điểm Sáng,2.45
Đà Nẵng,,1,19.56,Xe ViP,Nắng,0.719878,0.563715,2,0,96.33,Cao điểm Tối,1.35
Đà Nẵng,,0,19.35,Xe Máy,Mưa Bão,0.641762,0.733352,8,0,86.01,Cao điểm Tối,2.35
Cần Thơ,,1,1.26,Xe ViP,Mưa Bão,0.810713,0.609546,5,0,97.49,Cao điểm Sáng,1.66
Cần Thơ,,6,13.36,Ô Tô 4 Chỗ,Nắng,0.409481,0.453502,19,1,93.58,Cao điểm Tối,1.09
Hồ Chí Minh,,6,7.52,Ô Tô 4 Chỗ,Mưa Bão,0.619345,0.495594,23,1,91.16,Cao điểm Tối,2.21
Hà Nội,,1,9.63,Ô Tô 4 Chỗ,Mưa,0.274404,0.946651,9,0,90.85,Cao điểm Sáng,2.54
Hà Nội,,1,2.48,Ô Tô 4 Chỗ,Nắng,0.52752,0.480214,14,0,86.87,Cao điểm Tối,1.35
Cần Thơ,,0,4.87,Ô Tô 4 Chỗ,Nhiều Mây,0.79349,0.514049,22,0,94.05,Cao điểm Sáng,1.11
Đà Nẵng,,1,9.81,Xe ViP,Nắng,0.636502,0.929919,12,0,94.78,Cao điểm Tối,1.63
Đà Nẵng,,3,5.57,Xe ViP,Mưa,0.978434,0.912538,2,0,93.62,Cao điểm Sáng,1.74
Hà Nội,,2,6.6,Ô Tô 4 Chỗ,Nhiều Mây,0.326455,0.98906,2,0,88.34,Đêm,1.99
Đà Nẵng,,5,9.3,Xe ViP,Nhiều Mây,0.254752,0.708457,14,1,94.98,Cao điểm Tối,1.76
Cần Thơ,,2,5.47,Ô Tô 4 Chỗ,Mưa Bão,0.97847,0.983805,16,0,87.44,Đêm,1.33
Hà Nội,,4,16.39,Xe ViP,Mưa,0.940022,0.496126,1,0,89.05,Chiều,1.27
Hà Nội,,4,18.47,Xe Máy,Nhiều Mây,0.980981,0.768604,3,0,94.53,Cao điểm Tối,1.22
Đà Nẵng,,1,0.73,Xe ViP,Mưa Bão,0.574129,0.507221,17,0,91.65,Cao điểm Tối,1.92
Hà Nội,,3,10.69,Xe ViP,Nắng,0.878101,0.661177,22,0,93.59,Cao điểm Sáng,1.22
Hải Phòng,,5,16.56,Ô Tô 4 Chỗ,Mưa Bão,0.915201,0.613632,10,1,89,Cao điểm Tối,1.88
Hà Nội,,0,9.02,Ô Tô 4 Chỗ,Mưa,0.432468,0.495783,18,0,86.84,Chiều,1.22
Cần Thơ,,0,9.02,Ô Tô 4 Chỗ,Mưa,0.600576,0.449826,7,0,86.89,Cao điểm Sáng,2.04
Hồ Chí Minh,,5,1.83,Ô Tô 4 Chỗ,Mưa,0.258857,0.844104,17,1,95.42,Cao điểm Tối,2.59
Hà Nội,,2,10.01,Xe ViP,Nhiều Mây,0.968821,0.678007,21,0,86.13,Đêm,1
Hải Phòng,,5,6.75,Ô Tô 4 Chỗ,Mưa,0.692834,0.753537,3,1,87.92,Cao điểm Tối,1.77
Hà Nội,,5,12.18,Ô Tô 4 Chỗ,Mưa Bão,0.829355,0.674636,0,1,99.32,Đêm,1.31
Hải Phòng,,1,12.08,Xe ViP,Nắng,0.637032,0.727533,9,0,90.4,Chiều,1.14
Đà Nẵng,,5,10.68,Ô Tô 4 Chỗ,Nắng,0.640337,0.635227,16,1,94.9,Đêm,1
Hồ Chí Minh,,4,1.27,Xe ViP,Mưa Bão,0.69055,0.820544,22,0,94.67,Cao điểm Tối,1.76
Đà Nẵng,,3,1.68,Ô Tô 4 Chỗ,Nắng,0.906596,0.446023,12,0,89.32,Cao điểm Sáng,1.29
Cần Thơ,,6,15.19,Xe ViP,Nhiều Mây,0.338643,0.498111,2,1,85.75,Đêm,1.07
Đà Nẵng,,4,3.36,Xe Máy,Mưa Bão,0.967403,0.958154,2,0,97.28,Cao điểm Sáng,1.79
Hồ Chí Minh,,5,18.17,Ô Tô 4 Chỗ,Mưa,0.912559,0.533804,23,1,90.52,Đêm,1.26
Cần Thơ,,4,0.77,Xe ViP,Mưa Bão,0.360704,0.92179,9,0,93.27,Đêm,2.18
Hà Nội,,3,8.15,Ô Tô 4 Chỗ,Mưa Bão,0.702222,0.677675,14,0,89.71,Đêm,1.2
Hải Phòng,,5,10.42,Xe ViP,Nắng,0.284104,0.680776,8,1,88.65,Cao điểm Tối,1.74
Hà Nội,,2,11.4,Xe ViP,Mưa,0.394967,0.86892,5,0,90.83,Chiều,1.94
Hồ Chí Minh,,2,17.41,Ô Tô 4 Chỗ,Nắng,0.640759,0.664919,14,0,89.45,Đêm,1.04
Hà Nội,,1,13.4,Ô Tô 4 Chỗ,Mưa,0.901447,0.607076,5,0,88.99,Cao điểm Sáng,1.91
Hải Phòng,,1,19.38,Ô Tô 4 Chỗ,Mưa,0.953898,0.616699,9,0,90.59,Đêm,1.2
Hà Nội,,1,11.15,Xe Máy,Nhiều Mây,0.498947,0.510132,4,0,98.14,Đêm,1.02
Hồ Chí Minh,,2,5.45,Ô Tô 4 Chỗ,Nhiều Mây,0.605542,0.982736,16,0,85.99,Cao điểm Tối,1.89
Hồ Chí Minh,,3,9.57,Xe ViP,Mưa,0.498059,0.820151,20,0,90.12,Cao điểm Sáng,2.94
Hải Phòng,,5,8.41,Ô Tô 4 Chỗ,Nắng,0.892394,0.749643,4,1,93.68,Đêm,1
Cần Thơ,,2,15.83,Xe ViP,Mưa Bão,0.413643,0.726735,14,0,85.14,Chiều,1.57
Hồ Chí Minh,,5,3.66,Xe ViP,Nắng,0.551666,0.674696,16,1,90.06,Cao điểm Sáng,1.33
Hà Nội,,3,1.52,Xe Máy,Mưa Bão,0.426157,0.749411,6,0,90.19,Cao điểm Sáng,2.58
Hồ Chí Minh,,3,11.85,Xe Máy,Nhiều Mây,0.336593,0.75721,10,0,90.09,Đêm,1.63
Cần Thơ,,4,11.02,Xe ViP,Mưa,0.808279,0.796784,11,0,87.01,Đêm,1.13
Hà Nội,,0,18.92,Xe ViP,Nắng,0.813305,0.519264,7,0,94.53,Đêm,1
Hải Phòng,,3,4.95,Xe Máy,Mưa,0.690298,0.655554,11,0,96.27,Cao điểm Tối,1.68
Hải Phòng,,5,6.66,Xe Máy,Mưa,0.696786,0.971769,3,1,93.04,Cao điểm Tối,2.74
Đà Nẵng,,2,12.52,Ô Tô 4 Chỗ,Mưa Bão,0.876959,0.651872,16,0,97.1,Đêm,1.33
Đà Nẵng,,3,5.1,Ô Tô 4 Chỗ,Mưa,0.82327,0.67599,3,0,93.97,Cao điểm Tối,2.39
Đà Nẵng,,0,2.38,Xe ViP,Nhiều Mây,0.324156,0.891989,0,0,94.11,Cao điểm Sáng,2.15
Cần Thơ,,0,13.96,Xe ViP,Nhiều Mây,0.450714,0.928418,12,0,97.9,Chiều,1.72
Hải Phòng,,0,15.71,Xe Máy,Nắng,0.784553,0.410433,8,0,88.97,Cao điểm Sáng,1.39
Đà Nẵng,,1,2.43,Xe Máy,Mưa,0.876318,0.695729,4,0,84.16,Đêm,1.11
Đà Nẵng,,5,6.94,Xe ViP,Mưa Bão,0.914592,0.794621,11,1,90.39,Cao điểm Sáng,2.42
Hồ Chí Minh,,3,12.32,Xe ViP,Nắng,0.893379,0.547189,17,0,95.81,Cao điểm Tối,1.34
Hà Nội,,4,0.64,Ô Tô 4 Chỗ,Mưa,0.987869,0.680966,5,0,89.2,Cao điểm Sáng,1.67
Đà Nẵng,,6,3.6,Xe Máy,Mưa,0.474815,0.743254,4,1,92,Cao điểm Sáng,2.19
Đà Nẵng,,3,5.92,Xe ViP,Nắng,0.796612,0.846382,3,0,89.35,Cao điểm Sáng,1.47
Hà Nội,,4,2.95,Xe ViP,Nắng,0.538251,0.432047,4,0,92.8,Cao điểm Sáng,1.19
Đà Nẵng,,0,5.49,Ô Tô 4 Chỗ,Nhiều Mây,0.5447,0.841813,11,0,92.98,Cao điểm Sáng,1.58
Hà Nội,,5,12.8,Ô Tô 4 Chỗ,Nhiều Mây,0.436167,0.926273,6,1,96.4,Cao điểm Tối,1.91
Hà Nội,,1,10.6,Xe ViP,Mưa,0.593068,0.70999,4,0,92.83,Đêm,1.45
Hồ Chí Minh,,2,14.04,Xe ViP,Mưa Bão,0.925132,0.528989,22,0,91.94,Cao điểm Sáng,1.8
Hà Nội,,4,3.17,Xe Máy,Mưa Bão,0.508823,0.608316,4,0,88.91,Đêm,1.52
Đà Nẵng,,4,7.32,Xe ViP,Mưa Bão,0.696797,0.862345,19,0,95.57,Cao điểm Sáng,2.27
Hồ Chí Minh,,0,11.03,Xe ViP,Mưa Bão,0.798828,0.900422,7,0,99.63,Đêm,1.48
Hải Phòng,,3,16.34,Xe ViP,Nắng,0.625569,0.535617,7,0,83.59,Cao điểm Sáng,1.33
Hà Nội,,3,12.28,Xe ViP,Mưa Bão,0.529455,0.760764,23,0,93.16,Cao điểm Tối,1.92
Đà Nẵng,,1,15.67,Ô Tô 4 Chỗ,Nắng,0.490888,0.505631,23,0,89.23,Cao điểm Tối,1.25
Hà Nội,,5,3.61,Xe Máy,Mưa,0.953884,0.502984,8,1,86.38,Chiều,1.35
Đà Nẵng,,0,14.65,Xe ViP,Nhiều Mây,0.364333,0.712722,9,0,93.31,Cao điểm Tối,1.63
Hà Nội,,6,18.99,Xe Máy,Mưa Bão,0.417126,0.602762,17,1,97.12,Chiều,1.59
Hồ Chí Minh,,3,9.25,Xe Máy,Nắng,0.456771,0.75673,12,0,91.99,Cao điểm Sáng,1.58
Đà Nẵng,,3,18.42,Ô Tô 4 Chỗ,Mưa Bão,0.775038,0.677734,1,0,95.94,Cao điểm Sáng,2.13
Hà Nội,,0,6.8,Xe Máy,Mưa,0.748348,0.72695,4,0,83.24,Đêm,1.18
Hải Phòng,,2,6.43,Ô Tô 4 Chỗ,Mưa Bão,0.690139,0.45044,9,0,89.08,Cao điểm Sáng,2.29
Cần Thơ,,3,18.8,Xe Máy,Nắng,0.203031,0.988347,22,0,89.64,Cao điểm Sáng,2.46
Cần Thơ,,3,0.73,Xe Máy,Mưa,0.333231,0.620508,13,0,94.48,Chiều,1.83
Đà Nẵng,,6,9.96,Xe Máy,Mưa,0.420765,0.636988,22,1,87.03,Cao điểm Tối,2.53
Cần Thơ,,5,16.15,Xe Máy,Mưa Bão,0.708308,0.554647,7,1,94.15,Đêm,1.21
Cần Thơ,,3,5.05,Ô Tô 4 Chỗ,Nhiều Mây,0.559346,0.89364,5,0,87.79,Cao điểm Sáng,1.71
Hà Nội,,0,2.52,Xe Máy,Nhiều Mây,0.704112,0.961698,14,0,84.79,Đêm,1.39
Đà Nẵng,,4,3.5,Ô Tô 4 Chỗ,Nhiều Mây,0.314622,0.689863,6,0,94.13,Cao điểm Sáng,1.79
Đà Nẵng,,6,10.06,Xe ViP,Nắng,0.73006,0.829593,22,1,87.53,Chiều,1
Hải Phòng,,6,9.41,Xe ViP,Nắng,0.325878,0.429761,3,1,87.91,Cao điểm Tối,1.4
Hải Phòng,,6,8.05,Ô Tô 4 Chỗ,Nắng,0.569109,0.503648,23,1,97.77,Cao điểm Sáng,1.12
Cần Thơ,,5,16.57,Xe ViP,Nắng,0.964874,0.52833,23,1,95.93,Đêm,1
Cần Thơ,,1,17.87,Xe ViP,Nắng,0.780935,0.683798,7,0,85.55,Chiều,1
Đà Nẵng,,3,8.41,Ô Tô 4 Chỗ,Nhiều Mây,0.637617,0.69224,2,0,87.12,Đêm,1.08
Hà Nội,,0,14.03,Xe ViP,Nắng,0.788054,0.927169,13,0,96.6,Cao điểm Sáng,1.49
Đà Nẵng,,4,11.06,Xe Máy,Nhiều Mây,0.257942,0.513872,20,0,94.02,Chiều,1.38
Cần Thơ,,0,12.67,Ô Tô 4 Chỗ,Nắng,0.435257,0.801359,16,0,85.26,Cao điểm Sáng,1.74
Cần Thơ,,0,16.73,Xe ViP,Nắng,0.986468,0.837103,16,0,87,Chiều,1
Hà Nội,,4,8.95,Xe ViP,Nhiều Mây,0.524105,0.696401,14,0,85.66,Chiều,1.26
Hồ Chí Minh,,1,7.57,Ô Tô 4 Chỗ,Nhiều Mây,0.672996,0.690302,0,0,90.53,Chiều,1.03
Hải Phòng,,1,15.33,Ô Tô 4 Chỗ,Nhiều Mây,0.810953,0.499354,0,0,94.59,Đêm,1
Đà Nẵng,,2,18.71,Xe ViP,Mưa Bão,0.472572,0.608968,21,0,88.09,Cao điểm Sáng,2.39
Hồ Chí Minh,,1,5.24,Xe Máy,Nhiều Mây,0.461891,0.839919,10,0,88.8,Đêm,1.57
Cần Thơ,,4,2.12,Xe Máy,Mưa Bão,0.399335,0.49797,7,0,97.55,Đêm,1.37
Hà Nội,,5,8.77,Ô Tô 4 Chỗ,Mưa Bão,0.981932,0.61643,14,1,91.11,Chiều,1.23
Hà Nội,,4,5.06,Ô Tô 4 Chỗ,Nhiều Mây,0.539424,0.563654,17,0,97.24,Cao điểm Sáng,1.21
Hà Nội,,1,11.93,Xe Máy,Mưa Bão,0.243214,0.613885,5,0,97.39,Chiều,1.91
Hải Phòng,,2,9.66,Ô Tô 4 Chỗ,Mưa,0.93669,0.77066,14,0,98.12,Chiều,1.34
Hà Nội,,5,13.19,Xe Máy,Mưa Bão,0.792888,0.514513,17,1,92.74,Cao điểm Tối,1.77
Hồ Chí Minh,,1,3.21,Ô Tô 4 Chỗ,Nhiều Mây,0.439161,0.565091,16,0,94.56,Cao điểm Sáng,1.54
Hồ Chí Minh,,0,3.23,Xe Máy,Nắng,0.984775,0.686639,9,0,93.7,Cao điểm Sáng,1.1
Hồ Chí Minh,,2,8.56,Xe ViP,Nắng,0.325434,0.939157,20,0,95.62,Cao điểm Tối,2.29
Cần Thơ,,3,7.28,Xe Máy,Nhiều Mây,0.315966,0.997081,16,0,94.56,Cao điểm Sáng,2.32
Cần Thơ,,5,16.15,Ô Tô 4 Chỗ,Mưa Bão,0.830297,0.459476,10,1,90.24,Đêm,1.32
Hải Phòng,,0,14.93,Xe Máy,Mưa Bão,0.524406,0.515379,0,0,93.74,Cao điểm Tối,2.26
Hồ Chí Minh,,2,10.53,Xe ViP,Mưa,0.861423,0.947071,10,0,86.31,Cao điểm Sáng,2.09
Đà Nẵng,,0,10.15,Ô Tô 4 Chỗ,Mưa,0.500076,0.428761,23,0,85.78,Cao điểm Sáng,2.22
Hồ Chí Minh,,4,14.98,Xe ViP,Mưa Bão,0.795696,0.64709,1,0,96.51,Cao điểm Tối,1.7
Đà Nẵng,,3,4.77,Ô Tô 4 Chỗ,Nhiều Mây,0.489436,0.761369,5,0,93.76,Cao điểm Tối,1.54
Cần Thơ,,5,6.37,Xe Máy,Nắng,0.592114,0.751108,18,1,90.98,Đêm,1.17
Hà Nội,,6,1.07,Xe Máy,Nắng,0.504911,0.739959,0,1,96.79,Chiều,1.35
Hà Nội,,2,2.61,Xe Máy,Nắng,0.884941,0.421453,2,0,88.82,Cao điểm Sáng,1.35
Hải Phòng,,1,1.77,Xe Máy,Mưa,0.204307,0.689108,17,0,94.15,Đêm,1.94
Hồ Chí Minh,,1,3.05,Xe Máy,Nắng,0.433514,0.837914,11,0,93.51,Chiều,1.61
Cần Thơ,,0,4.48,Xe Máy,Mưa,0.357023,0.495661,1,0,92.25,Cao điểm Sáng,1.97
Hồ Chí Minh,,6,8.96,Ô Tô 4 Chỗ,Mưa,0.801433,0.573927,11,1,95.88,Đêm,1.15
Hồ Chí Minh,,1,13.22,Xe Máy,Mưa Bão,0.892643,0.759741,15,0,97.47,Cao điểm Tối,2.15
Hà Nội,,2,17.99,Xe Máy,Nhiều Mây,0.447707,0.99956,3,0,92.12,Chiều,1.83
Hà Nội,,3,12.38,Ô Tô 4 Chỗ,Nắng,0.955734,0.728274,9,0,86.1,Chiều,1
Hà Nội,,4,5.75,Xe ViP,Nhiều Mây,0.247074,0.870478,19,0,89.55,Chiều,1.94
Hà Nội,,4,14.08,Xe Máy,Nhiều Mây,0.526607,0.81942,9,0,96.23,Cao điểm Tối,1.75
Hà Nội,,6,10.29,Xe Máy,Nắng,0.296192,0.880674,3,1,96.06,Cao điểm Tối,2.09
Đà Nẵng,,5,15.07,Xe ViP,Mưa,0.53251,0.529254,9,1,99.27,Cao điểm Sáng,1.58
Hà Nội,,5,18.89,Ô Tô 4 Chỗ,Mưa Bão,0.504625,0.607535,2,1,87.17,Chiều,1.44
Hà Nội,,0,14.17,Xe Máy,Nhiều Mây,0.9341,0.729466,3,0,84.76,Cao điểm Tối,1.14
Đà Nẵng,,6,9.22,Ô Tô 4 Chỗ,Nhiều Mây,0.796273,0.662354,8,1,95.25,Cao điểm Tối,1.15
Hà Nội,,1,4.34,Xe Máy,Nhiều Mây,0.731529,0.800522,9,0,98.11,Cao điểm Tối,1.4
Hà Nội,,6,13.73,Xe ViP,Nhiều Mây,0.462127,0.816605,12,1,93.62,Cao điểm Tối,1.92
Hải Phòng,,5,16.42,Ô Tô 4 Chỗ,Nắng,0.715553,0.90295,0,1,93.79,Đêm,1.17
Hải Phòng,,6,11.84,Ô Tô 4 Chỗ,Mưa Bão,0.766457,0.444836,16,1,93.22,Cao điểm Tối,2.37
Đà Nẵng,,0,10.76,Xe Máy,Nhiều Mây,0.694514,0.65075,13,0,92.7,Chiều,1
Hà Nội,,6,3.56,Xe Máy,Nắng,0.395025,0.716158,15,1,99.39,Cao điểm Tối,1.73
Cần Thơ,,1,5.5,Ô Tô 4 Chỗ,Mưa Bão,0.954311,0.8235,8,0,91.85,Chiều,1.32
Cần Thơ,,4,9.5,Xe ViP,Mưa Bão,0.397537,0.51871,12,0,97.51,Đêm,1.46
Hải Phòng,,2,2.21,Xe Máy,Mưa,0.455339,0.444334,12,0,96.78,Đêm,1.28
Hồ Chí Minh,,1,12.92,Xe Máy,Mưa,0.234764,0.459502,2,0,90.76,Cao điểm Sáng,2.53
Hà Nội,,2,9.4,Xe Máy,Nhiều Mây,0.444794,0.928438,14,0,99.01,Cao điểm Tối,2.12
Hồ Chí Minh,,4,18.21,Ô Tô 4 Chỗ,Nhiều Mây,0.567261,0.839787,22,0,93.91,Chiều,1.41
Hải Phòng,,2,14.04,Xe ViP,Nhiều Mây,0.898007,0.470176,0,0,91.01,Đêm,1
Cần Thơ,,6,14,Xe ViP,Mưa,0.408525,0.428234,17,1,94.74,Cao điểm Tối,1.71
Cần Thơ,,4,16.8,Xe ViP,Mưa Bão,0.653721,0.705741,12,0,89.28,Đêm,1.23
Hà Nội,,3,4.4,Xe ViP,Nắng,0.601408,0.72,18,0,86.87,Đêm,1.18
Hải Phòng,,3,16.32,Xe Máy,Nhiều Mây,0.835673,0.638476,7,0,99.02,Cao điểm Sáng,1.3
Hải Phòng,,4,12.05,Xe ViP,Nhiều Mây,0.721091,0.998482,1,0,96.95,Chiều,1.42
Hải Phòng,,5,13.81,Ô Tô 4 Chỗ,Nhiều Mây,0.695694,0.968481,19,1,84.96,Chiều,1.33
Hồ Chí Minh,,3,6.31,Xe ViP,Mưa,0.277198,0.663056,20,0,96.93,Cao điểm Tối,2.68
Hải Phòng,,2,13.03,Xe ViP,Nắng,0.370741,0.623874,23,0,89.42,Đêm,1.38
Hải Phòng,,4,8.6,Ô Tô 4 Chỗ,Mưa Bão,0.353382,0.931418,14,0,92.07,Chiều,2.09
Cần Thơ,,5,15.63,Ô Tô 4 Chỗ,Mưa Bão,0.604336,0.489892,9,1,92.65,Cao điểm Sáng,1.7
Đà Nẵng,,0,4.54,Xe Máy,Mưa,0.855663,0.583414,18,0,97.04,Đêm,1.35
Hải Phòng,,4,9.16,Xe Máy,Mưa Bão,0.551161,0.865495,21,0,89.78,Cao điểm Tối,2.67
Hồ Chí Minh,,5,12.48,Xe Máy,Mưa,0.78445,0.467325,13,1,88.6,Cao điểm Sáng,2.21
Cần Thơ,,3,12.78,Xe Máy,Nắng,0.487612,0.486303,17,0,94.97,Đêm,1
Hà Nội,,1,12.47,Ô Tô 4 Chỗ,Mưa,0.501201,0.872283,0,0,85.82,Cao điểm Tối,2.94
Đà Nẵng,,1,10.71,Ô Tô 4 Chỗ,Mưa,0.513251,0.94803,23,0,92.27,Chiều,1.96
Hà Nội,,3,10.22,Ô Tô 4 Chỗ,Nhiều Mây,0.632687,0.853066,23,0,84.41,Chiều,1.33
Hải Phòng,,1,0.57,Xe ViP,Nhiều Mây,0.935306,0.930433,12,0,89.5,Đêm,1
Hà Nội,,4,19.42,Xe Máy,Nhiều Mây,0.783711,0.677352,6,0,89.76,Cao điểm Tối,1.38
Hà Nội,,5,5.71,Xe ViP,Mưa Bão,0.911353,0.8449,19,1,98.09,Cao điểm Tối,2.19
Cần Thơ,,3,17.47,Ô Tô 4 Chỗ,Nhiều Mây,0.841282,0.737589,3,0,87.92,Đêm,1
Hồ Chí Minh,,4,10.53,Ô Tô 4 Chỗ,Nhiều Mây,0.681905,0.964446,1,0,89.12,Cao điểm Sáng,1.73
Hà Nội,,0,1.08,Xe ViP,Nhiều Mây,0.463641,0.877498,23,0,88.17,Đêm,1.62
Cần Thơ,,4,9.71,Xe Máy,Mưa Bão,0.786479,0.451068,9,0,86.37,Chiều,1.19
Cần Thơ,,2,16.52,Xe ViP,Nắng,0.724312,0.507307,12,0,92.44,Cao điểm Sáng,1.24
Hồ Chí Minh,,2,13.71,Xe Máy,Mưa Bão,0.621752,0.61639,22,0,86.42,Cao điểm Tối,1.87
Hà Nội,,2,13.15,Xe ViP,Mưa,0.311673,0.881177,8,0,96.47,Đêm,2.1
Đà Nẵng,,6,8.66,Xe ViP,Mưa Bão,0.419255,0.963358,7,1,98.22,Cao điểm Tối,2.39
Hà Nội,,5,11.16,Ô Tô 4 Chỗ,Nắng,0.965177,0.487803,5,1,89.5,Đêm,1
Hồ Chí Minh,,1,18.23,Ô Tô 4 Chỗ,Mưa,0.450489,0.62391,21,0,97.34,Chiều,1.61
Hải Phòng,,2,16.84,Xe Máy,Nắng,0.767468,0.858225,6,0,91.8,Cao điểm Sáng,1.26
Hồ Chí Minh,,3,0.72,Ô Tô 4 Chỗ,Nắng,0.829675,0.879766,15,0,89.84,Đêm,1.08
Hồ Chí Minh,,5,6.66,Ô Tô 4 Chỗ,Mưa,0.51221,0.825113,12,1,85.19,Đêm,1.85
Hải Phòng,,2,10.46,Xe Máy,Nhiều Mây,0.844129,0.625379,21,0,87.87,Cao điểm Sáng,1.25
Hà Nội,,1,4.81,Xe Máy,Mưa,0.857058,0.643526,12,0,98.22,Đêm,1.35
Hải Phòng,,3,9.41,Xe Máy,Mưa Bão,0.914453,0.57593,10,0,94.64,Cao điểm Tối,2.07
Hồ Chí Minh,,3,4.07,Xe Máy,Mưa Bão,0.893064,0.496843,22,0,91.25,Cao điểm Tối,2.05
Hải Phòng,,3,11.03,Xe Máy,Nắng,0.401765,0.563066,9,0,85.15,Đêm,1.24
Hà Nội,,3,13.9,Xe Máy,Nhiều Mây,0.914903,0.590931,21,0,95.82,Đêm,1
Hà Nội,,0,6.34,Xe Máy,Nắng,0.971811,0.522034,10,0,97.64,Đêm,1
Hà Nội,,0,4.55,Xe ViP,Mưa Bão,0.5715,0.446304,17,0,91.03,Cao điểm Sáng,2.49
Đà Nẵng,,2,6.02,Ô Tô 4 Chỗ,Nhiều Mây,0.216825,0.981271,20,0,84.25,Chiều,2.15
Hà Nội,,0,14.84,Xe Máy,Mưa Bão,0.26567,0.496675,3,0,94.97,Đêm,1.7
Hồ Chí Minh,,0,3.51,Xe Máy,Nắng,0.63268,0.868536,7,0,94.12,Chiều,1.35
Cần Thơ,,2,15.77,Ô Tô 4 Chỗ,Mưa,0.320689,0.917462,23,0,89.03,Đêm,2.15
Hà Nội,,5,11.73,Xe Máy,Nhiều Mây,0.929222,0.773096,17,1,90.36,Cao điểm Tối,1.16
Hồ Chí Minh,,6,1.87,Xe ViP,Nắng,0.893113,0.640464,1,1,94.21,Cao điểm Sáng,1.14
Hải Phòng,,5,18.83,Ô Tô 4 Chỗ,Nhiều Mây,0.929007,0.781229,20,1,88.74,Cao điểm Tối,1.17
Hà Nội,,0,7.15,Ô Tô 4 Chỗ,Mưa Bão,0.26787,0.991238,16,0,98.48,Cao điểm Tối,3.52
Hải Phòng,,0,8.9,Xe Máy,Nhiều Mây,0.669239,0.63185,19,0,88.04,Chiều,1
Đà Nẵng,,2,0.83,Ô Tô 4 Chỗ,Nhiều Mây,0.986162,0.486573,2,0,93.47,Đêm,1
Hà Nội,,0,1,Xe Máy,Nắng,0.261134,0.851005,15,0,86.01,Chiều,1.88
Hà Nội,,0,16.88,Ô Tô 4 Chỗ,Nắng,0.863414,0.824717,18,0,89.88,Cao điểm Sáng,1.24
Cần Thơ,,4,18.79,Xe Máy,Nắng,0.246863,0.481783,15,0,88.22,Cao điểm Tối,1.66
Hà Nội,,3,8.07,Ô Tô 4 Chỗ,Nắng,0.358805,0.60248,20,0,90.58,Cao điểm Sáng,1.61
Hồ Chí Minh,,4,4.82,Xe Máy,Mưa,0.795842,0.4606,1,0,94.63,Cao điểm Sáng,1.71
Hải Phòng,,3,14.46,Ô Tô 4 Chỗ,Mưa Bão,0.55655,0.488906,9,0,92.1,Chiều,1.37
Cần Thơ,,1,9.47,Ô Tô 4 Chỗ,Nhiều Mây,0.696202,0.48656,21,0,92.76,Cao điểm Sáng,1.31
Hà Nội,,3,14.77,Ô Tô 4 Chỗ,Nhiều Mây,0.260531,0.703243,9,0,97.42,Cao điểm Sáng,1.83
Đà Nẵng,,0,1.55,Xe ViP,Nắng,0.234511,0.826312,1,0,89.29,Chiều,1.89
Hải Phòng,,4,8.31,Xe ViP,Mưa,0.648946,0.432658,16,0,84.82,Cao điểm Sáng,1.65
Hải Phòng,,3,1.77,Xe Máy,Mưa,0.591255,0.471376,3,0,87.03,Đêm,1.17
Đà Nẵng,,6,11.59,Ô Tô 4 Chỗ,Nắng,0.596601,0.674062,23,1,86.71,Chiều,1
Hà Nội,,5,3.58,Ô Tô 4 Chỗ,Nhiều Mây,0.380972,0.897779,21,1,92.63,Cao điểm Sáng,2.06
Đà Nẵng,,4,1.86,Xe Máy,Mưa Bão,0.220669,0.465059,4,0,90.24,Cao điểm Tối,2.34
Cần Thơ,,3,9.02,Xe ViP,Nắng,0.715576,0.676474,20,0,94.34,Cao điểm Tối,1.14
Hà Nội,,2,17.15,Ô Tô 4 Chỗ,Nắng,0.56973,0.520153,16,0,96.66,Chiều,1
Hồ Chí Minh,,3,6.3,Xe Máy,Nắng,0.812688,0.914306,19,0,89.36,Cao điểm Sáng,1.32
Hải Phòng,,2,13.95,Xe Máy,Mưa Bão,0.306206,0.589188,6,0,93.3,Cao điểm Tối,2.88
Cần Thơ,,3,19.66,Ô Tô 4 Chỗ,Mưa Bão,0.303651,0.501625,5,0,86.73,Cao điểm Sáng,2.52
Đà Nẵng,,5,18.15,Ô Tô 4 Chỗ,Mưa,0.782084,0.813885,21,1,92.86,Chiều,1.17
Hải Phòng,,0,10.27,Xe ViP,Mưa Bão,0.828352,0.556612,22,0,90.4,Đêm,1.21
Đà Nẵng,,3,12.28,Xe ViP,Mưa Bão,0.622534,0.540963,0,0,91.52,Chiều,1.36
Hà Nội,,4,11.62,Xe ViP,Nắng,0.879191,0.862327,11,0,89.21,Cao điểm Sáng,1.28
Cần Thơ,,6,6.22,Xe ViP,Nắng,0.979809,0.964215,21,1,90.12,Cao điểm Tối,1.14
Hà Nội,,0,9.31,Xe Máy,Mưa Bão,0.863473,0.942516,10,0,94.08,Chiều,1.37
Hà Nội,,1,17.96,Xe Máy,Mưa,0.660285,0.724303,12,0,95.51,Cao điểm Sáng,1.77
Hồ Chí Minh,,5,4.89,Ô Tô 4 Chỗ,Nắng,0.715429,0.463527,17,1,94.1,Cao điểm Sáng,1.2
Hải Phòng,,2,15.37,Xe Máy,Nắng,0.207163,0.528844,23,0,85.89,Cao điểm Sáng,1.72
Hồ Chí Minh,,1,13.28,Xe ViP,Nắng,0.920315,0.549645,9,0,89.6,Cao điểm Tối,1.1
Cần Thơ,,5,7.96,Xe Máy,Nhiều Mây,0.8288,0.848245,19,1,93.33,Chiều,1
Hải Phòng,,6,18.03,Xe ViP,Nhiều Mây,0.884574,0.517266,21,1,84.62,Cao điểm Sáng,1.11
Hà Nội,,1,9.57,Ô Tô 4 Chỗ,Mưa Bão,0.657334,0.432596,13,0,87.25,Đêm,1.16
Cần Thơ,,6,15.86,Ô Tô 4 Chỗ,Mưa Bão,0.753775,0.833998,6,1,95.06,Đêm,1.39
Hồ Chí Minh,,5,1.73,Xe Máy,Nhiều Mây,0.288735,0.641678,19,1,87.62,Cao điểm Sáng,1.92
Đà Nẵng,,6,17.88,Xe ViP,Nắng,0.485372,0.534577,4,1,85.97,Chiều,1
Hà Nội,,2,3.07,Ô Tô 4 Chỗ,Nhiều Mây,0.254046,0.515914,20,0,90.87,Cao điểm Tối,1.53
Hà Nội,,0,11.26,Xe Máy,Nắng,0.253414,0.892081,22,0,91.42,Chiều,1.96
Hải Phòng,,2,4.72,Xe Máy,Nắng,0.256863,0.854777,19,0,91.33,Chiều,1.9
Cần Thơ,,6,3.16,Ô Tô 4 Chỗ,Mưa,0.438439,0.43154,8,1,88.03,Chiều,1.13
Hà Nội,,4,19.02,Xe ViP,Mưa,0.397513,0.435681,3,0,92.4,Đêm,1.19
Hà Nội,,2,8.47,Xe Máy,Mưa Bão,0.63762,0.878453,13,0,91.15,Đêm,1.63
Cần Thơ,,2,13.63,Xe ViP,Mưa Bão,0.775452,0.550652,18,0,86.17,Chiều,1.27
Cần Thơ,,0,7.01,Ô Tô 4 Chỗ,Nhiều Mây,0.662101,0.555472,12,0,93.2,Cao điểm Sáng,1.2
Hồ Chí Minh,,4,19.84,Xe Máy,Mưa Bão,0.53173,0.932265,7,0,91.82,Cao điểm Tối,2.19
Hồ Chí Minh,,3,12.76,Ô Tô 4 Chỗ,Nắng,0.486273,0.971063,1,0,88.61,Chiều,1.73
Hải Phòng,,5,6.94,Ô Tô 4 Chỗ,Mưa Bão,0.441933,0.81972,14,1,94.44,Cao điểm Tối,2.98
Hải Phòng,,3,9.73,Ô Tô 4 Chỗ,Nhiều Mây,0.354474,0.91097,1,0,89.04,Cao điểm Tối,2.13
Cần Thơ,,1,14.79,Xe ViP,Nhiều Mây,0.498006,0.604018,8,0,97.69,Cao điểm Sáng,1.37
Hải Phòng,,4,16.5,Xe ViP,Mưa,0.720024,0.980496,20,0,89.72,Cao điểm Tối,1.99
Hà Nội,,6,3.98,Ô Tô 4 Chỗ,Nhiều Mây,0.717574,0.977409,5,1,90.58,Đêm,1.39
Hồ Chí Minh,,6,5.63,Xe ViP,Mưa Bão,0.629681,0.969452,17,1,93.63,Cao điểm Sáng,2.05
Hồ Chí Minh,,0,13.08,Xe Máy,Mưa,0.322265,0.520224,21,0,91.91,Đêm,1.61
Hải Phòng,,5,16.28,Ô Tô 4 Chỗ,Mưa,0.64326,0.439496,14,1,99.06,Đêm,1.21
Hải Phòng,,1,3.97,Xe ViP,Mưa Bão,0.496027,0.930102,13,0,83.64,Cao điểm Sáng,2.32
Cần Thơ,,2,1.14,Xe Máy,Mưa Bão,0.567721,0.582804,16,0,94,Cao điểm Tối,2.49
Hà Nội,,2,12.1,Xe ViP,Nắng,0.892955,0.664759,19,0,97.34,Đêm,1
Đà Nẵng,,4,4.91,Xe ViP,Mưa Bão,0.379611,0.863639,6,0,85.74,Cao điểm Tối,2.25
Hồ Chí Minh,,6,11.46,Ô Tô 4 Chỗ,Mưa Bão,0.749104,0.947923,13,1,91.07,Chiều,1.68
Hải Phòng,,4,19.36,Xe ViP,Nhiều Mây,0.537334,0.439369,6,0,89.13,Cao điểm Sáng,1.33
Hà Nội,,6,14.04,Xe Máy,Mưa,0.393703,0.659063,13,1,94.39,Đêm,1.68
Hà Nội,,2,1.76,Xe Máy,Nắng,0.902966,0.602374,7,0,93.2,Cao điểm Tối,1.15
Cần Thơ,,2,1.5,Xe ViP,Nhiều Mây,0.429863,0.426528,4,0,89.87,Cao điểm Sáng,1.37
Hải Phòng,,1,2.92,Ô Tô 4 Chỗ,Nắng,0.992848,0.980232,6,0,96.86,Đêm,1
Hà Nội,,1,2.44,Ô Tô 4 Chỗ,Mưa,0.471666,0.898705,18,0,87.87,Cao điểm Tối,2.68
Hồ Chí Minh,,4,11.44,Xe ViP,Nắng,0.344887,0.565509,12,0,92.5,Cao điểm Sáng,1.68
Hải Phòng,,3,2.75,Ô Tô 4 Chỗ,Nhiều Mây,0.75419,0.809075,4,0,94.14,Cao điểm Tối,1.19
Đà Nẵng,,3,14.84,Xe ViP,Mưa Bão,0.708588,0.829939,9,0,91.79,Đêm,1.44
Hải Phòng,,3,2.66,Xe Máy,Nhiều Mây,0.708194,0.556628,13,0,84.19,Đêm,1
Cần Thơ,,5,17.12,Ô Tô 4 Chỗ,Nắng,0.871951,0.93639,14,1,93.61,Đêm,1
Hải Phòng,,6,16.3,Xe Máy,Mưa,0.646712,0.58708,9,1,88.05,Đêm,1.33
Cần Thơ,,1,18.25,Xe ViP,Nhiều Mây,0.852324,0.531561,10,0,90.31,Cao điểm Sáng,1.28
Hà Nội,,6,10.12,Ô Tô 4 Chỗ,Mưa,0.281862,0.508661,7,1,86.3,Cao điểm Tối,2.56
Hà Nội,,3,3.11,Xe Máy,Mưa Bão,0.334971,0.849824,8,0,88.19,Cao điểm Sáng,2.54
Cần Thơ,,5,18.44,Xe ViP,Nắng,0.757741,0.860263,9,1,93.88,Cao điểm Sáng,1.24
Hồ Chí Minh,,3,11.06,Xe ViP,Mưa,0.360078,0.908079,3,0,90.03,Đêm,1.93
Hà Nội,,4,0.92,Xe ViP,Mưa Bão,0.412849,0.591947,22,0,92.61,Cao điểm Tối,2.65
Hồ Chí Minh,,6,19.91,Xe Máy,Mưa Bão,0.816751,0.920921,13,1,97.56,Cao điểm Sáng,1.66
Hồ Chí Minh,,5,2.75,Xe ViP,Nhiều Mây,0.397357,0.847761,12,1,96.13,Cao điểm Tối,1.8
Hồ Chí Minh,,0,15.52,Ô Tô 4 Chỗ,Mưa Bão,0.644813,0.442775,6,0,92.06,Đêm,1.4
Hồ Chí Minh,,6,18.5,Xe Máy,Mưa,0.843668,0.78174,14,1,87.16,Chiều,1.3
Hồ Chí Minh,,1,18.97,Xe ViP,Mưa Bão,0.815914,0.700511,19,0,87.15,Cao điểm Sáng,2.28
Đà Nẵng,,1,1.22,Ô Tô 4 Chỗ,Mưa Bão,0.356263,0.40506,19,0,93.47,Cao điểm Tối,1.59
Cần Thơ,,4,6.69,Xe ViP,Nhiều Mây,0.547305,0.880905,13,0,95.25,Cao điểm Sáng,1.8
Cần Thơ,,5,18.5,Xe Máy,Nhiều Mây,0.770907,0.647773,0,1,87.35,Cao điểm Sáng,1.21
Hà Nội,,2,7.49,Xe ViP,Nắng,0.700756,0.851987,20,0,86.26,Chiều,1.23
Hà Nội,,0,11.61,Xe Máy,Nhiều Mây,0.342262,0.912438,17,0,98.63,Cao điểm Tối,2.24
Đà Nẵng,,4,19.58,Ô Tô 4 Chỗ,Mưa Bão,0.965379,0.83023,21,0,90.1,Đêm,1.38
Hải Phòng,,5,14.1,Ô Tô 4 Chỗ,Mưa Bão,0.49799,0.504981,1,1,95.72,Chiều,1.27
Cần Thơ,,4,13.32,Ô Tô 4 Chỗ,Mưa Bão,0.738134,0.744979,10,0,86.23,Chiều,1.27
Hà Nội,,4,15.35,Ô Tô 4 Chỗ,Mưa Bão,0.981432,0.692438,3,0,91.46,Cao điểm Tối,1.87
Đà Nẵng,,1,19.2,Xe ViP,Mưa,0.294367,0.919612,15,0,87.02,Cao điểm Tối,3.38
Cần Thơ,,4,2.9,Xe ViP,Mưa,0.288212,0.448661,18,0,87.02,Chiều,1.35
Hải Phòng,,4,2.79,Ô Tô 4 Chỗ,Nắng,0.587672,0.545307,7,0,87,Chiều,1
Cần Thơ,,1,14.82,Ô Tô 4 Chỗ,Nhiều Mây,0.208244,0.582948,23,0,95.61,Đêm,1.56
Cần Thơ,,6,11.78,Xe Máy,Nhiều Mây,0.689963,0.421245,21,1,96.89,Cao điểm Sáng,1.08
Đà Nẵng,,6,14.12,Xe ViP,Mưa Bão,0.621852,0.446999,8,1,92.03,Cao điểm Sáng,2.06
Hà Nội,,1,17.43,Ô Tô 4 Chỗ,Nắng,0.293846,0.965259,17,0,99.43,Chiều,2.01
Đà Nẵng,,2,7.97,Xe Máy,Mưa Bão,0.961092,0.78662,15,0,95.41,Cao điểm Sáng,1.59
Hải Phòng,,0,13.59,Xe Máy,Nắng,0.221865,0.760405,20,0,93.44,Cao điểm Tối,2.2
Cần Thơ,,0,10.89,Xe ViP,Nhiều Mây,0.481295,0.400322,7,0,87.5,Chiều,1
Hà Nội,,1,11.94,Xe ViP,Nắng,0.869302,0.605575,22,0,86.12,Đêm,1
Hồ Chí Minh,,5,2.15,Ô Tô 4 Chỗ,Nhiều Mây,0.383004,0.896864,17,1,91.67,Cao điểm Sáng,2.16
Hà Nội,,5,3.95,Xe ViP,Nắng,0.904709,0.706467,8,1,93.76,Cao điểm Tối,1.2
Cần Thơ,,0,6.14,Ô Tô 4 Chỗ,Mưa,0.340406,0.503522,10,0,91.15,Chiều,1.47
Hồ Chí Minh,,3,12.73,Xe Máy,Nắng,0.776474,0.963927,16,0,90.57,Đêm,1.28
Hải Phòng,,3,4.82,Xe ViP,Nắng,0.937151,0.473395,4,0,83.35,Cao điểm Tối,1.35
Hải Phòng,,4,7.95,Ô Tô 4 Chỗ,Mưa,0.699365,0.512168,22,0,93.05,Cao điểm Sáng,2.03
Hồ Chí Minh,,6,13.23,Xe ViP,Mưa,0.485246,0.800908,20,1,86.12,Cao điểm Tối,2.59
Hải Phòng,,1,1.02,Xe Máy,Mưa Bão,0.471822,0.623642,2,0,88,Đêm,1.46
Cần Thơ,,3,3.17,Xe ViP,Nắng,0.224529,0.67772,23,0,91.09,Đêm,1.68
Hải Phòng,,6,16.35,Xe Máy,Mưa Bão,0.774964,0.968258,5,1,95.53,Đêm,1.41
Đà Nẵng,,2,18.91,Ô Tô 4 Chỗ,Mưa Bão,0.761471,0.728081,0,0,94.03,Cao điểm Tối,1.91
Đà Nẵng,,5,10.06,Xe Máy,Nhiều Mây,0.848458,0.997488,19,1,87.06,Chiều,1.21
Hồ Chí Minh,,1,16.94,Ô Tô 4 Chỗ,Nắng,0.969809,0.833862,23,0,98.22,Cao điểm Tối,1.16
Đà Nẵng,,2,12.29,Xe ViP,Nhiều Mây,0.614755,0.552116,5,0,86.67,Chiều,1
Hồ Chí Minh,,6,6.03,Xe ViP,Nhiều Mây,0.369426,0.587686,13,1,94.4,Chiều,1.33
Cần Thơ,,2,17.6,Xe ViP,Mưa Bão,0.353577,0.965282,22,0,84.11,Chiều,2.27
Đà Nẵng,,3,3.82,Xe ViP,Nắng,0.61059,0.946333,8,0,91.96,Chiều,1.5
Cần Thơ,,4,3.85,Ô Tô 4 Chỗ,Nhiều Mây,0.577025,0.841609,11,0,88.11,Đêm,1.4
Hồ Chí Minh,,4,1.84,Xe ViP,Mưa Bão,0.254237,0.966544,15,0,96.06,Chiều,2.21
Đà Nẵng,,6,17.02,Xe Máy,Nhiều Mây,0.273351,0.678458,8,1,84.89,Chiều,1.55
Hà Nội,,3,14.98,Xe ViP,Nắng,0.826406,0.538462,19,0,92.8,Đêm,1
Cần Thơ,,6,9.07,Xe ViP,Nắng,0.210444,0.655754,5,1,84.93,Cao điểm Sáng,1.9
Đà Nẵng,,6,10.87,Xe Máy,Nắng,0.91953,0.717442,3,1,86.98,Cao điểm Tối,1
Hải Phòng,,3,2.86,Ô Tô 4 Chỗ,Nhiều Mây,0.99681,0.970438,19,0,90.94,Cao điểm Sáng,1.18
Đà Nẵng,,5,15.86,Ô Tô 4 Chỗ,Mưa Bão,0.44293,0.990649,20,1,86.21,Đêm,2.19
Hồ Chí Minh,,0,8.18,Xe ViP,Mưa Bão,0.205892,0.613001,13,0,88.39,Đêm,1.8
Hồ Chí Minh,,5,12.57,Xe ViP,Nắng,0.630334,0.563368,20,1,84.94,Cao điểm Tối,1.11
Cần Thơ,,3,9,Xe Máy,Mưa,0.500799,0.935933,21,0,94.66,Cao điểm Sáng,2.7
Đà Nẵng,,4,13.42,Ô Tô 4 Chỗ,Mưa,0.648442,0.57568,3,0,97.33,Đêm,1.17
Cần Thơ,,3,7.11,Ô Tô 4 Chỗ,Mưa Bão,0.659327,0.858321,1,0,96.53,Chiều,1.6
Hà Nội,,5,5.43,Xe ViP,Mưa,0.308019,0.992145,3,1,90.29,Cao điểm Tối,2.99
Hải Phòng,,0,13.54,Xe ViP,Nắng,0.40893,0.961894,22,0,91.97,Đêm,1.83
Cần Thơ,,4,19.28,Xe ViP,Nắng,0.896668,0.533462,21,0,84.88,Chiều,1
Cần Thơ,,6,15.07,Xe Máy,Mưa Bão,0.80898,0.852061,7,1,95,Cao điểm Sáng,1.7
Hà Nội,,4,16.21,Xe Máy,Mưa Bão,0.345875,0.473757,1,0,92.67,Đêm,1.41
Hải Phòng,,2,6.08,Ô Tô 4 Chỗ,Nắng,0.323667,0.60968,22,0,91.01,Đêm,1.43
Hải Phòng,,6,18.14,Xe ViP,Nắng,0.441143,0.539997,13,1,89.61,Cao điểm Sáng,1.15
Hải Phòng,,5,3.41,Xe ViP,Nhiều Mây,0.430169,0.507857,16,1,93.73,Đêm,1
Hà Nội,,6,8.58,Xe Máy,Mưa,0.621065,0.992739,15,1,89.12,Đêm,1.88
Cần Thơ,,5,8.44,Xe ViP,Mưa,0.406286,0.714467,11,1,95.5,Đêm,1.65
Cần Thơ,,4,2.21,Xe ViP,Mưa,0.682209,0.844447,14,0,87.47,Đêm,1.5
Cần Thơ,,1,10.39,Xe ViP,Mưa Bão,0.815515,0.428666,19,0,95.61,Cao điểm Sáng,1.84
Đà Nẵng,,3,6.91,Xe Máy,Nắng,0.562804,0.79619,12,0,89.6,Đêm,1.35
Hồ Chí Minh,,6,2.39,Ô Tô 4 Chỗ,Nắng,0.230522,0.919647,6,1,98.7,Cao điểm Sáng,2.38
Hà Nội,,1,17.41,Xe ViP,Nhiều Mây,0.616663,0.944059,19,0,98.95,Cao điểm Tối,1.66
Đà Nẵng,,0,3.42,Xe ViP,Nhiều Mây,0.250401,0.612133,6,0,85.73,Chiều,1.54
Hà Nội,,3,10.06,Xe ViP,Mưa Bão,0.642451,0.934273,22,0,91.05,Chiều,1.68
Đà Nẵng,,0,17.1,Xe Máy,Nhiều Mây,0.961905,0.535765,0,0,95.09,Chiều,1
Hà Nội,,2,11.88,Xe ViP,Nhiều Mây,0.573892,0.743951,10,0,86.16,Cao điểm Tối,1.59
Đà Nẵng,,5,7.84,Ô Tô 4 Chỗ,Nhiều Mây,0.754195,0.64414,15,1,86.71,Cao điểm Tối,1.23
Cần Thơ,,6,14.67,Ô Tô 4 Chỗ,Nhiều Mây,0.942685,0.543334,4,1,94.91,Cao điểm Tối,1.18
Hồ Chí Minh,,5,1.8,Xe ViP,Mưa,0.234804,0.695473,5,1,89.6,Chiều,1.94
Đà Nẵng,,5,7.48,Ô Tô 4 Chỗ,Mưa,0.878755,0.971667,11,1,86.86,Cao điểm Tối,2.4
Đà Nẵng,,1,1.16,Xe ViP,Mưa Bão,0.763227,0.576847,22,0,89.02,Cao điểm Sáng,2.28
Cần Thơ,,5,19.06,Ô Tô 4 Chỗ,Mưa,0.582063,0.98746,21,1,86.35,Chiều,1.72
Cần Thơ,,1,18.47,Xe Máy,Nắng,0.669636,0.686727,17,0,96.88,Đêm,1.03
Hà Nội,,0,5.42,Xe Máy,Mưa,0.224525,0.9443,21,0,88.66,Chiều,2.21
Hồ Chí Minh,,3,4.44,Xe Máy,Mưa,0.566327,0.916078,18,0,94.8,Cao điểm Tối,2.73
Hà Nội,,2,4.15,Ô Tô 4 Chỗ,Nắng,0.989859,0.950934,4,0,97.81,Chiều,1
Hà Nội,,2,5.45,Xe Máy,Mưa,0.738842,0.70712,7,0,89.35,Cao điểm Sáng,2.4
Đà Nẵng,,2,19.61,Xe Máy,Nắng,0.990817,0.823727,1,0,86.53,Đêm,1
Hải Phòng,,3,4.33,Xe Máy,Nắng,0.832474,0.405488,18,0,93.14,Đêm,1
Hồ Chí Minh,,0,19.45,Ô Tô 4 Chỗ,Nhiều Mây,0.542975,0.553476,7,0,92.77,Cao điểm Tối,1.14
Hải Phòng,,2,6.7,Xe Máy,Nắng,0.641579,0.798542,16,0,93.88,Chiều,1.24
Hồ Chí Minh,,3,12.6,Xe Máy,Mưa,0.313506,0.424036,8,0,88.32,Đêm,1.31
Cần Thơ,,5,1.07,Xe ViP,Nhiều Mây,0.564866,0.701444,4,1,89.26,Đêm,1.11
Cần Thơ,,4,17.66,Xe Máy,Mưa Bão,0.250774,0.852143,3,0,97.44,Cao điểm Tối,2.95
Hồ Chí Minh,,1,16.76,Xe ViP,Mưa Bão,0.834932,0.731967,0,0,91.22,Đêm,1.11
Hải Phòng,,1,5.7,Xe Máy,Nắng,0.39998,0.996634,19,0,87.08,Chiều,1.89
Đà Nẵng,,5,9.87,Xe Máy,Nhiều Mây,0.397421,0.658869,6,1,95.4,Đêm,1.3
Hà Nội,,1,19.55,Xe Máy,Nhiều Mây,0.515164,0.58639,18,0,86.01,Cao điểm Tối,1.41
Cần Thơ,,0,19.99,Xe ViP,Nhiều Mây,0.555875,0.967424,20,0,96.56,Cao điểm Tối,1.85
Hà Nội,,2,0.92,Ô Tô 4 Chỗ,Nhiều Mây,0.406366,0.436071,6,0,88.85,Đêm,1.04
Hồ Chí Minh,,4,7.07,Ô Tô 4 Chỗ,Nắng,0.972229,0.412477,8,0,89.77,Cao điểm Sáng,1.11
Hồ Chí Minh,,4,5.42,Xe Máy,Nhiều Mây,0.994365,0.565837,10,0,83.89,Cao điểm Sáng,1.39
Đà Nẵng,,6,5.75,Ô Tô 4 Chỗ,Nắng,0.988115,0.917828,13,1,86.75,Chiều,1
Hải Phòng,,5,1.55,Xe ViP,Nắng,0.663035,0.707295,20,1,93.94,Đêm,1
Hồ Chí Minh,,3,9.77,Xe Máy,Nhiều Mây,0.676698,0.541679,16,0,94.88,Đêm,1
Hà Nội,,3,10.64,Xe ViP,Nhiều Mây,0.809931,0.431832,10,0,95.21,Cao điểm Tối,1.38
Cần Thơ,,5,15.98,Xe Máy,Mưa,0.52531,0.795152,11,1,97.99,Cao điểm Tối,2.5
Hồ Chí Minh,,4,13.73,Xe ViP,Nắng,0.630415,0.636566,8,0,92.52,Đêm,1.01
Hải Phòng,,0,11.13,Xe Máy,Nắng,0.552074,0.91543,5,0,85.15,Đêm,1.55
Hồ Chí Minh,,5,19.78,Xe Máy,Mưa,0.986632,0.526096,12,1,86.83,Chiều,1.37
Hà Nội,,4,5.23,Ô Tô 4 Chỗ,Nhiều Mây,0.760352,0.7277,20,0,96.37,Chiều,1
Cần Thơ,,4,17.76,Ô Tô 4 Chỗ,Mưa Bão,0.238649,0.496376,3,0,87.48,Cao điểm Sáng,1.96
Hồ Chí Minh,,6,18.67,Ô Tô 4 Chỗ,Mưa,0.371081,0.86275,10,1,84.84,Cao điểm Tối,3.06
Hồ Chí Minh,,0,11.41,Xe Máy,Nắng,0.236844,0.648343,11,0,92.79,Chiều,1.62
Hà Nội,,1,19.3,Xe ViP,Nắng,0.246655,0.621218,17,0,90.76,Cao điểm Sáng,1.85
Đà Nẵng,,5,7.7,Ô Tô 4 Chỗ,Mưa,0.236717,0.69174,15,1,94.06,Cao điểm Tối,2.39
Đà Nẵng,,6,18.1,Ô Tô 4 Chỗ,Mưa,0.485867,0.635524,15,1,96.35,Chiều,1.55
Hải Phòng,,3,13.35,Xe Máy,Nhiều Mây,0.860417,0.834162,4,0,89.19,Đêm,1
Cần Thơ,,0,12.14,Ô Tô 4 Chỗ,Nhiều Mây,0.474119,0.403666,13,0,93.18,Cao điểm Sáng,1.28
Hồ Chí Minh,,5,10.92,Ô Tô 4 Chỗ,Mưa,0.513165,0.437125,3,1,89.92,Chiều,1.38
Đà Nẵng,,2,12.46,Xe ViP,Mưa Bão,0.849761,0.631986,22,0,94.6,Chiều,1.31
Đà Nẵng,,2,12.81,Ô Tô 4 Chỗ,Nhiều Mây,0.680031,0.547583,21,0,95.64,Đêm,1
Đà Nẵng,,4,3.95,Xe Máy,Mưa,0.637318,0.560659,11,0,94.34,Cao điểm Tối,1.76
Hà Nội,,4,17.2,Ô Tô 4 Chỗ,Nhiều Mây,0.730945,0.421378,14,0,89.11,Cao điểm Tối,1.26
Hồ Chí Minh,,3,16.19,Ô Tô 4 Chỗ,Nắng,0.29603,0.911991,22,0,95.16,Cao điểm Tối,2.06
Hồ Chí Minh,,3,3.2,Xe ViP,Nắng,0.325791,0.632057,10,0,95.87,Đêm,1.46
Cần Thơ,,1,18.54,Xe Máy,Mưa Bão,0.34964,0.532606,20,0,93.21,Đêm,1.46
Đà Nẵng,,0,9.39,Ô Tô 4 Chỗ,Nắng,0.405186,0.490937,13,0,92.49,Cao điểm Tối,1.44
Hồ Chí Minh,,5,18.34,Ô Tô 4 Chỗ,Mưa Bão,0.485189,0.657558,14,1,88.05,Đêm,1.5
Hồ Chí Minh,,0,10.07,Ô Tô 4 Chỗ,Mưa Bão,0.633526,0.925218,0,0,90.05,Cao điểm Tối,2.38
Hồ Chí Minh,,3,10.19,Xe Máy,Nắng,0.481484,0.927713,14,0,95.13,Cao điểm Tối,1.81
Hà Nội,,4,11.42,Xe Máy,Nắng,0.465583,0.705723,1,0,94.46,Chiều,1.36
Đà Nẵng,,6,10.83,Xe Máy,Nắng,0.218969,0.792858,13,1,96.63,Đêm,1.76
Hà Nội,,2,2.83,Xe ViP,Nhiều Mây,0.702979,0.830229,13,0,97.93,Cao điểm Sáng,1.45
Đà Nẵng,,6,2.75,Xe ViP,Mưa Bão,0.914393,0.608969,9,1,93.23,Chiều,1.28
Cần Thơ,,3,2.83,Ô Tô 4 Chỗ,Nhiều Mây,0.451181,0.661935,19,0,92.04,Cao điểm Tối,1.69
Hà Nội,,4,5.02,Xe Máy,Nhiều Mây,0.647898,0.529692,1,0,92.09,Cao điểm Tối,1.29
Hồ Chí Minh,,5,10.51,Ô Tô 4 Chỗ,Mưa Bão,0.201259,0.841526,3,1,98.59,Chiều,2.18
Hải Phòng,,6,6.17,Xe Máy,Nhiều Mây,0.731779,0.457529,9,1,98.66,Cao điểm Tối,1.04
Cần Thơ,,0,4.54,Xe Máy,Nắng,0.882145,0.422062,0,0,88.2,Cao điểm Sáng,1.18
Hồ Chí Minh,,3,19.43,Xe ViP,Mưa Bão,0.266503,0.810674,5,0,93.59,Chiều,2.16
Hồ Chí Minh,,1,2.31,Xe Máy,Nhiều Mây,0.400508,0.560302,17,0,94.25,Chiều,1.24
Hồ Chí Minh,,1,19.33,Ô Tô 4 Chỗ,Mưa,0.95903,0.468509,10,0,86.87,Đêm,1.37
Đà Nẵng,,3,19.69,Xe Máy,Nhiều Mây,0.221893,0.544723,0,0,95.31,Chiều,1.48
Hà Nội,,1,8.78,Xe ViP,Mưa Bão,0.822815,0.640641,15,0,95.23,Cao điểm Sáng,2.1
Hải Phòng,,1,13.55,Xe ViP,Nắng,0.762495,0.596257,2,0,86.52,Chiều,1
Cần Thơ,,3,6.35,Xe Máy,Mưa,0.989443,0.711366,23,0,91.23,Chiều,1.21
Hà Nội,,2,3.18,Xe Máy,Mưa Bão,0.993555,0.63292,22,0,97.25,Cao điểm Tối,2.45
Cần Thơ,,0,8.7,Ô Tô 4 Chỗ,Mưa Bão,0.379337,0.957677,23,0,96.21,Cao điểm Sáng,2.98
Đà Nẵng,,2,17.04,Xe Máy,Mưa Bão,0.905931,0.867465,12,0,96.95,Đêm,1.31
Hồ Chí Minh,,0,7.11,Xe Máy,Nhiều Mây,0.565481,0.76422,20,0,96.47,Chiều,1.3
Hà Nội,,5,18.66,Xe Máy,Nhiều Mây,0.757321,0.627106,3,1,95.31,Chiều,1
Cần Thơ,,3,8.22,Xe Máy,Nhiều Mây,0.588397,0.672552,13,0,89.77,Chiều,1.13
Hồ Chí Minh,,4,9.49,Xe ViP,Mưa,0.852741,0.727994,22,0,98.36,Đêm,1.34
Cần Thơ,,0,6.93,Ô Tô 4 Chỗ,Mưa,0.617252,0.496757,7,0,94.48,Chiều,1.33
Cần Thơ,,0,18.69,Xe ViP,Mưa,0.476966,0.769727,6,0,95.88,Chiều,1.55
Cần Thơ,,3,8.85,Xe Máy,Nhiều Mây,0.807033,0.724592,20,0,87.2,Chiều,1
Hồ Chí Minh,,1,3.72,Xe ViP,Nắng,0.44888,0.673101,23,0,97.75,Cao điểm Tối,1.53
Hải Phòng,,6,1.48,Xe ViP,Mưa Bão,0.435006,0.642445,1,1,89.85,Đêm,1.63
Hải Phòng,,5,1.71,Ô Tô 4 Chỗ,Mưa Bão,0.595765,0.72451,10,1,86.6,Cao điểm Sáng,2.15
Hải Phòng,,1,2.66,Xe ViP,Mưa Bão,0.424032,0.564053,17,0,86.59,Cao điểm Tối,2.19
Cần Thơ,,0,13.75,Xe ViP,Nắng,0.35517,0.73351,21,0,91.49,Cao điểm Tối,1.94
Đà Nẵng,,0,12.73,Xe ViP,Nắng,0.854829,0.800864,0,0,95.19,Cao điểm Tối,1.2
Hà Nội,,0,7.51,Xe ViP,Mưa,0.879154,0.852334,0,0,84.22,Cao điểm Sáng,2.47
Hải Phòng,,5,10.22,Ô Tô 4 Chỗ,Nắng,0.734867,0.453412,18,1,89.99,Đêm,1
Hải Phòng,,6,7.12,Ô Tô 4 Chỗ,Mưa,0.334472,0.581147,18,1,92.6,Cao điểm Sáng,2.46
Hải Phòng,,1,17.63,Xe Máy,Nắng,0.698263,0.413742,0,0,88.98,Cao điểm Tối,1.19
Hồ Chí Minh,,3,18.32,Ô Tô 4 Chỗ,Mưa Bão,0.758474,0.421724,2,0,86.38,Chiều,1.31
Cần Thơ,,2,6.76,Ô Tô 4 Chỗ,Mưa Bão,0.8037,0.825077,4,0,94.03,Chiều,1.22
Hải Phòng,,3,10.86,Ô Tô 4 Chỗ,Mưa,0.913669,0.920445,7,0,89.55,Chiều,1.26
Hải Phòng,,5,3.96,Xe Máy,Nhiều Mây,0.666051,0.714879,5,1,91.26,Cao điểm Sáng,1.37
Đà Nẵng,,3,9.11,Xe ViP,Nhiều Mây,0.31166,0.404309,13,0,97.26,Chiều,1.14
Hải Phòng,,4,18.83,Xe ViP,Nắng,0.475198,0.852987,6,0,92.72,Đêm,1.57
Hải Phòng,,1,0.92,Xe Máy,Nhiều Mây,0.908879,0.454028,12,0,90.02,Cao điểm Tối,1.33
Hồ Chí Minh,,4,6.24,Xe Máy,Mưa Bão,0.557614,0.934875,20,0,98.47,Đêm,1.8
Đà Nẵng,,1,14.01,Xe Máy,Nắng,0.960122,0.959377,23,0,86.01,Cao điểm Sáng,1.26
Hải Phòng,,5,9.53,Xe ViP,Nắng,0.71425,0.593527,20,1,87.88,Cao điểm Sáng,1.24
Hồ Chí Minh,,6,14.09,Xe ViP,Mưa,0.609313,0.779871,12,1,87.32,Cao điểm Sáng,1.91
Hồ Chí Minh,,1,8.75,Xe ViP,Nắng,0.211217,0.978556,16,0,90.43,Đêm,2.15
Hồ Chí Minh,,4,18.64,Xe ViP,Mưa,0.840518,0.552566,6,0,95.32,Chiều,1.35
Hồ Chí Minh,,3,10.78,Ô Tô 4 Chỗ,Nắng,0.627685,0.505007,15,0,92.11,Cao điểm Tối,1.24
Hà Nội,,2,18.04,Xe Máy,Mưa,0.811237,0.682704,7,0,90.02,Chiều,1.25
Cần Thơ,,4,11.12,Ô Tô 4 Chỗ,Nhiều Mây,0.420386,0.606402,8,0,85.76,Cao điểm Sáng,1.66
Hồ Chí Minh,,4,7.39,Ô Tô 4 Chỗ,Nắng,0.374246,0.964663,12,0,94.07,Đêm,1.89
Hồ Chí Minh,,2,1.88,Ô Tô 4 Chỗ,Mưa Bão,0.470757,0.843745,0,0,97.36,Cao điểm Sáng,2.8
Đà Nẵng,,2,4.46,Xe ViP,Mưa Bão,0.70214,0.964243,17,0,96.46,Cao điểm Tối,2.65
Hồ Chí Minh,,4,5.17,Xe Máy,Nắng,0.431859,0.505763,14,0,98.19,Cao điểm Tối,1.48
Đà Nẵng,,0,14.67,Ô Tô 4 Chỗ,Mưa,0.831825,0.572405,13,0,97.3,Đêm,1.38
Đà Nẵng,,2,6.61,Xe ViP,Mưa Bão,0.980301,0.774251,15,0,89.3,Cao điểm Sáng,1.76
Hà Nội,,4,14.74,Ô Tô 4 Chỗ,Nhiều Mây,0.817819,0.455247,1,0,97.73,Cao điểm Tối,1.17
Đà Nẵng,,1,5.83,Xe ViP,Mưa,0.991978,0.442407,14,0,92.01,Đêm,1.32
Hà Nội,,6,18.09,Ô Tô 4 Chỗ,Mưa,0.966806,0.963569,4,1,88.74,Cao điểm Sáng,1.7
Đà Nẵng,,6,10.93,Xe Máy,Mưa,0.740128,0.827555,6,1,94.07,Cao điểm Tối,2.42
Đà Nẵng,,3,16.57,Ô Tô 4 Chỗ,Mưa,0.720244,0.620589,9,0,93.78,Cao điểm Tối,2.14
Đà Nẵng,,4,1.04,Xe Máy,Mưa Bão,0.513441,0.740335,14,0,88.22,Cao điểm Tối,1.89
Hồ Chí Minh,,4,12.31,Ô Tô 4 Chỗ,Nắng,0.91375,0.674168,2,0,98.73,Chiều,1
Cần Thơ,,4,5.32,Xe Máy,Nhiều Mây,0.876698,0.648285,7,0,92.54,Cao điểm Sáng,1.13
Cần Thơ,,5,1.94,Ô Tô 4 Chỗ,Mưa,0.459995,0.946545,9,1,83.64,Chiều,2.05
Cần Thơ,,6,19.13,Ô Tô 4 Chỗ,Nhiều Mây,0.287715,0.54886,9,1,92.9,Cao điểm Sáng,1.55
Đà Nẵng,,5,11.79,Ô Tô 4 Chỗ,Nhiều Mây,0.241535,0.555709,2,1,90.62,Đêm,1.25
Đà Nẵng,,1,11.48,Ô Tô 4 Chỗ,Mưa,0.971257,0.750731,12,0,88.66,Đêm,1.38
Cần Thơ,,3,10.9,Xe ViP,Mưa Bão,0.767488,0.696107,3,0,87.53,Đêm,1.17
Cần Thơ,,6,17.88,Ô Tô 4 Chỗ,Nắng,0.266881,0.411302,14,1,88.51,Cao điểm Sáng,1.49
Đà Nẵng,,2,7.59,Ô Tô 4 Chỗ,Mưa Bão,0.373016,0.723805,15,0,98.08,Cao điểm Tối,2.31
Hà Nội,,3,11.93,Xe ViP,Nắng,0.612408,0.515792,1,0,85.65,Cao điểm Sáng,1.37
Hải Phòng,,6,12.12,Xe ViP,Mưa,0.509417,0.86391,14,1,94.83,Chiều,1.74
Đà Nẵng,,1,12.98,Xe Máy,Mưa,0.591202,0.652894,18,0,91.16,Chiều,1.22
Hồ Chí Minh,,2,13.33,Xe ViP,Nắng,0.628379,0.899976,16,0,97.3,Cao điểm Sáng,1.65
Hồ Chí Minh,,0,18.77,Ô Tô 4 Chỗ,Mưa,0.22611,0.74233,14,0,96.35,Cao điểm Sáng,2.6
Cần Thơ,,0,8.03,Xe ViP,Mưa,0.344734,0.480194,14,0,89.89,Cao điểm Sáng,2.64
Hải Phòng,,3,2.23,Xe ViP,Nắng,0.690704,0.670616,23,0,96.38,Chiều,1
Hồ Chí Minh,,3,19.32,Xe ViP,Mưa,0.301495,0.433896,13,0,95.16,Chiều,1.58
Hà Nội,,6,12.84,Xe ViP,Nắng,0.39495,0.654119,10,1,88.01,Cao điểm Tối,1.74
Hải Phòng,,2,17.24,Xe ViP,Mưa,0.813316,0.730118,20,0,91.39,Cao điểm Sáng,1.62
Đà Nẵng,,5,4,Xe ViP,Mưa,0.321075,0.933879,20,1,90.91,Đêm,2.03
Cần Thơ,,0,4.09,Xe Máy,Nắng,0.222218,0.475657,9,0,93.96,Cao điểm Sáng,1.57
Hồ Chí Minh,,0,4.07,Xe Máy,Nhiều Mây,0.831457,0.589773,11,0,88.66,Cao điểm Tối,1.25
Hải Phòng,,4,18.51,Ô Tô 4 Chỗ,Mưa,0.476504,0.406666,13,0,90.05,Cao điểm Tối,1.65
Đà Nẵng,,2,9.52,Xe Máy,Nắng,0.972069,0.561151,19,0,89.85,Cao điểm Sáng,1.37
Cần Thơ,,2,16.66,Xe Máy,Nhiều Mây,0.570099,0.900594,21,0,96.62,Cao điểm Sáng,1.84
Cần Thơ,,3,17.81,Ô Tô 4 Chỗ,Mưa,0.499053,0.454523,17,0,92.08,Chiều,1.1
Đà Nẵng,,0,16.65,Ô Tô 4 Chỗ,Mưa,0.243579,0.74075,11,0,97.21,Cao điểm Sáng,2.29
Hồ Chí Minh,,2,15.87,Ô Tô 4 Chỗ,Nắng,0.58286,0.422376,17,0,91.38,Cao điểm Tối,1.21
Hà Nội,,3,3.99,Ô Tô 4 Chỗ,Nắng,0.615545,0.982738,16,0,90.56,Cao điểm Tối,1.81
Đà Nẵng,,2,6.63,Xe Máy,Nhiều Mây,0.286142,0.813644,12,0,90.26,Cao điểm Sáng,2.13
Hải Phòng,,2,15.09,Ô Tô 4 Chỗ,Nắng,0.617402,0.410968,19,0,97.5,Đêm,1
Hồ Chí Minh,,0,12.28,Ô Tô 4 Chỗ,Nhiều Mây,0.92708,0.432666,13,0,94.58,Cao điểm Sáng,1.11
Hà Nội,,4,13.99,Xe Máy,Nắng,0.894262,0.582838,1,0,97.81,Cao điểm Sáng,1.29
Đà Nẵng,,0,9.14,Ô Tô 4 Chỗ,Nắng,0.246476,0.897525,6,0,96.19,Chiều,1.98
Hải Phòng,,6,7.85,Xe Máy,Mưa,0.433094,0.453712,18,1,89.24,Chiều,1.39
Hồ Chí Minh,,1,19.76,Ô Tô 4 Chỗ,Nhiều Mây,0.520933,0.553781,6,0,95.37,Chiều,1.05
Hải Phòng,,1,19,Xe ViP,Nhiều Mây,0.736528,0.843938,11,0,98.91,Chiều,1.16
Đà Nẵng,,0,2.5,Xe ViP,Mưa Bão,0.991788,0.517493,19,0,91.94,Cao điểm Tối,2.24
Đà Nẵng,,3,5.11,Xe Máy,Nắng,0.553592,0.832333,4,0,87.12,Đêm,1.42
Hà Nội,,0,8.97,Ô Tô 4 Chỗ,Mưa Bão,0.3114,0.67459,11,0,85.14,Cao điểm Tối,2.49
Hải Phòng,,1,2.66,Ô Tô 4 Chỗ,Nắng,0.537856,0.468916,10,0,88.35,Chiều,1
Hải Phòng,,0,9.56,Xe Máy,Mưa Bão,0.215979,0.685045,4,0,94.39,Đêm,2.02
Hà Nội,,2,9.25,Xe ViP,Mưa,0.997531,0.714508,22,0,90.33,Cao điểm Tối,1.66
Cần Thơ,,2,6.17,Xe ViP,Mưa Bão,0.422089,0.683018,2,0,92.86,Chiều,1.56
Hải Phòng,,1,16.95,Ô Tô 4 Chỗ,Mưa,0.793998,0.993009,17,0,88.23,Cao điểm Tối,2.08
Cần Thơ,,0,17,Ô Tô 4 Chỗ,Nắng,0.393175,0.420518,5,0,96.58,Cao điểm Sáng,1.23
Hồ Chí Minh,,4,17.47,Ô Tô 4 Chỗ,Mưa Bão,0.786488,0.844023,15,0,98.78,Chiều,1.48
Cần Thơ,,4,4.99,Xe Máy,Nắng,0.576769,0.533206,14,0,90.53,Cao điểm Sáng,1.39
Cần Thơ,,1,1.3,Xe ViP,Mưa Bão,0.393145,0.854053,3,0,96.01,Cao điểm Tối,2.72
Đà Nẵng,,5,15.48,Ô Tô 4 Chỗ,Nhiều Mây,0.716401,0.495068,15,1,95.77,Cao điểm Tối,1.14
Đà Nẵng,,0,9.88,Ô Tô 4 Chỗ,Mưa Bão,0.532453,0.793816,4,0,89.57,Cao điểm Sáng,2.39
Hà Nội,,0,8.37,Ô Tô 4 Chỗ,Nhiều Mây,0.739346,0.455185,20,0,89.68,Cao điểm Tối,1.39
Cần Thơ,,6,13.22,Xe Máy,Mưa Bão,0.715846,0.473503,13,1,92.72,Cao điểm Tối,1.97
Hà Nội,,2,19.52,Xe Máy,Nắng,0.311778,0.41505,20,0,91.74,Chiều,1.15
Cần Thơ,,1,15.25,Xe Máy,Mưa,0.22573,0.877056,5,0,93.67,Đêm,2.25
Cần Thơ,,1,3.92,Xe ViP,Nắng,0.806984,0.506504,17,0,91.05,Đêm,1
Cần Thơ,,0,7.97,Xe ViP,Nhiều Mây,0.877392,0.849487,23,0,93.66,Cao điểm Tối,1.25
Hồ Chí Minh,,1,19.85,Xe ViP,Mưa,0.532335,0.794293,8,0,92.23,Chiều,1.6
Đà Nẵng,,1,14.17,Xe ViP,Nắng,0.638247,0.56102,16,0,99.62,Đêm,1
Cần Thơ,,6,14.38,Xe ViP,Mưa Bão,0.8778,0.633024,17,1,92.12,Cao điểm Tối,2.2
Hồ Chí Minh,,6,11.27,Xe ViP,Mưa,0.563966,0.73581,5,1,96.45,Cao điểm Sáng,2.5
Hải Phòng,,3,6.4,Xe Máy,Mưa,0.444088,0.696487,17,0,90.3,Chiều,1.57
Đà Nẵng,,5,14.53,Xe Máy,Nắng,0.631117,0.794091,8,1,95.88,Cao điểm Tối,1.22
Cần Thơ,,6,11.55,Xe Máy,Mưa Bão,0.5192,0.672756,19,1,92.35,Chiều,1.43
Hà Nội,,3,9.32,Xe Máy,Nắng,0.302485,0.714721,17,0,89.51,Chiều,1.62
Hồ Chí Minh,,6,8.53,Xe Máy,Nhiều Mây,0.680232,0.534715,12,1,86.3,Đêm,1
Cần Thơ,,6,9.52,Xe Máy,Mưa Bão,0.310998,0.9602,19,1,90.29,Cao điểm Sáng,3.38
Đà Nẵng,,6,19.29,Xe Máy,Nắng,0.613226,0.42605,12,1,95.52,Chiều,1
Cần Thơ,,4,17.03,Ô Tô 4 Chỗ,Mưa Bão,0.791876,0.484827,0,0,96.27,Cao điểm Sáng,1.72
Cần Thơ,,1,3.71,Xe ViP,Nắng,0.646774,0.815267,12,0,85.74,Đêm,1.25
Đà Nẵng,,4,0.91,Ô Tô 4 Chỗ,Mưa Bão,0.449139,0.719582,16,0,92,Cao điểm Tối,2.84
Hà Nội,,5,16.03,Xe Máy,Mưa,0.542352,0.515788,5,1,86.79,Đêm,1.24
Hồ Chí Minh,,3,14.66,Ô Tô 4 Chỗ,Mưa Bão,0.806145,0.898404,6,0,97.7,Đêm,1.54
Cần Thơ,,5,17.6,Xe Máy,Nhiều Mây,0.711205,0.569997,15,1,94.45,Cao điểm Tối,1
Hải Phòng,,4,7.15,Xe ViP,Mưa Bão,0.61212,0.416478,5,0,92.21,Chiều,1.19
Hà Nội,,4,3.07,Xe Máy,Nắng,0.722442,0.857968,0,0,87.94,Cao điểm Tối,1.43
Hồ Chí Minh,,1,16.7,Xe Máy,Nắng,0.485911,0.580905,3,0,89.84,Đêm,1.14
Hải Phòng,,6,17.39,Ô Tô 4 Chỗ,Nắng,0.619597,0.88305,7,1,98.76,Đêm,1.26
Đà Nẵng,,6,3.05,Ô Tô 4 Chỗ,Mưa Bão,0.950163,0.46343,3,1,99.09,Chiều,1.21
Cần Thơ,,3,19.83,Xe Máy,Nắng,0.21821,0.483705,2,0,86.63,Chiều,1.4
Hải Phòng,,6,6.72,Ô Tô 4 Chỗ,Nắng,0.202169,0.988871,18,1,92.84,Cao điểm Tối,2.29
Đà Nẵng,,6,10.3,Xe Máy,Mưa,0.697552,0.851274,21,1,91.48,Chiều,1.56
Hà Nội,,6,15.78,Xe ViP,Mưa,0.701459,0.5393,7,1,94.42,Chiều,1.28
Hà Nội,,5,15.84,Xe Máy,Mưa Bão,0.295878,0.535459,16,1,95.91,Cao điểm Tối,2.62
Hồ Chí Minh,,1,12.48,Xe ViP,Mưa Bão,0.36222,0.834886,19,0,98.39,Đêm,1.93
Cần Thơ,,0,4.22,Xe ViP,Nhiều Mây,0.569519,0.888669,2,0,97.12,Cao điểm Tối,1.78
Cần Thơ,,4,17.6,Xe ViP,Mưa,0.355655,0.60712,22,0,86.3,Chiều,1.51
Đà Nẵng,,1,2.32,Xe Máy,Mưa,0.494082,0.935598,9,0,88.3,Cao điểm Tối,2.71
Hồ Chí Minh,,4,8.25,Ô Tô 4 Chỗ,Mưa,0.333636,0.750754,3,0,92.66,Đêm,1.79
Hải Phòng,,6,15.26,Ô Tô 4 Chỗ,Nắng,0.301509,0.503097,2,1,98.37,Cao điểm Tối,1.48
Đà Nẵng,,3,18.74,Ô Tô 4 Chỗ,Mưa,0.540272,0.50553,3,0,84.65,Cao điểm Sáng,2.19
Hải Phòng,,6,17.28,Xe Máy,Nhiều Mây,0.994015,0.628959,17,1,94.34,Chiều,1
Cần Thơ,,2,13.32,Ô Tô 4 Chỗ,Nhiều Mây,0.344061,0.760783,0,0,95.18,Cao điểm Sáng,1.79
Hải Phòng,,2,12.56,Xe ViP,Mưa Bão,0.263479,0.505904,11,0,94.06,Đêm,1.62
Hà Nội,,3,2.63,Xe Máy,Mưa,0.279533,0.897155,4,0,87.99,Đêm,2.19
Đà Nẵng,,5,2.18,Ô Tô 4 Chỗ,Mưa,0.523153,0.827567,15,1,88.88,Cao điểm Sáng,2.21
Cần Thơ,,2,15.36,Ô Tô 4 Chỗ,Nhiều Mây,0.99853,0.450462,3,0,98.46,Đêm,1
Cần Thơ,,2,5.41,Ô Tô 4 Chỗ,Nắng,0.283918,0.967306,5,0,93.38,Cao điểm Tối,2.15
Đà Nẵng,,5,15.43,Xe Máy,Nắng,0.215673,0.576434,14,1,90.01,Cao điểm Sáng,1.74
Cần Thơ,,5,12.91,Xe ViP,Nhiều Mây,0.59088,0.626677,10,1,85.24,Chiều,1
Đà Nẵng,,6,19.08,Xe Máy,Mưa,0.998207,0.597846,23,1,94.71,Cao điểm Sáng,1.86
Cần Thơ,,1,5,Xe Máy,Mưa,0.603676,0.979584,12,0,86.25,Chiều,1.85
Hồ Chí Minh,,3,8.58,Ô Tô 4 Chỗ,Nắng,0.900496,0.561677,16,0,91.38,Cao điểm Tối,1.19
Cần Thơ,,3,2.65,Ô Tô 4 Chỗ,Nắng,0.852345,0.467261,17,0,95.76,Cao điểm Sáng,1.37
Đà Nẵng,,5,7.57,Xe Máy,Nắng,0.409585,0.895653,9,1,90.75,Đêm,1.47
Cần Thơ,,0,13.68,Xe ViP,Mưa,0.6307,0.465594,16,0,89.92,Cao điểm Tối,2.09
Hà Nội,,0,5.51,Xe ViP,Mưa,0.751741,0.620921,7,0,96.44,Chiều,1.33
Hồ Chí Minh,,2,5.73,Xe ViP,Mưa,0.294167,0.630049,2,0,87.34,Cao điểm Sáng,2.94
Cần Thơ,,5,13.34,Xe Máy,Nắng,0.493788,0.688846,14,1,86.72,Cao điểm Sáng,1.25
Hồ Chí Minh,,2,18.78,Ô Tô 4 Chỗ,Mưa Bão,0.648151,0.652918,1,0,85.52,Cao điểm Tối,2.44
Hải Phòng,,6,17.56,Xe Máy,Mưa,0.774941,0.610987,5,1,93.88,Cao điểm Sáng,2.17
Hải Phòng,,0,2.56,Xe Máy,Mưa,0.624831,0.712905,6,0,90.75,Cao điểm Tối,1.93
Hải Phòng,,1,18.64,Xe Máy,Mưa,0.964382,0.408942,0,0,88.38,Đêm,1.17
Hà Nội,,3,11.26,Ô Tô 4 Chỗ,Mưa Bão,0.661092,0.910807,17,0,94.15,Cao điểm Sáng,2.33
Đà Nẵng,,4,17.82,Xe ViP,Mưa,0.975272,0.962339,1,0,97.1,Đêm,1.17
Đà Nẵng,,5,0.54,Xe Máy,Nhiều Mây,0.793939,0.703436,20,1,87.46,Cao điểm Tối,1.04
Hải Phòng,,4,10.46,Ô Tô 4 Chỗ,Nhiều Mây,0.236855,0.964564,13,0,90.77,Đêm,2.09
Đà Nẵng,,1,13.38,Xe Máy,Nắng,0.546195,0.614778,5,0,89.77,Cao điểm Tối,1.4
Đà Nẵng,,0,19.72,Ô Tô 4 Chỗ,Mưa Bão,0.885546,0.451194,4,0,86.16,Đêm,1.13
Hải Phòng,,0,12.87,Xe Máy,Nắng,0.421587,0.541481,1,0,94.37,Đêm,1.18
Hồ Chí Minh,,1,17.26,Xe Máy,Nắng,0.921374,0.860552,16,0,91.91,Cao điểm Sáng,1.24
Đà Nẵng,,0,12.38,Xe ViP,Nắng,0.6691,0.693713,4,0,98.58,Đêm,1.04
Đà Nẵng,,5,19.72,Ô Tô 4 Chỗ,Nhiều Mây,0.7975,0.551888,19,1,88.11,Cao điểm Sáng,1.05
Hồ Chí Minh,,0,7.21,Ô Tô 4 Chỗ,Nắng,0.55272,0.765318,0,0,99.11,Chiều,1.32
Đà Nẵng,,4,5.7,Xe Máy,Mưa Bão,0.963491,0.484232,21,0,92.6,Cao điểm Tối,1.82
Đà Nẵng,,1,5.86,Ô Tô 4 Chỗ,Mưa Bão,0.868544,0.67717,15,0,99.06,Đêm,1.36
Đà Nẵng,,4,18.38,Xe ViP,Nhiều Mây,0.705104,0.891913,21,0,97.1,Cao điểm Tối,1.66
Đà Nẵng,,4,10.48,Ô Tô 4 Chỗ,Mưa Bão,0.658216,0.63996,19,0,97.1,Chiều,1.12
Cần Thơ,,4,15.36,Xe ViP,Mưa Bão,0.505238,0.530601,0,0,88.15,Đêm,1.15
Hải Phòng,,5,7.69,Xe Máy,Mưa,0.624867,0.813139,17,1,88.72,Đêm,1.4
Hồ Chí Minh,,3,10.96,Xe Máy,Nắng,0.511263,0.807368,9,0,97.79,Chiều,1.44
Hà Nội,,2,3.01,Xe Máy,Mưa,0.553391,0.486874,23,0,93.98,Đêm,1.24
Hồ Chí Minh,,2,3.18,Xe Máy,Nắng,0.921916,0.816126,11,0,97.95,Đêm,1
Cần Thơ,,4,13.91,Ô Tô 4 Chỗ,Nắng,0.547758,0.597826,20,0,90.25,Cao điểm Tối,1.33
Hà Nội,,5,3.68,Ô Tô 4 Chỗ,Nhiều Mây,0.647687,0.511892,7,1,87.04,Cao điểm Sáng,1.23
Đà Nẵng,,4,18.42,Xe ViP,Mưa Bão,0.284662,0.485154,5,0,87.34,Cao điểm Sáng,2.08
Hà Nội,,4,3.8,Xe Máy,Mưa,0.226946,0.786806,0,0,90.58,Đêm,2.22
Hồ Chí Minh,,0,1.21,Xe ViP,Nắng,0.444796,0.865094,21,0,91.94,Cao điểm Tối,1.91
Đà Nẵng,,6,6.98,Xe Máy,Mưa,0.780933,0.814885,22,1,88.78,Chiều,1.19
Hồ Chí Minh,,3,16.19,Xe Máy,Mưa,0.452805,0.886277,23,0,93.11,Cao điểm Tối,2.77
Đà Nẵng,,0,19.6,Ô Tô 4 Chỗ,Mưa,0.470347,0.94689,11,0,87.72,Đêm,1.98
Hà Nội,,1,10.28,Ô Tô 4 Chỗ,Mưa Bão,0.821869,0.428722,8,0,90.72,Cao điểm Tối,1.87
Cần Thơ,,3,3.43,Ô Tô 4 Chỗ,Mưa Bão,0.885249,0.960036,8,0,91.82,Cao điểm Tối,2.34
Hải Phòng,,3,7.31,Xe Máy,Mưa,0.365936,0.917137,9,0,95.61,Cao điểm Sáng,2.53
Đà Nẵng,,4,8.66,Xe ViP,Nhiều Mây,0.795381,0.866584,7,0,93.79,Cao điểm Sáng,1.24
Cần Thơ,,3,10.77,Ô Tô 4 Chỗ,Mưa Bão,0.625165,0.637866,22,0,92.97,Đêm,1.39
Hải Phòng,,4,9.9,Xe ViP,Nắng,0.333596,0.843762,14,0,87.48,Chiều,1.77
Đà Nẵng,,3,13.07,Xe ViP,Nắng,0.726743,0.414057,13,0,97.79,Cao điểm Tối,1.38
Hà Nội,,5,5.9,Ô Tô 4 Chỗ,Mưa,0.260724,0.514783,3,1,93.21,Đêm,1.64
Đà Nẵng,,5,8.17,Xe Máy,Mưa,0.415374,0.71412,12,1,89.03,Đêm,1.76
Hồ Chí Minh,,1,10.48,Xe ViP,Nắng,0.467234,0.836447,16,0,90.21,Chiều,1.55
Hồ Chí Minh,,3,1.11,Xe ViP,Nắng,0.813903,0.799385,14,0,95.96,Cao điểm Sáng,1.36
Hải Phòng,,1,8.66,Xe ViP,Mưa Bão,0.945273,0.943209,10,0,95.37,Cao điểm Sáng,1.93
Hải Phòng,,0,3.93,Ô Tô 4 Chỗ,Mưa,0.681956,0.724136,20,0,92.11,Cao điểm Sáng,2.22
Cần Thơ,,5,8.81,Xe Máy,Mưa,0.213871,0.552283,2,1,87.23,Cao điểm Tối,2.88
Đà Nẵng,,6,6.4,Xe ViP,Mưa,0.371873,0.928217,16,1,94.29,Chiều,2.04
Hồ Chí Minh,,0,7.71,Xe ViP,Nắng,0.426707,0.960765,8,0,84.95,Đêm,1.8
Đà Nẵng,,3,5.57,Xe ViP,Mưa,0.691389,0.955021,22,0,90.1,Cao điểm Sáng,2.7
Hồ Chí Minh,,1,2.09,Xe Máy,Nắng,0.634907,0.777302,10,0,90.15,Chiều,1.21
Đà Nẵng,,3,17.6,Xe ViP,Nắng,0.561185,0.810282,0,0,96.93,Chiều,1.37
Hồ Chí Minh,,1,8.7,Xe Máy,Mưa,0.394326,0.446129,14,0,87,Cao điểm Tối,2.31
Cần Thơ,,0,11.49,Ô Tô 4 Chỗ,Mưa,0.403875,0.820512,15,0,90.88,Đêm,1.81
Đà Nẵng,,3,10.46,Ô Tô 4 Chỗ,Nhiều Mây,0.470387,0.692682,20,0,85.81,Cao điểm Tối,1.45
Hồ Chí Minh,,5,2.91,Xe ViP,Mưa Bão,0.533582,0.851032,12,1,96.95,Cao điểm Sáng,2.13
Cần Thơ,,0,14.86,Xe ViP,Nắng,0.290605,0.694649,14,0,96.91,Cao điểm Tối,1.91
Hồ Chí Minh,,4,16.42,Xe Máy,Nhiều Mây,0.99505,0.414159,13,0,87.17,Cao điểm Sáng,1.18
Hà Nội,,2,11.12,Ô Tô 4 Chỗ,Mưa Bão,0.649356,0.670183,2,0,97.17,Cao điểm Sáng,2.04
Hải Phòng,,0,6.71,Ô Tô 4 Chỗ,Nắng,0.234434,0.631033,11,0,97.85,Cao điểm Sáng,1.96
Hải Phòng,,4,6.64,Xe Máy,Nhiều Mây,0.510154,0.850656,17,0,94.92,Cao điểm Tối,1.88
Cần Thơ,,4,2.58,Ô Tô 4 Chỗ,Mưa,0.201947,0.761118,21,0,88.09,Cao điểm Tối,2.41
Đà Nẵng,,3,11.84,Ô Tô 4 Chỗ,Mưa,0.34674,0.53525,4,0,90.47,Chiều,1.67
Cần Thơ,,2,7.97,Xe ViP,Mưa,0.621183,0.465109,7,0,98.38,Cao điểm Tối,2.32
Đà Nẵng,,0,0.87,Xe Máy,Nắng,0.208097,0.867505,19,0,88.44,Chiều,1.99
Hồ Chí Minh,,5,6.75,Xe Máy,Nắng,0.428504,0.70516,1,1,89.27,Chiều,1.41
Cần Thơ,,3,9.17,Ô Tô 4 Chỗ,Mưa,0.244907,0.848283,14,0,93.66,Cao điểm Sáng,2.62
Hà Nội,,1,13.54,Xe Máy,Nắng,0.612075,0.456589,8,0,93.12,Chiều,1
Hải Phòng,,5,5.8,Xe ViP,Mưa,0.843941,0.415506,21,1,86.58,Cao điểm Tối,1.97
Hồ Chí Minh,,2,9.25,Ô Tô 4 Chỗ,Mưa,0.211391,0.897334,22,0,87.16,Cao điểm Sáng,3.31
Hải Phòng,,2,9.97,Xe Máy,Mưa Bão,0.408554,0.846025,2,0,93.85,Cao điểm Tối,2.51
Cần Thơ,,0,18.25,Xe Máy,Mưa Bão,0.837597,0.79666,11,0,93.93,Cao điểm Sáng,2.23
Đà Nẵng,,4,16.32,Xe ViP,Mưa,0.829247,0.651517,6,0,96.37,Cao điểm Sáng,1.68
Hải Phòng,,1,14.99,Xe Máy,Nhiều Mây,0.5052,0.755963,16,0,98.89,Chiều,1.38
Đà Nẵng,,5,19.36,Xe Máy,Nhiều Mây,0.405254,0.741127,18,1,94.27,Cao điểm Tối,1.45
Đà Nẵng,,2,17.46,Xe Máy,Mưa Bão,0.251669,0.495604,15,0,86.83,Chiều,1.61
Đà Nẵng,,6,8.73,Xe Máy,Nắng,0.827993,0.941933,17,1,85.29,Chiều,1
Hồ Chí Minh,,2,7.58,Xe Máy,Mưa,0.606852,0.871746,16,0,88.68,Đêm,1.6
Hồ Chí Minh,,3,10.08,Xe Máy,Mưa Bão,0.256292,0.442588,3,0,94,Chiều,1.44
Hồ Chí Minh,,1,15.23,Xe ViP,Mưa,0.204385,0.927679,11,0,86.14,Chiều,2.22
Đà Nẵng,,5,8.77,Xe ViP,Mưa Bão,0.444398,0.549429,16,1,86.27,Cao điểm Sáng,2.55
Hồ Chí Minh,,3,17.42,Ô Tô 4 Chỗ,Mưa Bão,0.920816,0.403581,7,0,87.72,Đêm,1.28
Hồ Chí Minh,,5,6.03,Ô Tô 4 Chỗ,Nắng,0.207792,0.651872,23,1,87.52,Cao điểm Sáng,1.98
Hải Phòng,,2,16.78,Xe ViP,Nắng,0.657783,0.649622,20,0,86.93,Chiều,1
Hồ Chí Minh,,2,6.27,Xe Máy,Mưa,0.504548,0.642939,5,0,94.54,Cao điểm Sáng,1.84
Đà Nẵng,,6,18.78,Xe Máy,Nắng,0.212375,0.999203,6,1,84.2,Cao điểm Sáng,2.4
Hà Nội,,6,15.02,Ô Tô 4 Chỗ,Mưa Bão,0.835149,0.84251,0,1,85.84,Đêm,1.29
Hồ Chí Minh,,5,7.63,Ô Tô 4 Chỗ,Nhiều Mây,0.653988,0.536668,5,1,91.24,Cao điểm Tối,1.36
Hải Phòng,,6,10.07,Ô Tô 4 Chỗ,Nắng,0.842952,0.816113,16,1,85.18,Chiều,1
Hải Phòng,,0,10.87,Xe ViP,Nắng,0.600435,0.427721,23,0,87.36,Chiều,1
Hải Phòng,,3,2.14,Xe ViP,Nhiều Mây,0.705929,0.75395,8,0,91.13,Chiều,1.07
Hải Phòng,,4,4.74,Xe Máy,Nhiều Mây,0.780047,0.418976,11,0,87.72,Chiều,1
Đà Nẵng,,4,14.02,Xe ViP,Nắng,0.672478,0.938954,16,0,88.57,Cao điểm Sáng,1.63
Cần Thơ,,2,14.65,Ô Tô 4 Chỗ,Nắng,0.908558,0.648873,1,0,87.85,Cao điểm Tối,1.31
Cần Thơ,,6,1.57,Ô Tô 4 Chỗ,Mưa,0.637738,0.500384,18,1,95.41,Chiều,1.31
Hồ Chí Minh,,5,15.15,Xe Máy,Mưa,0.575277,0.49673,12,1,93.5,Cao điểm Sáng,1.91
Đà Nẵng,,2,11.02,Xe Máy,Nắng,0.932718,0.471433,2,0,98.22,Chiều,1
Hà Nội,,1,14.19,Xe Máy,Nắng,0.999484,0.832466,12,0,95.46,Đêm,1
Hồ Chí Minh,,0,2.82,Xe ViP,Mưa,0.508064,0.431335,13,0,89.79,Đêm,1.22
Cần Thơ,,0,14.31,Xe ViP,Nhiều Mây,0.536971,0.418386,12,0,98.96,Cao điểm Sáng,1.12
Hải Phòng,,2,5.77,Xe Máy,Mưa Bão,0.708152,0.821732,4,0,92.77,Cao điểm Sáng,2.48
Hồ Chí Minh,,6,13.18,Ô Tô 4 Chỗ,Nhiều Mây,0.303145,0.866216,22,1,88.47,Cao điểm Sáng,2.16
Hải Phòng,,1,19.57,Xe ViP,Nắng,0.741979,0.908886,21,0,85.73,Cao điểm Tối,1.52
Hồ Chí Minh,,2,17.44,Xe ViP,Mưa Bão,0.808307,0.457419,6,0,94.47,Cao điểm Sáng,2.33
Cần Thơ,,4,1.44,Xe Máy,Mưa Bão,0.768829,0.977001,14,0,90.65,Cao điểm Sáng,2.06
Cần Thơ,,5,3.38,Xe Máy,Nắng,0.600517,0.739734,7,1,95.33,Cao điểm Sáng,1.09
Cần Thơ,,5,2.36,Xe ViP,Mưa,0.664001,0.887859,2,1,90,Cao điểm Sáng,2.6
Cần Thơ,,0,9.49,Xe ViP,Mưa,0.912938,0.419935,23,0,88.02,Đêm,1.31
Đà Nẵng,,3,15.06,Xe Máy,Mưa Bão,0.384897,0.455024,18,0,90.12,Cao điểm Sáng,1.89
Hải Phòng,,2,11.04,Ô Tô 4 Chỗ,Mưa Bão,0.677901,0.903403,11,0,96.53,Cao điểm Sáng,1.95
Đà Nẵng,,2,4.48,Xe ViP,Mưa Bão,0.854261,0.628209,8,0,87.34,Chiều,1.37
Hà Nội,,4,1.46,Xe ViP,Nhiều Mây,0.898071,0.568907,5,0,93.56,Cao điểm Tối,1.22
Cần Thơ,,4,8.39,Xe ViP,Mưa Bão,0.331748,0.918788,18,0,84.81,Cao điểm Sáng,3.15
Hồ Chí Minh,,5,3.67,Ô Tô 4 Chỗ,Nhiều Mây,0.413701,0.480714,0,1,87.42,Cao điểm Tối,1.5
Hải Phòng,,5,9.72,Xe ViP,Mưa Bão,0.279712,0.721764,8,1,89.42,Cao điểm Tối,2.82
Cần Thơ,,5,1.67,Ô Tô 4 Chỗ,Nhiều Mây,0.627055,0.655758,16,1,94.6,Cao điểm Tối,1.37
Đà Nẵng,,4,2.73,Xe Máy,Mưa Bão,0.936829,0.457257,6,0,89.66,Đêm,1.18
Đà Nẵng,,4,4.32,Xe ViP,Nắng,0.392535,0.584096,12,0,89.47,Đêm,1.29
Hồ Chí Minh,,4,16.08,Xe Máy,Mưa Bão,0.798635,0.507351,1,0,86.59,Cao điểm Sáng,2.34
Cần Thơ,,2,9.19,Xe Máy,Nhiều Mây,0.768202,0.417014,16,0,96.48,Chiều,1
Đà Nẵng,,2,4.12,Ô Tô 4 Chỗ,Mưa,0.588341,0.817956,23,0,91.35,Cao điểm Sáng,2.17
Hải Phòng,,5,12.55,Ô Tô 4 Chỗ,Nắng,0.960334,0.794536,4,1,95.87,Chiều,1
Cần Thơ,,2,14.49,Xe Máy,Nắng,0.201578,0.608274,6,0,95.78,Cao điểm Tối,1.97
Cần Thơ,,2,4.5,Xe Máy,Nhiều Mây,0.474357,0.402777,4,0,85.52,Cao điểm Tối,1.26
Hà Nội,,1,0.93,Xe Máy,Nắng,0.439856,0.988381,17,0,87.68,Chiều,1.82
Đà Nẵng,,3,3.47,Ô Tô 4 Chỗ,Nắng,0.276843,0.832887,12,0,91.97,Cao điểm Sáng,2.11
Hồ Chí Minh,,5,15.33,Ô Tô 4 Chỗ,Mưa Bão,0.482721,0.831674,15,1,91,Chiều,1.76
Hà Nội,,2,12.39,Xe ViP,Nắng,0.228279,0.522274,17,0,96.09,Đêm,1.44
Đà Nẵng,,3,19.21,Xe Máy,Mưa Bão,0.929821,0.673925,1,0,90.03,Chiều,1.39
Hà Nội,,1,12.24,Xe ViP,Nhiều Mây,0.423066,0.465142,18,0,92.07,Cao điểm Tối,1.45
Hải Phòng,,4,13.04,Xe ViP,Mưa Bão,0.752687,0.47282,16,0,91.22,Đêm,1.12
Đà Nẵng,,3,9.38,Ô Tô 4 Chỗ,Mưa Bão,0.855482,0.997186,1,0,88.74,Cao điểm Sáng,2.66
Hồ Chí Minh,,3,17.37,Ô Tô 4 Chỗ,Mưa Bão,0.969959,0.929062,8,0,95.02,Cao điểm Tối,2.43
Đà Nẵng,,1,2.9,Ô Tô 4 Chỗ,Nắng,0.275466,0.52032,12,0,86.12,Chiều,1.37
Đà Nẵng,,5,10.95,Ô Tô 4 Chỗ,Mưa Bão,0.865599,0.741973,6,1,97.82,Chiều,1.33
Đà Nẵng,,5,18.35,Xe ViP,Nắng,0.658892,0.801385,17,1,88,Cao điểm Tối,1.55
Hà Nội,,0,1.54,Xe Máy,Mưa,0.596941,0.871276,22,0,88.09,Cao điểm Sáng,2.13
Đà Nẵng,,6,4.55,Xe Máy,Nắng,0.876303,0.672092,23,1,97.88,Cao điểm Sáng,1.03
Đà Nẵng,,5,4.82,Xe Máy,Nhiều Mây,0.892755,0.688997,11,1,90.73,Cao điểm Sáng,1.22
Hồ Chí Minh,,3,18.18,Xe ViP,Mưa,0.209007,0.70978,16,0,94.43,Đêm,2.13
Hải Phòng,,1,19.25,Xe ViP,Nhiều Mây,0.925342,0.724328,1,0,93.63,Cao điểm Tối,1.31
Hà Nội,,2,19.79,Xe Máy,Nắng,0.331125,0.408461,9,0,94.21,Cao điểm Sáng,1.34
Hà Nội,,3,5.14,Xe ViP,Mưa Bão,0.398922,0.865087,1,0,96.78,Chiều,2.07
Hồ Chí Minh,,1,14.2,Ô Tô 4 Chỗ,Mưa Bão,0.789861,0.428175,18,0,90.78,Đêm,1.36
Hải Phòng,,0,3.74,Xe ViP,Nắng,0.812012,0.434572,21,0,94.28,Đêm,1
Hải Phòng,,4,19.67,Xe ViP,Nắng,0.671114,0.812299,12,0,90.38,Cao điểm Sáng,1.47
Hải Phòng,,1,5.84,Xe Máy,Mưa,0.843234,0.418459,7,0,87.71,Đêm,1.28
Hải Phòng,,4,15.26,Ô Tô 4 Chỗ,Nhiều Mây,0.702653,0.83642,4,0,91.03,Cao điểm Tối,1.34
Hải Phòng,,3,11.76,Xe Máy,Nhiều Mây,0.604785,0.540598,15,0,83.99,Cao điểm Tối,1.3
Hà Nội,,4,19.17,Xe ViP,Nắng,0.628996,0.59329,6,0,87.52,Chiều,1
Hà Nội,,0,15.87,Xe Máy,Mưa,0.829969,0.933258,13,0,96.33,Chiều,1.41
Cần Thơ,,3,7.2,Xe Máy,Nắng,0.487993,0.749547,4,0,88,Chiều,1.39
Hải Phòng,,0,7.19,Xe Máy,Mưa Bão,0.361411,0.973305,14,0,89.7,Đêm,2.06
Hà Nội,,6,16.62,Ô Tô 4 Chỗ,Mưa,0.747174,0.893046,4,1,88.08,Cao điểm Tối,2.03
Hà Nội,,5,4.07,Xe Máy,Nhiều Mây,0.520102,0.661993,8,1,89.1,Chiều,1.21
Hồ Chí Minh,,2,15.26,Ô Tô 4 Chỗ,Mưa,0.600515,0.868961,7,0,87.48,Đêm,1.64
Đà Nẵng,,6,5.46,Xe Máy,Nắng,0.915428,0.49535,9,1,86.55,Cao điểm Tối,1.06
Hải Phòng,,2,2.65,Ô Tô 4 Chỗ,Nắng,0.340454,0.877003,15,0,88.02,Đêm,1.8
Hải Phòng,,0,6.42,Ô Tô 4 Chỗ,Nắng,0.567085,0.853084,21,0,88.51,Cao điểm Tối,1.72
Hải Phòng,,6,17.38,Xe ViP,Mưa Bão,0.924596,0.521743,15,1,96.69,Cao điểm Sáng,2.18
Hà Nội,,3,17.55,Xe ViP,Nhiều Mây,0.329005,0.430203,11,0,93.19,Chiều,1.15
Hồ Chí Minh,,0,15.27,Xe ViP,Nắng,0.290236,0.549277,21,0,96.97,Chiều,1.39
Hải Phòng,,5,10.44,Xe Máy,Nhiều Mây,0.600744,0.640437,22,1,87.12,Đêm,1.06
Hồ Chí Minh,,3,6.73,Ô Tô 4 Chỗ,Nhiều Mây,0.758479,0.719853,2,0,89.02,Cao điểm Tối,1.13
Đà Nẵng,,0,18.07,Xe ViP,Mưa,0.842772,0.665962,20,0,91.54,Chiều,1.1
Hải Phòng,,1,19.99,Xe ViP,Mưa,0.791532,0.749411,20,0,86.27,Cao điểm Sáng,1.9
Cần Thơ,,3,9.65,Xe Máy,Nắng,0.402908,0.886211,18,0,94.3,Đêm,1.72
Hà Nội,,4,2.26,Ô Tô 4 Chỗ,Nhiều Mây,0.533858,0.803246,22,0,85.39,Cao điểm Sáng,1.51
Hà Nội,,1,12.83,Xe Máy,Nhiều Mây,0.522895,0.85739,16,0,87.8,Cao điểm Tối,1.64
Hồ Chí Minh,,0,11.58,Ô Tô 4 Chỗ,Mưa Bão,0.596223,0.706845,21,0,95.37,Cao điểm Tối,1.75
Hồ Chí Minh,,5,2.5,Xe Máy,Nắng,0.910179,0.900036,13,1,89.66,Chiều,1
Hải Phòng,,5,12.14,Ô Tô 4 Chỗ,Nhiều Mây,0.37567,0.563254,4,1,92.26,Chiều,1.25
Hải Phòng,,5,1.32,Ô Tô 4 Chỗ,Mưa Bão,0.460253,0.57975,0,1,89.42,Cao điểm Sáng,1.95
Cần Thơ,,5,19.44,Ô Tô 4 Chỗ,Nhiều Mây,0.817932,0.902553,8,1,87.71,Chiều,1
Hà Nội,,1,5.31,Xe Máy,Nắng,0.51604,0.948101,17,0,95.38,Đêm,1.65
Hồ Chí Minh,,5,1.29,Xe ViP,Mưa Bão,0.955307,0.4314,21,1,90,Cao điểm Tối,2.49
Hồ Chí Minh,,2,2.09,Xe ViP,Nắng,0.96118,0.984821,22,0,98.44,Đêm,1.04
Hồ Chí Minh,,2,4.25,Xe Máy,Mưa Bão,0.375267,0.920977,11,0,94.83,Cao điểm Tối,2.36
Cần Thơ,,4,16.52,Xe ViP,Nắng,0.439908,0.609542,20,0,93.68,Cao điểm Tối,1.49
Đà Nẵng,,1,11.17,Xe Máy,Mưa Bão,0.437969,0.630089,11,0,88.43,Cao điểm Sáng,1.96
Đà Nẵng,,2,13.82,Ô Tô 4 Chỗ,Mưa,0.273845,0.550513,16,0,86.35,Cao điểm Tối,2.58
Hải Phòng,,3,10.61,Xe ViP,Nhiều Mây,0.310733,0.483235,15,0,90.72,Chiều,1.26
Hà Nội,,0,11.9,Ô Tô 4 Chỗ,Nắng,0.318851,0.574245,14,0,89.28,Chiều,1.38
Cần Thơ,,5,6.82,Xe Máy,Mưa,0.443857,0.984649,23,1,89.88,Đêm,2.09
Hà Nội,,4,12.18,Xe Máy,Mưa,0.415535,0.846066,5,0,88.6,Đêm,1.93
Cần Thơ,,0,8.99,Xe Máy,Mưa Bão,0.724177,0.92005,20,0,93.65,Cao điểm Tối,2.35
Hồ Chí Minh,,0,2.14,Xe ViP,Nhiều Mây,0.910665,0.677365,9,0,94.56,Đêm,1
Hồ Chí Minh,,5,19.32,Ô Tô 4 Chỗ,Nắng,0.261864,0.918787,8,1,92.65,Đêm,1.99
Hải Phòng,,0,5.13,Xe ViP,Nhiều Mây,0.701949,0.411009,12,0,95.86,Cao điểm Sáng,1.29
Cần Thơ,,1,18.94,Xe Máy,Nhiều Mây,0.658318,0.791572,17,0,99.24,Đêm,1.2
Cần Thơ,,5,15.16,Xe ViP,Mưa,0.984903,0.815483,2,1,89.32,Đêm,1.26
Đà Nẵng,,6,14.44,Xe Máy,Nhiều Mây,0.815974,0.495118,22,1,85.96,Chiều,1
Hải Phòng,,2,6.8,Xe Máy,Nhiều Mây,0.41703,0.719432,1,0,94.32,Cao điểm Sáng,1.69
Hồ Chí Minh,,4,3.55,Ô Tô 4 Chỗ,Nhiều Mây,0.210941,0.743163,1,0,96.06,Chiều,1.8
Đà Nẵng,,6,14.17,Ô Tô 4 Chỗ,Nhiều Mây,0.918866,0.516622,1,1,93.82,Chiều,1
Hải Phòng,,6,16.12,Xe Máy,Nắng,0.307504,0.821776,17,1,87.04,Chiều,1.64
Đà Nẵng,,1,14.29,Ô Tô 4 Chỗ,Nắng,0.320977,0.990668,2,0,96.18,Đêm,2
Hà Nội,,6,13.01,Ô Tô 4 Chỗ,Mưa,0.428154,0.465702,13,1,87.23,Đêm,1.33
Đà Nẵng,,0,5.3,Ô Tô 4 Chỗ,Nắng,0.643399,0.807561,12,0,98.45,Cao điểm Tối,1.4
Cần Thơ,,1,9.91,Xe Máy,Nắng,0.375159,0.753007,21,0,86.6,Chiều,1.57
Cần Thơ,,5,12.87,Xe Máy,Nhiều Mây,0.761944,0.570033,20,1,94.38,Chiều,1
Cần Thơ,,3,9.9,Xe ViP,Mưa Bão,0.819018,0.750905,4,0,87.86,Cao điểm Sáng,1.77
Hải Phòng,,3,2.6,Xe ViP,Nắng,0.252947,0.766309,9,0,87.46,Đêm,1.77
Hồ Chí Minh,,1,18.86,Xe Máy,Nắng,0.720018,0.598271,23,0,87.19,Cao điểm Tối,1.24
Hà Nội,,2,16.81,Xe Máy,Mưa Bão,0.943737,0.488938,16,0,95.31,Chiều,1.1
Hồ Chí Minh,,0,13.56,Xe ViP,Mưa,0.489248,0.809775,15,0,85.82,Cao điểm Sáng,2.32
Đà Nẵng,,6,8.63,Xe ViP,Mưa,0.778501,0.412797,13,1,88.03,Đêm,1.15
Cần Thơ,,1,13.8,Xe ViP,Mưa Bão,0.954246,0.420528,7,0,92.53,Chiều,1.33
Cần Thơ,,6,18.66,Xe ViP,Nhiều Mây,0.714824,0.742282,22,1,92.39,Cao điểm Tối,1.09
Cần Thơ,,4,3.99,Xe ViP,Nhiều Mây,0.283529,0.946352,6,0,88.94,Cao điểm Sáng,2.24
Hà Nội,,5,17.99,Xe ViP,Nắng,0.692897,0.755593,22,1,91.26,Cao điểm Tối,1.23
Đà Nẵng,,2,11.21,Xe Máy,Nắng,0.42947,0.985341,19,0,89.62,Cao điểm Tối,2.15
Cần Thơ,,4,9.69,Xe Máy,Mưa Bão,0.235148,0.771849,0,0,92.26,Cao điểm Tối,2.95
Hải Phòng,,3,4.15,Xe Máy,Nhiều Mây,0.332188,0.406792,17,0,85.85,Cao điểm Tối,1.26
Hồ Chí Minh,,5,19.49,Xe Máy,Nắng,0.355652,0.416063,23,1,90.42,Chiều,1.09
Hà Nội,,2,1.28,Xe Máy,Nhiều Mây,0.600017,0.646793,20,0,95.2,Cao điểm Tối,1.29
Cần Thơ,,6,7.01,Xe ViP,Nhiều Mây,0.871207,0.76534,7,1,93.53,Cao điểm Sáng,1.15
Hà Nội,,4,6.55,Xe ViP,Mưa,0.434033,0.598943,20,0,87.57,Chiều,1.4
Hải Phòng,,6,18.37,Xe ViP,Mưa,0.43183,0.739899,23,1,96.68,Cao điểm Tối,2.29
Đà Nẵng,,1,1.81,Ô Tô 4 Chỗ,Mưa Bão,0.626635,0.512247,2,0,93.8,Cao điểm Sáng,1.92
Đà Nẵng,,5,9.89,Xe ViP,Mưa Bão,0.528032,0.976102,18,1,95.99,Chiều,1.98
Hải Phòng,,3,3.28,Xe Máy,Mưa,0.214015,0.941323,9,0,94.12,Cao điểm Sáng,3.11
Hồ Chí Minh,,6,6.97,Ô Tô 4 Chỗ,Nắng,0.371195,0.694477,21,1,87.91,Đêm,1.48
Cần Thơ,,1,11.27,Ô Tô 4 Chỗ,Mưa Bão,0.961328,0.557643,6,0,95.17,Cao điểm Tối,2.15
Cần Thơ,,0,16.14,Ô Tô 4 Chỗ,Mưa Bão,0.816284,0.854051,3,0,93.4,Cao điểm Tối,1.62
Đà Nẵng,,5,5.99,Ô Tô 4 Chỗ,Nhiều Mây,0.799332,0.748771,8,1,88.8,Chiều,1
Đà Nẵng,,6,8.37,Xe Máy,Nhiều Mây,0.857748,0.670545,16,1,88.02,Đêm,1
Đà Nẵng,,5,18.99,Xe Máy,Nhiều Mây,0.854021,0.577356,3,1,89.77,Chiều,1
Hải Phòng,,1,6.81,Xe ViP,Mưa,0.3524,0.911006,6,0,92.65,Cao điểm Tối,3.16
Đà Nẵng,,4,12.16,Xe Máy,Nhiều Mây,0.964597,0.597604,4,0,96.61,Đêm,1
Hồ Chí Minh,,1,2.31,Xe ViP,Nhiều Mây,0.429084,0.778453,15,0,85.45,Đêm,1.52
Hà Nội,,3,17.25,Xe Máy,Mưa Bão,0.577336,0.551791,12,0,97.16,Cao điểm Tối,2.36
Đà Nẵng,,2,12.96,Xe ViP,Mưa,0.760796,0.778426,0,0,90.84,Cao điểm Tối,1.75
Hà Nội,,3,10.74,Xe ViP,Nắng,0.711465,0.588775,11,0,90.19,Đêm,1
Cần Thơ,,1,17.62,Ô Tô 4 Chỗ,Mưa Bão,0.774086,0.91051,1,0,93,Đêm,1.49
Đà Nẵng,,3,16.6,Ô Tô 4 Chỗ,Mưa,0.748462,0.679985,20,0,89.3,Cao điểm Tối,1.61
Hải Phòng,,5,4.61,Xe ViP,Nắng,0.733114,0.644728,7,1,86.01,Đêm,1
Cần Thơ,,1,1.07,Ô Tô 4 Chỗ,Mưa,0.912975,0.508029,17,0,85.27,Đêm,1.21
Hải Phòng,,5,14.97,Xe Máy,Nắng,0.284552,0.794973,10,1,95.94,Cao điểm Sáng,1.93
Hải Phòng,,1,16.9,Xe ViP,Nhiều Mây,0.346557,0.932415,13,0,89.16,Chiều,1.88
Hà Nội,,0,17.22,Xe Máy,Nắng,0.421954,0.767787,0,0,90.75,Đêm,1.52
Hồ Chí Minh,,1,4.61,Xe ViP,Mưa Bão,0.314014,0.754974,12,0,87.34,Đêm,1.88
Hải Phòng,,6,17.21,Ô Tô 4 Chỗ,Mưa Bão,0.730402,0.977444,7,1,91.45,Cao điểm Tối,1.97
Hà Nội,,2,7,Xe Máy,Nhiều Mây,0.522807,0.689393,11,0,85.86,Cao điểm Tối,1.58
Cần Thơ,,1,5.92,Xe ViP,Nhiều Mây,0.273331,0.950922,19,0,97.46,Đêm,2.02
Hà Nội,,1,6.54,Ô Tô 4 Chỗ,Nắng,0.271497,0.947309,17,0,93.95,Cao điểm Sáng,2.19
Hải Phòng,,1,1.58,Ô Tô 4 Chỗ,Mưa Bão,0.231921,0.870458,0,0,99.37,Đêm,2.34
Hồ Chí Minh,,0,11.99,Xe ViP,Mưa Bão,0.757511,0.976072,5,0,89.13,Đêm,1.64
Hải Phòng,,3,3.73,Ô Tô 4 Chỗ,Nhiều Mây,0.642347,0.554839,5,0,90.59,Cao điểm Tối,1.36
Đà Nẵng,,2,18.02,Xe Máy,Nhiều Mây,0.529599,0.78286,3,0,92.26,Cao điểm Tối,1.71
Hải Phòng,,6,16.8,Xe Máy,Mưa Bão,0.660916,0.647215,13,1,86.77,Chiều,1.11
Hà Nội,,4,15.88,Xe Máy,Nắng,0.654305,0.958062,19,0,95.5,Cao điểm Sáng,1.57
Đà Nẵng,,5,15.12,Xe Máy,Mưa Bão,0.252682,0.460796,7,1,89.73,Cao điểm Tối,2.77
Hồ Chí Minh,,5,7.98,Ô Tô 4 Chỗ,Nắng,0.493122,0.592804,7,1,94.88,Cao điểm Tối,1.54
Hải Phòng,,5,0.77,Xe Máy,Mưa Bão,0.442865,0.937368,4,1,90.1,Cao điểm Tối,2.86
Hồ Chí Minh,,3,19.39,Xe Máy,Mưa,0.912337,0.751009,23,0,95.86,Đêm,1.35
Cần Thơ,,5,17.44,Xe Máy,Nhiều Mây,0.746015,0.975518,16,1,88.86,Cao điểm Sáng,1.33
Đà Nẵng,,4,13.22,Xe ViP,Nắng,0.4817,0.768779,17,0,86.33,Chiều,1.43
Hồ Chí Minh,,5,8.9,Xe Máy,Mưa Bão,0.321073,0.806946,2,1,91.8,Cao điểm Sáng,2.24
Hải Phòng,,5,13.16,Xe ViP,Nhiều Mây,0.978606,0.624813,14,1,94.18,Đêm,1
Hà Nội,,5,8.81,Xe ViP,Nắng,0.391592,0.73336,4,1,89.88,Đêm,1.51
Đà Nẵng,,6,9.54,Xe Máy,Nhiều Mây,0.861798,0.485374,5,1,86.69,Đêm,1
Hồ Chí Minh,,3,10.26,Xe ViP,Mưa,0.698559,0.489374,2,0,83.69,Cao điểm Tối,1.67
Hải Phòng,,4,11.51,Xe ViP,Nhiều Mây,0.563362,0.783796,8,0,89.08,Cao điểm Sáng,1.49
Cần Thơ,,6,18.46,Xe ViP,Mưa,0.836707,0.827158,11,1,96.28,Đêm,1.26
Cần Thơ,,5,1.58,Xe ViP,Mưa,0.967736,0.516079,22,1,95.22,Chiều,1.1
Hồ Chí Minh,,3,4.97,Xe Máy,Mưa,0.863116,0.94229,15,0,96.23,Cao điểm Tối,1.82
Hồ Chí Minh,,0,16.47,Ô Tô 4 Chỗ,Mưa,0.57995,0.882703,13,0,87.38,Cao điểm Tối,2.56
Cần Thơ,,2,4.92,Xe ViP,Mưa Bão,0.495379,0.979258,10,0,86.53,Cao điểm Tối,3.17
Đà Nẵng,,1,3.32,Ô Tô 4 Chỗ,Nắng,0.750537,0.940606,2,0,85.06,Cao điểm Sáng,1.62
Cần Thơ,,3,17.41,Xe Máy,Nắng,0.26193,0.829479,18,0,85.98,Cao điểm Tối,2.01
Hồ Chí Minh,,3,11.41,Xe Máy,Mưa Bão,0.827985,0.899398,6,0,97.57,Chiều,1.32
Hải Phòng,,1,16.6,Xe ViP,Nắng,0.495991,0.535756,5,0,92.8,Đêm,1.06
Hà Nội,,5,19.51,Xe ViP,Nhiều Mây,0.614185,0.748895,17,1,93.13,Chiều,1.2
Hải Phòng,,1,17.88,Xe Máy,Mưa,0.899117,0.649472,14,0,93.29,Cao điểm Sáng,2.42
Hải Phòng,,5,9.02,Xe Máy,Mưa,0.756673,0.47036,22,1,87.35,Chiều,1.13
Hải Phòng,,1,11.16,Xe ViP,Nhiều Mây,0.946841,0.888891,4,0,97.26,Chiều,1
Hồ Chí Minh,,0,17.62,Xe ViP,Nắng,0.659069,0.725525,7,0,98.11,Chiều,1.1
Đà Nẵng,,6,17.68,Xe ViP,Nhiều Mây,0.597477,0.73595,3,1,85.52,Chiều,1.08
Hồ Chí Minh,,0,1.43,Ô Tô 4 Chỗ,Nhiều Mây,0.876994,0.674365,5,0,91.59,Đêm,1
Hồ Chí Minh,,4,14.83,Xe Máy,Mưa Bão,0.885453,0.834998,8,0,88.3,Cao điểm Tối,2.37
Hà Nội,,1,7.21,Xe ViP,Nắng,0.746138,0.95871,13,0,94.69,Cao điểm Tối,1.6
Hải Phòng,,5,9.32,Ô Tô 4 Chỗ,Nhiều Mây,0.861764,0.545113,20,1,89.41,Cao điểm Sáng,1
Đà Nẵng,,0,10.69,Xe Máy,Mưa,0.519811,0.589051,15,0,88.14,Cao điểm Tối,2.45
Hà Nội,,1,12.72,Xe Máy,Mưa Bão,0.887351,0.711518,7,0,85.63,Cao điểm Sáng,1.96
Hà Nội,,0,4.12,Ô Tô 4 Chỗ,Nhiều Mây,0.313801,0.884399,12,0,91.2,Đêm,1.86
Hải Phòng,,1,0.74,Xe Máy,Nhiều Mây,0.831599,0.50543,8,0,95.28,Chiều,1
Hồ Chí Minh,,4,8.89,Ô Tô 4 Chỗ,Mưa Bão,0.239797,0.48196,21,0,90.18,Đêm,1.53
Hà Nội,,6,8.74,Xe Máy,Nhiều Mây,0.930146,0.697021,8,1,91.33,Chiều,1
Hồ Chí Minh,,0,9.44,Xe ViP,Nắng,0.234951,0.65732,4,0,96.4,Chiều,1.63
Đà Nẵng,,6,8.84,Xe Máy,Nhiều Mây,0.861578,0.699617,23,1,94.23,Đêm,1
Hải Phòng,,1,15.14,Xe ViP,Nắng,0.713673,0.480868,20,0,87.92,Cao điểm Tối,1.1
Hà Nội,,2,15,Ô Tô 4 Chỗ,Mưa,0.518667,0.625384,1,0,89.79,Cao điểm Sáng,1.79
Hà Nội,,1,2.92,Ô Tô 4 Chỗ,Mưa Bão,0.893078,0.7217,9,0,97,Cao điểm Tối,1.55
Hồ Chí Minh,,2,6.05,Xe Máy,Mưa Bão,0.365335,0.939357,11,0,96.72,Đêm,2.18
Hải Phòng,,3,6.61,Xe Máy,Mưa Bão,0.337805,0.467787,2,0,86.53,Đêm,1.42
Đà Nẵng,,0,9.6,Xe ViP,Nắng,0.924205,0.596765,20,0,88.79,Đêm,1
Hà Nội,,0,5.51,Xe ViP,Nhiều Mây,0.386152,0.514239,17,0,90.25,Cao điểm Tối,1.43
Đà Nẵng,,1,8.87,Ô Tô 4 Chỗ,Mưa,0.42196,0.659109,12,0,96.05,Đêm,1.56
Hồ Chí Minh,,5,12.98,Xe Máy,Nhiều Mây,0.577762,0.863125,13,1,94.92,Chiều,1.43
Cần Thơ,,0,15.32,Xe ViP,Nhiều Mây,0.53454,0.761853,7,0,86.21,Đêm,1.34
Hải Phòng,,3,17.12,Ô Tô 4 Chỗ,Mưa,0.887871,0.992351,11,0,92.18,Đêm,1.42
Đà Nẵng,,0,11.85,Ô Tô 4 Chỗ,Mưa Bão,0.856912,0.636255,2,0,91.62,Đêm,1.24
Đà Nẵng,,3,1.77,Xe Máy,Mưa,0.805984,0.440814,15,0,96.19,Đêm,1.22
Hà Nội,,1,10.38,Xe Máy,Nhiều Mây,0.228909,0.859932,9,0,90.94,Đêm,1.95
Cần Thơ,,2,12.23,Ô Tô 4 Chỗ,Nắng,0.305288,0.896532,8,0,90.5,Đêm,1.89
Đà Nẵng,,5,18.59,Xe ViP,Nhiều Mây,0.724063,0.953382,7,1,88.44,Cao điểm Tối,1.33
Hải Phòng,,6,14.6,Ô Tô 4 Chỗ,Mưa Bão,0.388271,0.782326,1,1,85.46,Cao điểm Tối,3
Hồ Chí Minh,,4,13.24,Ô Tô 4 Chỗ,Nhiều Mây,0.587921,0.453803,17,0,97.02,Cao điểm Tối,1.33
Đà Nẵng,,0,14.61,Ô Tô 4 Chỗ,Mưa,0.940213,0.401884,16,0,87.03,Cao điểm Sáng,2.33
Hồ Chí Minh,,6,18.93,Xe Máy,Nhiều Mây,0.520816,0.730825,8,1,89.04,Đêm,1.32
Cần Thơ,,5,2.8,Xe ViP,Mưa,0.793148,0.493611,6,1,88.23,Cao điểm Sáng,1.51
Hà Nội,,5,2.77,Xe ViP,Mưa Bão,0.880686,0.955102,15,1,89.82,Chiều,1.41
Đà Nẵng,,6,18.31,Xe Máy,Nhiều Mây,0.627874,0.752052,14,1,94.72,Chiều,1.06
Hồ Chí Minh,,4,9.64,Xe Máy,Mưa Bão,0.746835,0.695045,1,0,93.03,Cao điểm Tối,2.43
Đà Nẵng,,3,11.92,Xe ViP,Mưa Bão,0.504488,0.603659,2,0,91.15,Cao điểm Sáng,2.42
Hà Nội,,4,15.38,Ô Tô 4 Chỗ,Mưa,0.262537,0.72636,22,0,90.51,Cao điểm Tối,2.92
Hồ Chí Minh,,4,17.19,Xe ViP,Mưa,0.989284,0.523275,22,0,85.76,Chiều,1.17
Hồ Chí Minh,,0,8.65,Xe ViP,Nắng,0.633531,0.652216,2,0,90.78,Cao điểm Sáng,1.42
Đà Nẵng,,4,9.39,Xe ViP,Mưa,0.858746,0.488382,8,0,84.52,Cao điểm Tối,2.43
Hải Phòng,,3,1.04,Xe ViP,Mưa,0.377689,0.546903,16,0,89.11,Đêm,1.42
Hà Nội,,4,9.45,Xe ViP,Mưa Bão,0.965152,0.644616,19,0,87.89,Cao điểm Sáng,1.73
Hải Phòng,,6,8.4,Xe Máy,Mưa Bão,0.995331,0.603518,6,1,92.58,Cao điểm Sáng,1.65
Hà Nội,,0,0.64,Ô Tô 4 Chỗ,Mưa,0.686553,0.795761,19,0,84.48,Cao điểm Tối,2.51
Hải Phòng,,5,10.12,Ô Tô 4 Chỗ,Mưa,0.429753,0.762157,17,1,90.87,Cao điểm Sáng,2.19
Cần Thơ,,2,1.32,Ô Tô 4 Chỗ,Mưa Bão,0.684331,0.99546,14,0,96.94,Cao điểm Sáng,2.23
Hải Phòng,,1,19.04,Xe Máy,Nhiều Mây,0.99362,0.462875,3,0,88.98,Chiều,1
Đà Nẵng,,3,17.05,Xe Máy,Mưa,0.587826,0.592934,9,0,94.6,Cao điểm Sáng,1.72
Hải Phòng,,4,3.53,Xe Máy,Mưa,0.963936,0.51878,14,0,85.86,Chiều,1.21
Hà Nội,,6,0.63,Xe Máy,Mưa Bão,0.565982,0.770813,23,1,95.97,Cao điểm Sáng,2.55
Hồ Chí Minh,,3,4.82,Xe ViP,Mưa Bão,0.283966,0.518335,23,0,91.99,Cao điểm Sáng,2.27
Hải Phòng,,3,8.34,Xe Máy,Nhiều Mây,0.772354,0.865757,16,0,88.06,Đêm,1.14
Cần Thơ,,4,18.07,Ô Tô 4 Chỗ,Nắng,0.327314,0.687585,23,0,90.91,Cao điểm Sáng,1.83
Đà Nẵng,,6,0.97,Ô Tô 4 Chỗ,Mưa Bão,0.382007,0.549821,19,1,94.72,Đêm,1.49
Đà Nẵng,,1,18.42,Xe ViP,Nắng,0.40798,0.729149,9,0,85.3,Đêm,1.48
Hà Nội,,3,3.93,Xe Máy,Mưa Bão,0.639018,0.96915,5,0,99.08,Chiều,1.78
Hồ Chí Minh,,3,17.99,Ô Tô 4 Chỗ,Mưa Bão,0.457205,0.469362,22,0,90.39,Cao điểm Sáng,2.49
Hồ Chí Minh,,6,7.71,Xe Máy,Mưa Bão,0.564741,0.78786,12,1,92.43,Đêm,1.69
Cần Thơ,,6,7.19,Xe Máy,Mưa,0.823422,0.541169,10,1,94.1,Cao điểm Tối,1.86
Hồ Chí Minh,,6,7.43,Xe Máy,Mưa Bão,0.640743,0.620768,19,1,86.57,Cao điểm Tối,2.27
Hải Phòng,,6,16.23,Xe Máy,Nhiều Mây,0.746216,0.985031,10,1,84.96,Cao điểm Sáng,1.63
Cần Thơ,,0,1.58,Xe ViP,Nắng,0.382903,0.813714,1,0,95.01,Cao điểm Tối,1.76
Cần Thơ,,3,4.18,Ô Tô 4 Chỗ,Nhiều Mây,0.766949,0.760378,6,0,89.37,Đêm,1
Hải Phòng,,3,4.55,Xe ViP,Mưa Bão,0.646105,0.747449,11,0,95.82,Cao điểm Tối,1.72
Hà Nội,,3,10.12,Ô Tô 4 Chỗ,Nắng,0.664115,0.682957,1,0,87.24,Cao điểm Tối,1.19
Hồ Chí Minh,,3,2.33,Xe Máy,Mưa,0.299752,0.532419,22,0,87.63,Đêm,1.72
Hải Phòng,,2,0.88,Xe ViP,Mưa Bão,0.442535,0.583911,10,0,85.41,Cao điểm Sáng,2.55
Cần Thơ,,2,16.92,Xe Máy,Nhiều Mây,0.622671,0.602213,15,0,95.46,Chiều,1
Hải Phòng,,5,13.57,Xe Máy,Mưa Bão,0.896002,0.412251,23,1,86.39,Chiều,1.3
Đà Nẵng,,4,18.91,Ô Tô 4 Chỗ,Mưa,0.876248,0.520583,14,0,86.45,Đêm,1.13
Cần Thơ,,0,5.17,Xe ViP,Nắng,0.471719,0.872906,6,0,95.72,Cao điểm Sáng,1.85
Hồ Chí Minh,,2,10.31,Ô Tô 4 Chỗ,Nhiều Mây,0.856266,0.790324,3,0,96.13,Đêm,1
Cần Thơ,,1,11.58,Xe Máy,Nắng,0.851112,0.402441,16,0,99.06,Chiều,1
Hà Nội,,1,10.77,Xe Máy,Nhiều Mây,0.988276,0.914581,0,0,91.45,Cao điểm Tối,1.28
Hà Nội,,1,18.45,Xe Máy,Nhiều Mây,0.470812,0.650101,23,0,89.73,Đêm,1.27
Hà Nội,,2,5.3,Ô Tô 4 Chỗ,Mưa,0.518868,0.954461,5,0,95.7,Cao điểm Sáng,2.52
Hồ Chí Minh,,0,15.22,Xe ViP,Nắng,0.912053,0.748377,0,0,92.96,Cao điểm Sáng,1.16
Hồ Chí Minh,,1,10.1,Xe ViP,Nắng,0.688402,0.80603,17,0,86.25,Cao điểm Sáng,1.38
Hồ Chí Minh,,4,1.71,Xe Máy,Nhiều Mây,0.214279,0.963358,0,0,96.71,Cao điểm Sáng,2.31
Hà Nội,,2,4.41,Ô Tô 4 Chỗ,Mưa Bão,0.929329,0.873418,20,0,84.2,Đêm,1.25
Hải Phòng,,6,9.88,Xe ViP,Mưa,0.743294,0.908773,9,1,90.25,Cao điểm Tối,2.61
Đà Nẵng,,1,14.45,Xe Máy,Nắng,0.604887,0.77979,21,0,86.66,Cao điểm Tối,1.56
Cần Thơ,,4,15.47,Xe Máy,Mưa Bão,0.64842,0.774692,1,0,87.1,Đêm,1.53
Đà Nẵng,,4,9.61,Xe Máy,Nhiều Mây,0.951447,0.494453,5,0,91.98,Cao điểm Sáng,1.25
Hà Nội,,6,10.64,Xe ViP,Mưa,0.801781,0.452291,13,1,91.61,Cao điểm Tối,2.46
Đà Nẵng,,4,9.46,Xe Máy,Mưa Bão,0.770189,0.86832,23,0,97.09,Cao điểm Sáng,2.43
Cần Thơ,,1,12.19,Xe ViP,Nắng,0.705922,0.877352,5,0,98.08,Chiều,1.26
Đà Nẵng,,5,14.25,Xe Máy,Mưa,0.702344,0.762435,17,1,85.69,Cao điểm Tối,2
Hải Phòng,,3,19.34,Xe ViP,Mưa,0.684601,0.50326,7,0,90.11,Cao điểm Sáng,2.46
Hải Phòng,,6,13.74,Xe Máy,Nắng,0.787197,0.658764,12,1,98.98,Cao điểm Sáng,1
Đà Nẵng,,6,9.02,Ô Tô 4 Chỗ,Nhiều Mây,0.77136,0.552783,19,1,87.12,Cao điểm Sáng,1.35
Hải Phòng,,2,17.25,Xe Máy,Nhiều Mây,0.774882,0.932666,9,0,94.07,Cao điểm Tối,1.63
Hồ Chí Minh,,6,14.27,Ô Tô 4 Chỗ,Nhiều Mây,0.575294,0.934474,21,1,92.2,Chiều,1.54
Cần Thơ,,0,8.02,Ô Tô 4 Chỗ,Mưa Bão,0.964642,0.530376,13,0,92.19,Chiều,1.33
Hà Nội,,3,1.24,Xe ViP,Nắng,0.757384,0.949916,8,0,83.61,Cao điểm Sáng,1.58
Hồ Chí Minh,,3,4.52,Xe Máy,Nắng,0.67512,0.91385,14,0,94.81,Chiều,1.36
Đà Nẵng,,0,11.81,Ô Tô 4 Chỗ,Mưa Bão,0.826827,0.905226,8,0,93.26,Chiều,1.29
Hải Phòng,,2,3.62,Xe ViP,Mưa,0.556004,0.707861,10,0,92.35,Cao điểm Sáng,2.53
Hồ Chí Minh,,2,5.85,Xe Máy,Nắng,0.8339,0.446223,2,0,92.58,Cao điểm Sáng,1.39
Đà Nẵng,,1,16.44,Xe ViP,Nhiều Mây,0.986381,0.584829,23,0,88.4,Cao điểm Tối,1.33
Đà Nẵng,,3,7.72,Xe Máy,Nhiều Mây,0.447636,0.76727,13,0,89.82,Chiều,1.48
Hải Phòng,,3,2.21,Ô Tô 4 Chỗ,Nắng,0.481312,0.929018,6,0,90.97,Cao điểm Tối,2
Hà Nội,,2,2.16,Xe ViP,Nhiều Mây,0.266938,0.863544,5,0,86.11,Cao điểm Sáng,2.22
Hà Nội,,4,0.5,Ô Tô 4 Chỗ,Nhiều Mây,0.921593,0.728342,18,0,89.84,Đêm,1
Hồ Chí Minh,,5,15.44,Xe ViP,Nhiều Mây,0.575691,0.616953,3,1,94.25,Cao điểm Tối,1.42
Hà Nội,,0,5.5,Ô Tô 4 Chỗ,Mưa Bão,0.836485,0.821194,10,0,98.3,Cao điểm Sáng,2.05
Cần Thơ,,6,9.32,Xe Máy,Nhiều Mây,0.249093,0.686139,18,1,91.97,Đêm,1.46
Cần Thơ,,3,11.49,Xe Máy,Nhiều Mây,0.89508,0.822534,18,0,86.5,Chiều,1
Hà Nội,,5,13.72,Xe Máy,Nhiều Mây,0.787741,0.719771,22,1,93.82,Cao điểm Tối,1.38
Đà Nẵng,,5,8.49,Xe Máy,Nắng,0.522461,0.545759,11,1,94.22,Đêm,1
Cần Thơ,,5,3.35,Ô Tô 4 Chỗ,Nhiều Mây,0.273294,0.418405,16,1,87.3,Chiều,1
Đà Nẵng,,1,8.38,Xe ViP,Mưa,0.300432,0.468093,21,0,86.58,Cao điểm Tối,2.62
Hồ Chí Minh,,0,9.58,Xe Máy,Mưa,0.531608,0.581405,18,0,87.13,Chiều,1.41
Đà Nẵng,,3,14.43,Ô Tô 4 Chỗ,Nắng,0.548925,0.59191,17,0,92.08,Chiều,1.06
Hải Phòng,,2,10.5,Xe Máy,Nắng,0.229123,0.671137,0,0,87.23,Cao điểm Sáng,1.84
Hà Nội,,4,3.12,Xe ViP,Nhiều Mây,0.607138,0.873253,19,0,92.13,Cao điểm Sáng,1.79
Cần Thơ,,0,18.08,Xe ViP,Nhiều Mây,0.949305,0.446547,4,0,90.24,Chiều,1
Cần Thơ,,1,13.31,Xe Máy,Nắng,0.52975,0.459724,16,0,93.16,Đêm,1
Hồ Chí Minh,,2,11.9,Xe ViP,Nhiều Mây,0.836637,0.701399,21,0,87.35,Cao điểm Tối,1.37
Hà Nội,,1,12.82,Xe ViP,Mưa,0.840913,0.87183,4,0,86.88,Cao điểm Tối,1.89
Cần Thơ,,4,1.39,Xe Máy,Nắng,0.74838,0.869749,22,0,97.13,Cao điểm Sáng,1.32
Đà Nẵng,,1,12.48,Xe ViP,Nhiều Mây,0.841665,0.614667,21,0,99.35,Chiều,1
Cần Thơ,,1,8.41,Xe Máy,Mưa,0.577932,0.79568,12,0,94.41,Đêm,1.58
Cần Thơ,,3,3.77,Xe ViP,Mưa Bão,0.672128,0.81632,14,0,89.34,Đêm,1.48
Hà Nội,,2,4.5,Xe ViP,Mưa,0.637244,0.996979,6,0,94.71,Chiều,1.73
Hà Nội,,4,2.23,Xe ViP,Mưa Bão,0.368958,0.466147,4,0,84.25,Chiều,1.55
Hà Nội,,3,7.64,Xe ViP,Nắng,0.438708,0.447052,19,0,85.61,Cao điểm Tối,1.24
Cần Thơ,,3,19.64,Xe Máy,Mưa,0.577523,0.473719,22,0,97.56,Cao điểm Sáng,2.29
Hồ Chí Minh,,6,19.87,Xe ViP,Nắng,0.219014,0.549749,4,1,88.42,Cao điểm Tối,1.66
Hà Nội,,3,2.3,Xe Máy,Nắng,0.620714,0.801589,13,0,95.51,Chiều,1.27
Hà Nội,,1,14.8,Xe ViP,Mưa Bão,0.432998,0.794874,20,0,98.33,Cao điểm Sáng,2.14
Hải Phòng,,3,17.95,Ô Tô 4 Chỗ,Nhiều Mây,0.896977,0.837582,18,0,89.3,Đêm,1
Cần Thơ,,2,17.74,Xe ViP,Mưa,0.243001,0.874403,4,0,95.67,Cao điểm Sáng,2.89
Hồ Chí Minh,,4,5.68,Xe Máy,Mưa,0.519432,0.780824,20,0,93.19,Cao điểm Tối,2.61
Hồ Chí Minh,,4,7.16,Xe ViP,Nhiều Mây,0.609172,0.465164,4,0,88.37,Cao điểm Sáng,1.36
Hải Phòng,,3,5.54,Xe ViP,Nắng,0.973399,0.979725,10,0,86.44,Cao điểm Sáng,1.22
Hải Phòng,,2,18.51,Ô Tô 4 Chỗ,Mưa Bão,0.593295,0.8558,6,0,94.14,Đêm,1.77
Hà Nội,,1,3.62,Xe Máy,Nhiều Mây,0.36167,0.603639,18,0,96.87,Cao điểm Sáng,1.53
Cần Thơ,,0,19.33,Ô Tô 4 Chỗ,Mưa Bão,0.401852,0.603371,5,0,96.83,Cao điểm Tối,2.42
Đà Nẵng,,0,2.43,Xe Máy,Nhiều Mây,0.666618,0.991135,7,0,85.36,Cao điểm Sáng,1.69
Đà Nẵng,,5,12.01,Xe Máy,Nhiều Mây,0.419042,0.77807,5,1,84.93,Đêm,1.36
Đà Nẵng,,0,14.65,Xe Máy,Mưa Bão,0.200215,0.750082,14,0,89.12,Cao điểm Tối,2.64
Cần Thơ,,0,13.1,Ô Tô 4 Chỗ,Nhiều Mây,0.931861,0.574372,4,0,89.22,Cao điểm Tối,1.34
Hồ Chí Minh,,1,1.97,Xe Máy,Mưa,0.882498,0.645401,8,0,91.43,Cao điểm Tối,1.71
Đà Nẵng,,2,10.1,Xe Máy,Mưa,0.320577,0.88447,17,0,90.17,Cao điểm Tối,2.79
Đà Nẵng,,0,7.1,Ô Tô 4 Chỗ,Mưa,0.986021,0.901015,21,0,91.75,Chiều,1.25
Hồ Chí Minh,,4,12.97,Xe Máy,Mưa Bão,0.702624,0.819062,17,0,85.37,Cao điểm Tối,2.57
Hải Phòng,,4,18.65,Xe Máy,Mưa Bão,0.494839,0.979911,14,0,94.47,Cao điểm Sáng,2.47
Hồ Chí Minh,,4,19.5,Xe Máy,Nhiều Mây,0.703857,0.609695,21,0,87.99,Đêm,1
Cần Thơ,,3,13.63,Xe Máy,Nhiều Mây,0.480653,0.946586,1,0,93.77,Cao điểm Sáng,2.01
Hải Phòng,,6,10.09,Ô Tô 4 Chỗ,Mưa Bão,0.337557,0.974632,3,1,97.3,Cao điểm Sáng,2.94
Cần Thơ,,5,3.94,Xe ViP,Mưa,0.546277,0.925039,4,1,97.75,Cao điểm Tối,2.86
Cần Thơ,,5,5.01,Xe Máy,Nhiều Mây,0.937367,0.670884,17,1,97.8,Cao điểm Sáng,1.32
Hồ Chí Minh,,1,13.39,Xe ViP,Mưa,0.842838,0.646673,19,0,91.23,Cao điểm Sáng,2.16
Cần Thơ,,1,3.11,Ô Tô 4 Chỗ,Nắng,0.784574,0.504137,9,0,90.83,Cao điểm Sáng,1.16
Hà Nội,,2,19.35,Xe ViP,Mưa,0.255386,0.599083,22,0,94.23,Chiều,1.82
Hồ Chí Minh,,0,6.29,Xe Máy,Mưa,0.874912,0.869486,4,0,84.13,Chiều,1.21
Hải Phòng,,1,18.44,Xe Máy,Mưa Bão,0.475368,0.480004,5,0,93.46,Cao điểm Tối,1.54
Hà Nội,,2,16.97,Xe Máy,Nắng,0.894401,0.512803,15,0,88.73,Cao điểm Sáng,1.14
Hải Phòng,,1,3.7,Ô Tô 4 Chỗ,Nhiều Mây,0.230672,0.488192,0,0,89.48,Cao điểm Sáng,1.69
Hà Nội,,4,17.49,Ô Tô 4 Chỗ,Mưa,0.798995,0.452259,1,0,90.17,Cao điểm Sáng,1.51
Cần Thơ,,5,0.66,Ô Tô 4 Chỗ,Mưa Bão,0.392873,0.991691,17,1,93.22,Đêm,2.19
Hồ Chí Minh,,6,19,Xe ViP,Nhiều Mây,0.410686,0.8789,9,1,85.78,Cao điểm Sáng,1.95
Cần Thơ,,4,2.28,Ô Tô 4 Chỗ,Mưa,0.753472,0.654094,10,0,84.32,Cao điểm Sáng,2.31
Cần Thơ,,5,12.94,Xe ViP,Mưa Bão,0.303629,0.434717,0,1,92.18,Chiều,1.44
Đà Nẵng,,3,11.79,Xe ViP,Nắng,0.981928,0.833652,18,0,93.08,Cao điểm Sáng,1.36
Hồ Chí Minh,,4,3.43,Ô Tô 4 Chỗ,Mưa Bão,0.884219,0.99759,17,0,98.4,Đêm,1.3
Cần Thơ,,5,2.85,Xe Máy,Mưa Bão,0.270075,0.837424,12,1,91.68,Cao điểm Tối,2.66
Hà Nội,,3,15.17,Xe ViP,Nhiều Mây,0.265757,0.517383,10,0,88.56,Chiều,1.38
Hà Nội,,4,17,Xe ViP,Mưa,0.222628,0.549909,11,0,93.33,Chiều,1.84
Cần Thơ,,3,18.42,Xe Máy,Mưa,0.573251,0.704064,9,0,85.12,Cao điểm Tối,2.02
Hải Phòng,,2,18.05,Ô Tô 4 Chỗ,Mưa,0.587097,0.70106,20,0,85.83,Cao điểm Sáng,2.67
Hải Phòng,,3,15.02,Ô Tô 4 Chỗ,Mưa,0.211352,0.810521,6,0,93.98,Cao điểm Sáng,2.83
Đà Nẵng,,2,8,Xe ViP,Nắng,0.786946,0.995409,19,0,94.95,Chiều,1.31
Hồ Chí Minh,,1,1.76,Ô Tô 4 Chỗ,Nhiều Mây,0.713835,0.613114,15,0,95.66,Cao điểm Sáng,1.28
Cần Thơ,,4,10.76,Ô Tô 4 Chỗ,Nắng,0.23511,0.87028,6,0,92.04,Cao điểm Sáng,2.27
Hải Phòng,,5,9.14,Xe ViP,Nắng,0.740826,0.850708,15,1,98.49,Đêm,1.11
Đà Nẵng,,6,6.14,Ô Tô 4 Chỗ,Nắng,0.627932,0.586373,9,1,97.98,Cao điểm Tối,1.06
Hồ Chí Minh,,1,15.18,Xe Máy,Mưa,0.663373,0.592615,6,0,96.89,Cao điểm Tối,1.55
Đà Nẵng,,6,8.62,Xe ViP,Nhiều Mây,0.241228,0.721773,17,1,86.19,Đêm,1.55
Hồ Chí Minh,,0,7.22,Xe Máy,Nắng,0.281781,0.916176,9,0,97.91,Cao điểm Sáng,2.21
Đà Nẵng,,1,9.46,Ô Tô 4 Chỗ,Mưa,0.641875,0.682203,21,0,89.8,Cao điểm Sáng,1.64
Hồ Chí Minh,,0,3.44,Xe ViP,Mưa,0.505991,0.699595,23,0,84.88,Chiều,1.69
Hồ Chí Minh,,5,12.49,Ô Tô 4 Chỗ,Mưa Bão,0.849886,0.53045,16,1,88.8,Cao điểm Tối,1.7
Đà Nẵng,,0,12.35,Xe ViP,Nắng,0.815508,0.882842,11,0,89.38,Cao điểm Sáng,1.46
Đà Nẵng,,2,0.62,Xe ViP,Nhiều Mây,0.767744,0.673158,0,0,89.47,Cao điểm Sáng,1.21
Hải Phòng,,0,4.42,Xe Máy,Mưa Bão,0.940241,0.883647,1,0,93.62,Chiều,1.14
Hải Phòng,,0,9.35,Xe ViP,Nhiều Mây,0.461667,0.801826,16,0,96.77,Đêm,1.51
Hải Phòng,,0,4.68,Ô Tô 4 Chỗ,Mưa Bão,0.46995,0.805571,14,0,95.16,Đêm,1.76
Đà Nẵng,,5,19.21,Xe Máy,Mưa Bão,0.456696,0.675835,19,1,92.65,Cao điểm Tối,2.55
Đà Nẵng,,6,16.67,Xe ViP,Nắng,0.903136,0.45127,2,1,95.77,Cao điểm Tối,1.04
Hải Phòng,,0,8.55,Xe Máy,Mưa Bão,0.293916,0.51751,19,0,85.37,Cao điểm Sáng,2.74
Hà Nội,,5,12.12,Ô Tô 4 Chỗ,Mưa Bão,0.252531,0.785569,1,1,85.68,Chiều,2.15
Cần Thơ,,4,18.63,Xe Máy,Mưa Bão,0.236979,0.508959,5,0,95.32,Cao điểm Sáng,2.29
Hà Nội,,4,13.05,Xe Máy,Nhiều Mây,0.870036,0.80054,23,0,85.79,Cao điểm Tối,1.34
Hải Phòng,,1,19.24,Xe ViP,Nắng,0.398716,0.779807,4,0,93.91,Đêm,1.57
Hồ Chí Minh,,5,1.52,Ô Tô 4 Chỗ,Mưa,0.538703,0.536425,4,1,96.62,Cao điểm Tối,2.15
Hà Nội,,4,3.45,Xe ViP,Nắng,0.476931,0.809254,17,0,86.6,Đêm,1.5
Hồ Chí Minh,,5,9.61,Xe ViP,Nắng,0.6688,0.906349,14,1,95.59,Đêm,1.36
Cần Thơ,,1,15.27,Xe ViP,Nắng,0.860764,0.869623,19,0,87.23,Chiều,1.01
Đà Nẵng,,5,8.95,Xe Máy,Nhiều Mây,0.585748,0.483712,12,1,84.97,Chiều,1
Hồ Chí Minh,,1,12.24,Xe ViP,Nhiều Mây,0.72239,0.430761,17,0,85.77,Đêm,1
Đà Nẵng,,2,7.49,Xe ViP,Mưa,0.274837,0.579246,0,0,84.71,Chiều,1.79
Đà Nẵng,,0,2.28,Xe ViP,Nhiều Mây,0.673241,0.862064,10,0,93.31,Chiều,1.28
Hà Nội,,1,7.37,Xe ViP,Nhiều Mây,0.962114,0.547647,11,0,94.87,Đêm,1
Cần Thơ,,1,10.66,Ô Tô 4 Chỗ,Nhiều Mây,0.203009,0.847393,8,0,95.64,Chiều,1.97
Hà Nội,,5,0.7,Ô Tô 4 Chỗ,Mưa,0.545587,0.896228,6,1,93.49,Đêm,1.7
Đà Nẵng,,6,7.06,Ô Tô 4 Chỗ,Nhiều Mây,0.869835,0.407939,18,1,93.04,Đêm,1
Hải Phòng,,1,6.65,Xe ViP,Nhiều Mây,0.325886,0.807064,6,0,94.71,Cao điểm Sáng,1.96
Cần Thơ,,3,6.94,Xe Máy,Nắng,0.440431,0.596613,9,0,96.04,Cao điểm Sáng,1.4
Hải Phòng,,3,17.22,Xe ViP,Nắng,0.524422,0.44131,13,0,94.74,Cao điểm Tối,1.12
Hải Phòng,,5,12.19,Ô Tô 4 Chỗ,Nắng,0.514589,0.660258,13,1,98.37,Cao điểm Tối,1.29
Đà Nẵng,,0,7.08,Ô Tô 4 Chỗ,Mưa Bão,0.8545,0.626743,8,0,90.58,Cao điểm Tối,1.88
Đà Nẵng,,2,6.76,Xe ViP,Mưa,0.633302,0.482488,7,0,96.11,Đêm,1.2
Hải Phòng,,3,16.45,Xe Máy,Nắng,0.870262,0.977465,10,0,99.21,Chiều,1.16
Hà Nội,,4,7.61,Xe ViP,Nắng,0.412899,0.834554,22,0,95.94,Đêm,1.63
Hà Nội,,0,15.07,Xe ViP,Nắng,0.239411,0.927565,20,0,87.28,Đêm,2.03
Cần Thơ,,1,14.49,Ô Tô 4 Chỗ,Nhiều Mây,0.329595,0.500412,5,0,89.75,Đêm,1.26
Đà Nẵng,,6,15.78,Xe ViP,Mưa,0.945919,0.712353,2,1,96.48,Cao điểm Sáng,1.88
Hà Nội,,6,16.93,Ô Tô 4 Chỗ,Nắng,0.949842,0.943135,5,1,91.22,Cao điểm Sáng,1.24
Cần Thơ,,3,13.5,Ô Tô 4 Chỗ,Nhiều Mây,0.587793,0.640477,0,0,85.16,Đêm,1.08
Cần Thơ,,5,12.82,Xe Máy,Mưa Bão,0.338444,0.415467,4,1,83.48,Chiều,1.45
Đà Nẵng,,0,14.72,Ô Tô 4 Chỗ,Nắng,0.767392,0.861606,0,0,97.73,Chiều,1.14
Hải Phòng,,6,14,Xe ViP,Mưa Bão,0.489578,0.653721,19,1,96.25,Cao điểm Sáng,2.04
Hải Phòng,,5,16.46,Xe Máy,Nhiều Mây,0.554426,0.960235,10,1,85.97,Cao điểm Sáng,1.47
Hà Nội,,0,13.3,Xe Máy,Nắng,0.609165,0.764868,20,0,96.35,Chiều,1.23
Hà Nội,,2,2.5,Xe Máy,Nắng,0.235358,0.780499,7,0,93.2,Đêm,1.82
Đà Nẵng,,0,17.38,Ô Tô 4 Chỗ,Mưa Bão,0.803536,0.730425,11,0,86.39,Cao điểm Tối,1.95
Hải Phòng,,2,2.4,Xe ViP,Nắng,0.551526,0.694308,14,0,90.47,Chiều,1.21
Hải Phòng,,3,11.17,Xe ViP,Mưa,0.61665,0.973223,14,0,89.44,Cao điểm Tối,2.21
Hà Nội,,1,10.96,Xe Máy,Nhiều Mây,0.808168,0.852481,22,0,87.09,Cao điểm Sáng,1.31
Hải Phòng,,2,8.45,Ô Tô 4 Chỗ,Nắng,0.807276,0.562693,13,0,85.53,Đêm,1
Đà Nẵng,,2,14.87,Ô Tô 4 Chỗ,Mưa Bão,0.971313,0.427847,18,0,97.77,Đêm,1.24
Đà Nẵng,,5,12.35,Ô Tô 4 Chỗ,Mưa,0.658967,0.590779,21,1,96.81,Đêm,1.33
Đà Nẵng,,5,3.84,Xe ViP,Nắng,0.92049,0.464304,20,1,93.35,Đêm,1
Cần Thơ,,2,10.97,Xe Máy,Mưa,0.465336,0.636462,17,0,88.09,Chiều,1.61
Đà Nẵng,,2,4.98,Xe ViP,Mưa,0.911982,0.874004,5,0,96.25,Đêm,1.25
Hà Nội,,6,2.79,Xe ViP,Nhiều Mây,0.601719,0.854568,16,1,93.92,Cao điểm Tối,1.71
Cần Thơ,,5,15.31,Ô Tô 4 Chỗ,Nắng,0.906977,0.529729,8,1,93.2,Cao điểm Tối,1
Cần Thơ,,3,7.53,Xe ViP,Nắng,0.273333,0.513607,11,0,95.44,Đêm,1.36
Cần Thơ,,2,12.72,Xe Máy,Nhiều Mây,0.946375,0.516438,16,0,89.16,Cao điểm Tối,1.27
Hồ Chí Minh,,6,16.68,Ô Tô 4 Chỗ,Nắng,0.358305,0.723604,23,1,85.59,Đêm,1.55
Cần Thơ,,6,1.1,Xe Máy,Mưa,0.802307,0.631446,0,1,88.74,Đêm,1.15
Cần Thơ,,4,4.26,Ô Tô 4 Chỗ,Nắng,0.275754,0.702468,17,0,93.97,Cao điểm Tối,2.01
Hồ Chí Minh,,5,9.52,Ô Tô 4 Chỗ,Nắng,0.282177,0.42905,0,1,93.82,Cao điểm Sáng,1.61
Đà Nẵng,,1,8.62,Xe Máy,Nắng,0.559314,0.861964,18,0,95.16,Cao điểm Sáng,1.62
Cần Thơ,,5,16.85,Xe ViP,Mưa Bão,0.224649,0.817885,1,1,87.2,Cao điểm Sáng,2.82
Hà Nội,,6,12.09,Ô Tô 4 Chỗ,Nhiều Mây,0.747686,0.652627,18,1,89.14,Chiều,1
Hồ Chí Minh,,5,14.59,Xe ViP,Nắng,0.616105,0.513488,23,1,84.53,Đêm,1
Hồ Chí Minh,,6,11.38,Xe ViP,Mưa,0.989787,0.972608,10,1,91,Chiều,1.27
Hà Nội,,1,1.5,Xe Máy,Nhiều Mây,0.966076,0.582974,17,0,98.3,Cao điểm Sáng,1.35
Đà Nẵng,,2,17.76,Xe Máy,Nắng,0.593173,0.433333,17,0,88.41,Cao điểm Tối,1.39
Cần Thơ,,5,2.99,Ô Tô 4 Chỗ,Mưa Bão,0.792357,0.875828,14,1,88.93,Đêm,1.52
Đà Nẵng,,4,17.23,Xe ViP,Nắng,0.81936,0.737251,20,0,85.61,Đêm,1
Cần Thơ,,2,16.57,Ô Tô 4 Chỗ,Nắng,0.638348,0.569668,7,0,91.74,Chiều,1
Đà Nẵng,,6,13.2,Xe Máy,Nắng,0.690667,0.503805,15,1,96.31,Chiều,1
Hồ Chí Minh,,0,17.61,Ô Tô 4 Chỗ,Nhiều Mây,0.726195,0.470126,4,0,93.41,Đêm,1
Hà Nội,,0,6.37,Xe Máy,Nhiều Mây,0.418877,0.838828,18,0,91.46,Cao điểm Sáng,1.96
Đà Nẵng,,1,18.11,Xe Máy,Nắng,0.249171,0.449059,10,0,95.76,Chiều,1.3
Hồ Chí Minh,,0,7.95,Xe ViP,Nhiều Mây,0.771515,0.626958,4,0,96.66,Đêm,1
Hà Nội,,6,18.89,Xe Máy,Nhiều Mây,0.42651,0.417584,12,1,86.02,Đêm,1
Hà Nội,,6,4.6,Xe ViP,Nắng,0.635204,0.677562,3,1,93.6,Cao điểm Sáng,1.35
Cần Thơ,,3,15.76,Ô Tô 4 Chỗ,Nhiều Mây,0.297482,0.939607,17,0,96.9,Chiều,1.96
Hải Phòng,,4,16.13,Xe Máy,Nắng,0.49539,0.457892,13,0,92.21,Đêm,1
Đà Nẵng,,3,17.64,Xe ViP,Nắng,0.957794,0.954657,0,0,92.21,Chiều,1
Cần Thơ,,3,2.37,Ô Tô 4 Chỗ,Mưa,0.624581,0.855044,21,0,97.13,Chiều,1.63
Cần Thơ,,3,7.34,Xe Máy,Mưa Bão,0.972495,0.830974,2,0,87.98,Cao điểm Sáng,2.23
Hồ Chí Minh,,5,11.06,Ô Tô 4 Chỗ,Mưa Bão,0.655618,0.715239,0,1,94.03,Chiều,1.2
Hà Nội,,1,15.77,Ô Tô 4 Chỗ,Nhiều Mây,0.501851,0.902795,20,0,85.34,Đêm,1.6
Cần Thơ,,4,18.16,Xe ViP,Mưa,0.67653,0.795519,1,0,89.98,Cao điểm Sáng,2.45
Đà Nẵng,,5,8.54,Xe ViP,Mưa,0.960129,0.513112,1,1,86.8,Cao điểm Sáng,1.61
Hà Nội,,6,4.15,Xe Máy,Mưa,0.261649,0.515832,0,1,91.52,Đêm,1.78
Hà Nội,,1,6.62,Ô Tô 4 Chỗ,Nhiều Mây,0.859703,0.963603,22,0,91.36,Chiều,1.16
Hà Nội,,1,17.78,Ô Tô 4 Chỗ,Mưa Bão,0.494433,0.40023,15,0,88.47,Đêm,1.23
Hải Phòng,,4,1.25,Ô Tô 4 Chỗ,Nắng,0.910631,0.874312,7,0,98.74,Cao điểm Sáng,1.33
Cần Thơ,,2,3.41,Xe Máy,Mưa,0.381776,0.54821,2,0,87,Cao điểm Sáng,2.31
Hải Phòng,,0,16.14,Xe Máy,Mưa,0.878549,0.681711,16,0,91.48,Chiều,1.31
Cần Thơ,,2,14.26,Xe ViP,Mưa Bão,0.28416,0.605451,23,0,90.75,Đêm,1.62
Cần Thơ,,5,3.22,Ô Tô 4 Chỗ,Nhiều Mây,0.958136,0.674598,8,1,85.25,Chiều,1
Hồ Chí Minh,,1,6.12,Xe Máy,Mưa,0.252739,0.942613,18,0,93.92,Cao điểm Tối,3.44
Hồ Chí Minh,,4,12.74,Xe ViP,Nắng,0.253086,0.770215,19,0,97.08,Cao điểm Tối,2.18
Cần Thơ,,5,12.65,Xe Máy,Mưa,0.938711,0.999951,11,1,89.43,Chiều,1.39
Hà Nội,,1,17.42,Ô Tô 4 Chỗ,Nắng,0.38438,0.921183,16,0,95.7,Cao điểm Tối,2.14
Hải Phòng,,5,18.19,Ô Tô 4 Chỗ,Mưa Bão,0.720175,0.83444,11,1,94.41,Chiều,1.52
Cần Thơ,,1,16.78,Xe Máy,Mưa Bão,0.56116,0.810931,17,0,91.83,Chiều,1.49
Hồ Chí Minh,,6,13.67,Ô Tô 4 Chỗ,Nhiều Mây,0.960231,0.686357,21,1,84.7,Đêm,1
Đà Nẵng,,5,8.64,Xe Máy,Nắng,0.822387,0.966119,17,1,95.27,Đêm,1.2
Hà Nội,,4,1.26,Ô Tô 4 Chỗ,Mưa Bão,0.943611,0.693864,22,0,93.9,Cao điểm Tối,1.51
Cần Thơ,,1,5.61,Xe Máy,Mưa Bão,0.556582,0.803536,10,0,88.56,Chiều,1.51
Hải Phòng,,5,4.77,Ô Tô 4 Chỗ,Mưa Bão,0.585177,0.941094,9,1,93.11,Cao điểm Sáng,2.05
Hải Phòng,,6,13.53,Xe ViP,Mưa,0.47448,0.618631,9,1,90.12,Cao điểm Sáng,2.14
Đà Nẵng,,0,14.3,Xe Máy,Mưa Bão,0.683572,0.801848,20,0,91.33,Cao điểm Sáng,1.97
Đà Nẵng,,2,3.63,Xe Máy,Mưa Bão,0.321511,0.83231,10,0,91.53,Cao điểm Sáng,2.88
Hải Phòng,,3,10.42,Xe Máy,Mưa Bão,0.936219,0.450029,21,0,88.91,Cao điểm Sáng,1.82
Cần Thơ,,1,0.52,Xe Máy,Nhiều Mây,0.86763,0.96691,5,0,88.14,Chiều,1.15
Hồ Chí Minh,,2,16.99,Xe ViP,Nhiều Mây,0.47934,0.816924,7,0,89.78,Đêm,1.51
Hồ Chí Minh,,0,15.14,Ô Tô 4 Chỗ,Nắng,0.90619,0.848629,2,0,91.13,Chiều,1
Cần Thơ,,1,14.03,Ô Tô 4 Chỗ,Mưa,0.515363,0.681392,0,0,94.7,Cao điểm Tối,2.66
Hồ Chí Minh,,2,16.09,Xe ViP,Mưa Bão,0.867793,0.882309,10,0,90.61,Chiều,1.38
Hà Nội,,0,19.2,Xe ViP,Mưa,0.459105,0.749277,15,0,93.63,Cao điểm Tối,2.66
Hồ Chí Minh,,6,3.47,Ô Tô 4 Chỗ,Nhiều Mây,0.395888,0.87352,4,1,93.88,Cao điểm Sáng,2.04
Hồ Chí Minh,,2,11.95,Xe Máy,Nhiều Mây,0.763436,0.844695,16,0,94.78,Chiều,1.12
Hồ Chí Minh,,4,12.97,Xe ViP,Nắng,0.783351,0.725339,19,0,92.38,Đêm,1
Cần Thơ,,0,11.46,Xe ViP,Mưa,0.880533,0.943625,13,0,90.06,Đêm,1.32
Hà Nội,,5,1.44,Ô Tô 4 Chỗ,Mưa,0.522924,0.701437,23,1,90.54,Cao điểm Tối,2.31
Cần Thơ,,0,8.06,Xe ViP,Mưa Bão,0.928336,0.531852,20,0,93.09,Chiều,1.32
Hà Nội,,1,5.9,Xe Máy,Nắng,0.695019,0.404256,0,0,86.2,Cao điểm Tối,1.38
Hồ Chí Minh,,3,18.52,Ô Tô 4 Chỗ,Nhiều Mây,0.506871,0.796675,0,0,89.74,Đêm,1.43
Cần Thơ,,0,15.51,Xe Máy,Mưa,0.433076,0.801165,7,0,87.17,Cao điểm Sáng,2.66
Hà Nội,,4,1.87,Xe ViP,Mưa Bão,0.370192,0.42799,11,0,87.37,Chiều,1.35
Hà Nội,,1,12.94,Xe Máy,Nắng,0.868988,0.500622,20,0,92.19,Chiều,1
Cần Thơ,,0,11.75,Ô Tô 4 Chỗ,Nhiều Mây,0.803461,0.890375,22,0,95.79,Cao điểm Sáng,1.38
Hà Nội,,6,3,Xe ViP,Nhiều Mây,0.999709,0.841492,14,1,96.32,Chiều,1
Hà Nội,,2,4.21,Ô Tô 4 Chỗ,Nắng,0.871177,0.856929,19,0,98.57,Chiều,1
Cần Thơ,,3,2.78,Xe ViP,Nắng,0.954668,0.760961,12,0,87.74,Cao điểm Sáng,1.11
Hải Phòng,,0,7.28,Xe ViP,Nắng,0.590765,0.719661,21,0,89.33,Cao điểm Tối,1.42
Cần Thơ,,0,14.68,Ô Tô 4 Chỗ,Mưa Bão,0.25921,0.832984,23,0,94.64,Cao điểm Sáng,2.59
Cần Thơ,,0,3.34,Xe ViP,Mưa,0.889551,0.448018,2,0,94.88,Đêm,1.4
Hà Nội,,1,12.29,Ô Tô 4 Chỗ,Nhiều Mây,0.536897,0.587792,4,0,92.34,Cao điểm Tối,1.26
Hải Phòng,,3,7.5,Xe ViP,Nhiều Mây,0.979696,0.679599,11,0,87.18,Đêm,1
Cần Thơ,,4,8.01,Xe ViP,Mưa,0.506945,0.918447,11,0,96.84,Chiều,1.9
Hải Phòng,,6,19.75,Xe Máy,Nhiều Mây,0.504378,0.788975,19,1,91.35,Cao điểm Tối,1.38
Cần Thơ,,5,11.53,Ô Tô 4 Chỗ,Mưa Bão,0.606273,0.694085,16,1,92.46,Chiều,1.29
Hải Phòng,,1,5.01,Xe Máy,Mưa Bão,0.517922,0.512,1,0,96.62,Chiều,1.29
Hà Nội,,0,4.55,Xe ViP,Mưa Bão,0.864706,0.636253,13,0,97.6,Chiều,1.17
Hải Phòng,,6,5.88,Xe Máy,Nắng,0.624051,0.805301,20,1,87.75,Chiều,1.25
Hồ Chí Minh,,5,19.87,Ô Tô 4 Chỗ,Mưa Bão,0.611515,0.820663,5,1,86.93,Chiều,1.46
Hải Phòng,,1,5.08,Xe ViP,Nắng,0.872099,0.909729,3,0,94.71,Đêm,1.06
Hải Phòng,,3,11.27,Xe ViP,Nhiều Mây,0.506872,0.529255,11,0,92.64,Cao điểm Sáng,1.39
Hà Nội,,1,3.17,Ô Tô 4 Chỗ,Nắng,0.904351,0.992947,15,0,95.32,Đêm,1.13
Hà Nội,,4,14.88,Xe ViP,Nắng,0.806795,0.521293,17,0,89.4,Chiều,1
Hải Phòng,,6,12.95,Ô Tô 4 Chỗ,Nhiều Mây,0.685083,0.710607,14,1,94.9,Cao điểm Sáng,1.15
Hà Nội,,0,12.26,Ô Tô 4 Chỗ,Nắng,0.941125,0.877736,22,0,95.64,Cao điểm Sáng,1.35
Hải Phòng,,4,19.02,Xe Máy,Mưa,0.333876,0.761993,20,0,91.01,Cao điểm Sáng,2.58
Đà Nẵng,,0,4.23,Xe ViP,Nhiều Mây,0.400318,0.758184,22,0,89.02,Chiều,1.54
Hà Nội,,1,10.79,Ô Tô 4 Chỗ,Mưa Bão,0.423433,0.944877,6,0,91.08,Đêm,2
Đà Nẵng,,0,14.33,Ô Tô 4 Chỗ,Mưa,0.723616,0.753222,6,0,84.76,Chiều,1.21
Hồ Chí Minh,,0,1.14,Xe Máy,Mưa,0.417736,0.779242,1,0,90.9,Cao điểm Tối,2.63
Cần Thơ,,0,10.98,Xe Máy,Nhiều Mây,0.406689,0.649065,11,0,94.86,Cao điểm Sáng,1.57
Hà Nội,,0,14.22,Xe ViP,Mưa,0.845872,0.994109,23,0,96.63,Cao điểm Tối,2.61
Đà Nẵng,,1,9.2,Xe Máy,Nhiều Mây,0.60299,0.916435,10,0,95.8,Chiều,1.47
Đà Nẵng,,3,13.9,Ô Tô 4 Chỗ,Nhiều Mây,0.963694,0.722638,15,0,90.01,Chiều,1
Hồ Chí Minh,,0,8.59,Ô Tô 4 Chỗ,Nhiều Mây,0.677509,0.818585,15,0,96.55,Cao điểm Tối,1.59
Hải Phòng,,5,17.62,Xe Máy,Nắng,0.554488,0.678962,15,1,85.56,Cao điểm Sáng,1.08
Hà Nội,,6,2.93,Ô Tô 4 Chỗ,Nhiều Mây,0.880515,0.90725,3,1,94.28,Cao điểm Tối,1.24
Đà Nẵng,,1,15.27,Xe ViP,Mưa Bão,0.51987,0.506568,4,0,88.16,Đêm,1.15
Cần Thơ,,0,1.53,Xe Máy,Mưa,0.83513,0.428532,7,0,97.42,Cao điểm Tối,2.31
Cần Thơ,,2,2.1,Xe ViP,Mưa Bão,0.854401,0.793364,19,0,87.39,Đêm,1.34
Hà Nội,,2,19.25,Ô Tô 4 Chỗ,Nhiều Mây,0.25345,0.899315,22,0,93.37,Cao điểm Sáng,2.33
Hải Phòng,,0,13.38,Ô Tô 4 Chỗ,Nắng,0.950068,0.462414,22,0,88.86,Đêm,1
Hà Nội,,5,7.97,Xe ViP,Nắng,0.20596,0.833208,19,1,96.72,Cao điểm Tối,2.28
Hồ Chí Minh,,4,17.9,Xe Máy,Nhiều Mây,0.618725,0.939662,9,0,95.33,Đêm,1.48
Hà Nội,,4,0.63,Ô Tô 4 Chỗ,Mưa,0.254969,0.549874,23,0,93.2,Cao điểm Sáng,2.77
Hải Phòng,,6,3.17,Xe Máy,Mưa Bão,0.549662,0.523002,8,1,94.39,Đêm,1.12
Đà Nẵng,,3,12.69,Ô Tô 4 Chỗ,Mưa Bão,0.366744,0.472794,19,0,98.83,Cao điểm Tối,2.32
Hồ Chí Minh,,6,15.77,Xe Máy,Mưa Bão,0.319155,0.96846,12,1,94.51,Đêm,2.25
Hồ Chí Minh,,1,4.94,Xe Máy,Nhiều Mây,0.751249,0.639004,10,0,86.54,Cao điểm Sáng,1.1
Cần Thơ,,4,14.48,Xe Máy,Mưa Bão,0.573915,0.838584,9,0,92.69,Cao điểm Tối,2.32
Đà Nẵng,,2,9.61,Ô Tô 4 Chỗ,Nhiều Mây,0.691467,0.856016,11,0,89.51,Cao điểm Sáng,1.52
Cần Thơ,,3,8.31,Xe Máy,Mưa Bão,0.915858,0.444855,19,0,87.88,Cao điểm Sáng,2.2
Hải Phòng,,6,3.07,Ô Tô 4 Chỗ,Nắng,0.541206,0.911664,9,1,92.02,Chiều,1.35
Hồ Chí Minh,,4,6.14,Ô Tô 4 Chỗ,Nhiều Mây,0.875295,0.843259,19,0,84.91,Cao điểm Tối,1.33
Hồ Chí Minh,,3,15.52,Ô Tô 4 Chỗ,Mưa,0.541907,0.845637,19,0,94.74,Đêm,1.81
Đà Nẵng,,0,16.07,Xe ViP,Nhiều Mây,0.249918,0.856063,8,0,86.17,Cao điểm Tối,2.11
Hồ Chí Minh,,3,4.97,Xe ViP,Nhiều Mây,0.792718,0.405082,13,0,96.46,Chiều,1
Hồ Chí Minh,,1,19.88,Xe Máy,Mưa,0.463124,0.957169,2,0,92.02,Cao điểm Sáng,2.83
Hồ Chí Minh,,4,9.64,Xe ViP,Nhiều Mây,0.649419,0.799745,22,0,97.31,Chiều,1.23
Hồ Chí Minh,,5,11.33,Ô Tô 4 Chỗ,Nhiều Mây,0.87882,0.952699,17,1,87.98,Chiều,1.11
Hà Nội,,4,19.25,Xe Máy,Nhiều Mây,0.974028,0.609065,1,0,94.76,Cao điểm Tối,1.2
Cần Thơ,,1,7.11,Ô Tô 4 Chỗ,Nắng,0.795157,0.676297,3,0,94.51,Đêm,1
Hà Nội,,5,4.87,Xe ViP,Mưa Bão,0.717775,0.579826,7,1,90.14,Chiều,1.28
Hà Nội,,1,5.93,Xe Máy,Mưa Bão,0.8462,0.571443,19,0,91.84,Chiều,1.34
Hải Phòng,,2,14.73,Xe ViP,Mưa,0.681768,0.437739,14,0,93.29,Cao điểm Sáng,2.19
Hà Nội,,6,9.11,Xe Máy,Mưa,0.877098,0.739268,3,1,94.5,Đêm,1.29
Hải Phòng,,5,10.55,Ô Tô 4 Chỗ,Nắng,0.879656,0.518466,22,1,92.3,Cao điểm Sáng,1.01
Hà Nội,,6,1.02,Xe Máy,Mưa,0.567861,0.712154,3,1,98.39,Cao điểm Sáng,2.56
Hải Phòng,,1,5.51,Xe Máy,Mưa Bão,0.77144,0.7597,20,0,91,Cao điểm Sáng,1.88
Hải Phòng,,0,14.59,Xe ViP,Mưa Bão,0.698311,0.477779,18,0,84.89,Cao điểm Sáng,2.06
Cần Thơ,,5,9.71,Xe ViP,Nắng,0.36891,0.993908,19,1,95.58,Cao điểm Sáng,2
Hà Nội,,2,14.74,Xe ViP,Nhiều Mây,0.890331,0.402392,19,0,97,Đêm,1
Hải Phòng,,6,12.3,Xe Máy,Nhiều Mây,0.378846,0.877159,2,1,94.09,Đêm,1.49
Cần Thơ,,1,1.93,Ô Tô 4 Chỗ,Nắng,0.836446,0.838285,15,0,91.1,Cao điểm Tối,1.11
Hà Nội,,3,7.86,Xe ViP,Mưa Bão,0.318038,0.899344,17,0,89.57,Cao điểm Sáng,3.18
Cần Thơ,,5,12.91,Ô Tô 4 Chỗ,Mưa Bão,0.986532,0.760053,18,1,85.8,Đêm,1.22
Hà Nội,,0,3.53,Ô Tô 4 Chỗ,Mưa,0.807085,0.826226,9,0,93.29,Chiều,1.22
Hà Nội,,4,17.36,Ô Tô 4 Chỗ,Mưa,0.603096,0.957073,5,0,96.1,Chiều,1.8
Hồ Chí Minh,,3,2.34,Ô Tô 4 Chỗ,Nhiều Mây,0.439933,0.68859,10,0,88.28,Đêm,1.37
Đà Nẵng,,0,2.22,Xe ViP,Nhiều Mây,0.679708,0.446999,7,0,84.43,Cao điểm Tối,1.26
Hồ Chí Minh,,1,13.37,Xe ViP,Mưa Bão,0.645817,0.425489,17,0,97.25,Chiều,1.25
Cần Thơ,,6,2.31,Xe ViP,Nắng,0.321727,0.677583,3,1,95.11,Cao điểm Tối,1.67
Hải Phòng,,0,12.75,Ô Tô 4 Chỗ,Mưa,0.953548,0.706085,17,0,88.58,Cao điểm Tối,2.38
Hải Phòng,,4,5.69,Xe ViP,Mưa,0.93718,0.931212,8,0,98.06,Chiều,1.17
Hồ Chí Minh,,2,2.63,Ô Tô 4 Chỗ,Mưa Bão,0.980431,0.402979,18,0,89.45,Cao điểm Tối,2.29
Hồ Chí Minh,,5,1.44,Xe ViP,Mưa,0.886053,0.452707,23,1,91.09,Cao điểm Sáng,2.26
Hồ Chí Minh,,2,8.41,Xe ViP,Mưa,0.240378,0.977171,5,0,89.39,Chiều,2.28
Đà Nẵng,,1,9.49,Ô Tô 4 Chỗ,Mưa Bão,0.444425,0.695077,16,0,87.17,Chiều,1.75
Đà Nẵng,,1,2.76,Xe ViP,Nắng,0.627821,0.542623,6,0,86.35,Cao điểm Sáng,1.22
Đà Nẵng,,0,6.43,Xe Máy,Nhiều Mây,0.444026,0.820622,20,0,88.33,Cao điểm Sáng,1.73
Cần Thơ,,1,15.28,Ô Tô 4 Chỗ,Mưa Bão,0.6621,0.603973,23,0,88.86,Chiều,1.14
Hải Phòng,,1,4,Xe ViP,Mưa,0.67521,0.532639,1,0,96.57,Đêm,1.13
Hải Phòng,,6,7.23,Xe ViP,Nhiều Mây,0.815172,0.980522,16,1,85.55,Cao điểm Sáng,1.41
Đà Nẵng,,6,4.17,Ô Tô 4 Chỗ,Mưa Bão,0.663177,0.925147,10,1,92.31,Cao điểm Tối,1.96
Hà Nội,,1,8.1,Ô Tô 4 Chỗ,Mưa,0.294691,0.456716,20,0,88.79,Đêm,1.38
Hải Phòng,,3,6.7,Xe Máy,Nắng,0.356526,0.547881,20,0,98.02,Cao điểm Tối,1.69
Hồ Chí Minh,,6,15.29,Xe ViP,Nhiều Mây,0.327828,0.783415,7,1,91.41,Chiều,1.68
Hà Nội,,3,13.7,Ô Tô 4 Chỗ,Nắng,0.850197,0.589045,21,0,86.83,Đêm,1
Hải Phòng,,3,19.07,Xe ViP,Mưa Bão,0.591039,0.986526,2,0,88.33,Chiều,1.79
Đà Nẵng,,3,14.49,Ô Tô 4 Chỗ,Nhiều Mây,0.214172,0.62972,5,0,94.16,Cao điểm Sáng,1.99
Hà Nội,,6,13.66,Ô Tô 4 Chỗ,Mưa Bão,0.228617,0.616325,1,1,85.88,Cao điểm Tối,2.27
Hồ Chí Minh,,1,16.77,Xe ViP,Nhiều Mây,0.553021,0.982735,21,0,94.98,Chiều,1.64
Hà Nội,,0,13.19,Xe Máy,Mưa Bão,0.479908,0.905514,9,0,86.46,Cao điểm Sáng,2.24
Hồ Chí Minh,,0,6.99,Ô Tô 4 Chỗ,Nắng,0.635237,0.722054,0,0,83.98,Chiều,1.13
Hà Nội,,4,9.51,Ô Tô 4 Chỗ,Nhiều Mây,0.941053,0.697483,6,0,98.55,Đêm,1
Hồ Chí Minh,,3,12.71,Xe ViP,Nhiều Mây,0.234621,0.567611,22,0,97.44,Cao điểm Tối,1.63
Cần Thơ,,3,11.09,Xe Máy,Mưa,0.564119,0.779543,17,0,88.47,Cao điểm Tối,2.75
Hải Phòng,,5,4.6,Ô Tô 4 Chỗ,Mưa Bão,0.78941,0.922637,14,1,86.94,Cao điểm Tối,2.34
Hải Phòng,,3,6.83,Ô Tô 4 Chỗ,Mưa,0.550374,0.612869,4,0,96.26,Cao điểm Tối,1.64
Hải Phòng,,0,16.28,Ô Tô 4 Chỗ,Nhiều Mây,0.83438,0.602364,16,0,93.85,Cao điểm Tối,1.12
Hà Nội,,1,9.87,Xe Máy,Mưa Bão,0.702389,0.576467,22,0,97.26,Đêm,1.25
Đà Nẵng,,6,17.11,Ô Tô 4 Chỗ,Nhiều Mây,0.67257,0.891269,15,1,95.28,Cao điểm Sáng,1.31
Cần Thơ,,2,15.68,Ô Tô 4 Chỗ,Mưa,0.247342,0.593222,23,0,97.02,Chiều,1.83
Hà Nội,,0,0.74,Xe Máy,Mưa Bão,0.659472,0.652239,21,0,89.4,Cao điểm Sáng,2.01
Hà Nội,,5,12.24,Xe ViP,Mưa Bão,0.495103,0.958596,23,1,85.99,Đêm,1.87
Hà Nội,,1,8.17,Xe Máy,Nhiều Mây,0.967062,0.976588,3,0,93.01,Cao điểm Sáng,1.18
Đà Nẵng,,4,18.7,Xe Máy,Mưa,0.432516,0.696219,5,0,93.49,Cao điểm Sáng,2.51
Hà Nội,,3,1.18,Xe ViP,Mưa Bão,0.972986,0.923919,1,0,93,Đêm,1.21
Cần Thơ,,3,3.01,Xe ViP,Mưa Bão,0.610497,0.798327,3,0,89.26,Đêm,1.6
Hồ Chí Minh,,0,12.51,Xe Máy,Nắng,0.67756,0.665539,10,0,92.49,Cao điểm Tối,1.28
Cần Thơ,,6,19.16,Ô Tô 4 Chỗ,Mưa Bão,0.378706,0.870958,19,1,99.49,Cao điểm Sáng,3.19
Hải Phòng,,5,12.89,Ô Tô 4 Chỗ,Mưa,0.840081,0.416956,23,1,96.52,Cao điểm Tối,1.61
Hồ Chí Minh,,1,10.86,Xe ViP,Nhiều Mây,0.709807,0.643422,0,0,91.01,Đêm,1
Cần Thơ,,2,5.67,Xe ViP,Mưa Bão,0.991613,0.798331,2,0,95.19,Cao điểm Tối,1.53
Cần Thơ,,4,9.24,Xe ViP,Mưa Bão,0.92142,0.555295,8,0,86.37,Cao điểm Sáng,2.23
Đà Nẵng,,3,18.02,Xe ViP,Nhiều Mây,0.624305,0.538745,15,0,99.03,Chiều,1
Hồ Chí Minh,,6,3.04,Ô Tô 4 Chỗ,Nắng,0.956617,0.728166,16,1,85.55,Đêm,1
Hà Nội,,1,14.75,Ô Tô 4 Chỗ,Nhiều Mây,0.520874,0.954579,8,0,92.78,Đêm,1.65
Hồ Chí Minh,,2,10.54,Xe Máy,Nắng,0.559456,0.764894,0,0,92.19,Đêm,1.31
Hải Phòng,,4,17.9,Ô Tô 4 Chỗ,Nắng,0.28521,0.84965,17,0,86.72,Cao điểm Tối,2.15
Hải Phòng,,2,12.28,Xe Máy,Nhiều Mây,0.57768,0.409384,0,0,96.02,Cao điểm Sáng,1.13
Hồ Chí Minh,,1,0.67,Xe ViP,Nắng,0.922384,0.459365,7,0,90.21,Chiều,1
Hải Phòng,,6,15.72,Xe Máy,Mưa,0.516982,0.913092,8,1,83.27,Đêm,1.85
Cần Thơ,,0,9.49,Ô Tô 4 Chỗ,Nắng,0.356397,0.893337,9,0,96.08,Cao điểm Tối,2.17
Cần Thơ,,1,0.77,Ô Tô 4 Chỗ,Mưa Bão,0.752636,0.664028,22,0,92.33,Cao điểm Tối,2.42
Hải Phòng,,6,19.02,Xe Máy,Nắng,0.207067,0.87818,8,1,91.69,Cao điểm Tối,2.11
Đà Nẵng,,1,5.62,Ô Tô 4 Chỗ,Mưa,0.294815,0.914249,13,0,89.55,Đêm,2.28
Hà Nội,,4,5.79,Xe Máy,Nắng,0.473697,0.754385,18,0,95.3,Đêm,1.42
Hồ Chí Minh,,4,14.36,Xe ViP,Mưa Bão,0.441542,0.544818,22,0,86.63,Đêm,1.41
Hồ Chí Minh,,5,8.54,Xe ViP,Nhiều Mây,0.581234,0.56992,5,1,87.49,Cao điểm Sáng,1.11
Đà Nẵng,,0,0.81,Ô Tô 4 Chỗ,Mưa,0.776706,0.432449,18,0,88.68,Chiều,1.19
Hải Phòng,,4,15.34,Ô Tô 4 Chỗ,Nhiều Mây,0.483127,0.637034,6,0,87.14,Đêm,1.23
Hồ Chí Minh,,5,8.77,Ô Tô 4 Chỗ,Nhiều Mây,0.503302,0.839148,15,1,99.17,Đêm,1.5
Hải Phòng,,5,13.45,Ô Tô 4 Chỗ,Nhiều Mây,0.671935,0.873996,9,1,86.21,Cao điểm Sáng,1.3
Cần Thơ,,5,5.73,Xe ViP,Mưa,0.523447,0.586805,0,1,96.47,Chiều,1.23
Cần Thơ,,1,11.2,Xe Máy,Mưa Bão,0.696773,0.980459,16,0,89.27,Cao điểm Sáng,2.07
Hà Nội,,5,15.1,Xe ViP,Nhiều Mây,0.507979,0.971108,17,1,97.48,Cao điểm Tối,1.81
Hồ Chí Minh,,2,10.7,Xe Máy,Nhiều Mây,0.847084,0.772038,11,0,93.79,Chiều,1
Hồ Chí Minh,,5,10.02,Xe ViP,Nắng,0.67538,0.604911,14,1,89.11,Đêm,1
Hồ Chí Minh,,4,10.77,Xe ViP,Mưa,0.435837,0.615973,22,0,86.41,Cao điểm Sáng,2.6
Hà Nội,,0,7.21,Xe Máy,Mưa,0.945691,0.442542,0,0,92.31,Chiều,1.19
Hồ Chí Minh,,6,8.39,Ô Tô 4 Chỗ,Mưa,0.917907,0.804186,10,1,98.19,Cao điểm Sáng,1.53
Đà Nẵng,,4,13.76,Xe Máy,Mưa,0.891366,0.469254,19,0,97,Cao điểm Tối,1.57
Hà Nội,,0,18.54,Ô Tô 4 Chỗ,Mưa,0.962444,0.732664,8,0,96.82,Cao điểm Sáng,2.42
Cần Thơ,,4,15.38,Xe ViP,Nắng,0.956178,0.97974,14,0,93.21,Cao điểm Sáng,1.26
Hồ Chí Minh,,4,3.02,Xe ViP,Nắng,0.910841,0.909111,22,0,94.07,Chiều,1
Hồ Chí Minh,,0,1.16,Xe Máy,Mưa Bão,0.89545,0.430377,18,0,88.3,Cao điểm Tối,1.57
Đà Nẵng,,0,4.09,Ô Tô 4 Chỗ,Mưa Bão,0.440947,0.942009,4,0,88.24,Chiều,2.03
Hồ Chí Minh,,2,12.98,Ô Tô 4 Chỗ,Nắng,0.477747,0.777483,16,0,84.77,Chiều,1.45
Đà Nẵng,,2,6.41,Xe ViP,Mưa Bão,0.555476,0.92768,19,0,89.54,Chiều,1.71
Cần Thơ,,5,9.32,Xe Máy,Mưa,0.500432,0.43901,13,1,90.05,Chiều,1.39
Hồ Chí Minh,,5,9.3,Xe Máy,Mưa,0.393307,0.63091,2,1,90.31,Đêm,1.71
Đà Nẵng,,2,19.66,Ô Tô 4 Chỗ,Mưa Bão,0.557232,0.519441,20,0,90.11,Cao điểm Tối,1.53
Hải Phòng,,5,17.6,Xe Máy,Nắng,0.72541,0.887214,20,1,91.9,Cao điểm Sáng,1.56
Hà Nội,,6,3.51,Xe ViP,Nhiều Mây,0.224627,0.535203,0,1,86.98,Cao điểm Tối,1.65
Đà Nẵng,,1,19.39,Ô Tô 4 Chỗ,Nắng,0.97089,0.871938,13,0,95.92,Đêm,1
Hà Nội,,2,18.88,Xe ViP,Mưa Bão,0.514619,0.509514,19,0,86.78,Chiều,1.17
Đà Nẵng,,0,9.08,Xe Máy,Nhiều Mây,0.805145,0.849012,13,0,96.55,Cao điểm Tối,1.23
Hải Phòng,,1,16.59,Xe ViP,Mưa,0.391929,0.413797,10,0,90.26,Đêm,1.26
Hải Phòng,,6,13.26,Xe ViP,Mưa Bão,0.443607,0.484173,2,1,89.75,Cao điểm Tối,2.22
Cần Thơ,,3,17.47,Xe ViP,Nhiều Mây,0.908629,0.686099,22,0,90.05,Cao điểm Sáng,1.21
Đà Nẵng,,6,9.42,Xe Máy,Mưa Bão,0.831796,0.480155,20,1,89.38,Đêm,1.37
Hải Phòng,,6,9.17,Xe Máy,Nhiều Mây,0.61983,0.745448,3,1,93.79,Cao điểm Tối,1.36
Hà Nội,,4,4.42,Xe Máy,Mưa,0.311809,0.852894,21,0,97.36,Cao điểm Sáng,2.88
Hải Phòng,,1,3.65,Xe Máy,Mưa,0.311142,0.923299,16,0,85.91,Cao điểm Sáng,3.33
Hải Phòng,,4,12.14,Xe ViP,Mưa,0.429172,0.547008,18,0,93.48,Cao điểm Sáng,2.6
Hải Phòng,,4,7.2,Xe ViP,Nhiều Mây,0.273458,0.44913,14,0,88.81,Đêm,1.26
Hồ Chí Minh,,1,14.38,Ô Tô 4 Chỗ,Mưa,0.982872,0.424319,11,0,90.69,Cao điểm Tối,1.58
Hà Nội,,2,5.51,Ô Tô 4 Chỗ,Mưa Bão,0.663769,0.833093,3,0,87.53,Đêm,1.41
Cần Thơ,,6,6.12,Ô Tô 4 Chỗ,Nắng,0.266599,0.516883,6,1,91.32,Đêm,1.1
Hà Nội,,5,19.16,Xe Máy,Nhiều Mây,0.735523,0.406785,0,1,85.53,Đêm,1
Hồ Chí Minh,,1,11.71,Xe ViP,Mưa Bão,0.250025,0.649936,18,0,87.43,Cao điểm Sáng,2.62
Hải Phòng,,5,8.67,Xe Máy,Mưa Bão,0.709445,0.531728,10,1,85.74,Cao điểm Tối,1.91
Cần Thơ,,0,16,Xe ViP,Nắng,0.359948,0.861441,14,0,90.55,Đêm,1.75
Đà Nẵng,,3,4.42,Xe ViP,Mưa Bão,0.30182,0.739531,14,0,97.49,Đêm,1.93
Cần Thơ,,1,12.37,Ô Tô 4 Chỗ,Mưa Bão,0.243847,0.448488,22,0,89.9,Cao điểm Tối,2.7
Đà Nẵng,,3,19.77,Xe ViP,Nắng,0.833249,0.990708,20,0,91.45,Chiều,1.24
Hồ Chí Minh,,1,14.55,Xe Máy,Nắng,0.687574,0.929519,0,0,88.06,Cao điểm Tối,1.54
Hồ Chí Minh,,0,0.83,Ô Tô 4 Chỗ,Mưa,0.756723,0.502278,13,0,98.8,Cao điểm Tối,2.2
Hồ Chí Minh,,6,19.05,Ô Tô 4 Chỗ,Mưa,0.294072,0.878677,22,1,97.88,Cao điểm Sáng,2.48
Hà Nội,,2,6.03,Ô Tô 4 Chỗ,Mưa,0.452656,0.860473,16,0,95.78,Cao điểm Tối,2.24
Hà Nội,,5,17.57,Xe ViP,Mưa,0.33547,0.68203,22,1,85.59,Chiều,1.82
Cần Thơ,,5,18.47,Ô Tô 4 Chỗ,Nắng,0.381058,0.965148,15,1,95,Đêm,1.63
Đà Nẵng,,2,7.47,Ô Tô 4 Chỗ,Mưa,0.225057,0.680681,5,0,92.62,Cao điểm Sáng,2.21
Cần Thơ,,2,11.84,Xe Máy,Mưa Bão,0.867411,0.560598,18,0,93.54,Cao điểm Tối,2.46
Hà Nội,,3,0.74,Ô Tô 4 Chỗ,Mưa,0.504147,0.681803,8,0,88.61,Đêm,1.64
Đà Nẵng,,3,18.68,Xe ViP,Mưa Bão,0.848467,0.490175,6,0,87.22,Cao điểm Sáng,1.51
Cần Thơ,,5,6.49,Xe Máy,Mưa,0.366909,0.555368,11,1,90.13,Chiều,1.47
Đà Nẵng,,2,14.71,Xe Máy,Mưa Bão,0.961752,0.845428,12,0,95.78,Cao điểm Sáng,2.29
Hải Phòng,,2,18.13,Ô Tô 4 Chỗ,Nắng,0.506108,0.927557,4,0,89.39,Cao điểm Tối,1.86
Đà Nẵng,,5,10.39,Xe ViP,Mưa Bão,0.48005,0.521179,18,1,89.59,Chiều,1.2
Hà Nội,,3,10.81,Ô Tô 4 Chỗ,Mưa Bão,0.280063,0.706884,8,0,91.16,Cao điểm Tối,3.01
Hà Nội,,6,4.43,Ô Tô 4 Chỗ,Nắng,0.816261,0.61182,17,1,86.02,Chiều,1
Hà Nội,,2,3.25,Ô Tô 4 Chỗ,Mưa,0.647708,0.956956,21,0,96.63,Đêm,1.7
Cần Thơ,,6,8.58,Ô Tô 4 Chỗ,Mưa Bão,0.970951,0.841967,13,1,94.5,Cao điểm Tối,1.74
Hồ Chí Minh,,4,11.52,Ô Tô 4 Chỗ,Mưa,0.548935,0.522692,5,0,91.81,Chiều,1.27
Hà Nội,,2,7.41,Ô Tô 4 Chỗ,Mưa Bão,0.724956,0.928032,22,0,92.27,Cao điểm Sáng,2.75
Hải Phòng,,0,0.67,Xe ViP,Nhiều Mây,0.650809,0.68237,23,0,92.68,Cao điểm Tối,1.26
Hà Nội,,1,10.46,Xe ViP,Nhiều Mây,0.274378,0.922377,7,0,93.64,Chiều,1.97
Đà Nẵng,,2,5.61,Xe ViP,Nắng,0.899984,0.637167,20,0,85.69,Cao điểm Tối,1.19
Hồ Chí Minh,,0,6.04,Xe ViP,Mưa,0.762533,0.795226,23,0,98.43,Đêm,1.22
Đà Nẵng,,5,5.22,Xe ViP,Mưa,0.529018,0.525788,10,1,88.2,Cao điểm Tối,2.23
Hải Phòng,,0,11.57,Xe ViP,Nắng,0.546071,0.92071,5,0,92.33,Chiều,1.56
Cần Thơ,,4,19.89,Ô Tô 4 Chỗ,Mưa,0.240862,0.994407,16,0,90.62,Cao điểm Sáng,3.12
Đà Nẵng,,2,19.66,Xe Máy,Mưa Bão,0.565341,0.90564,22,0,98.27,Cao điểm Sáng,2.82
Hải Phòng,,1,9.19,Ô Tô 4 Chỗ,Mưa Bão,0.635615,0.613161,15,0,98.05,Cao điểm Tối,1.76
Hải Phòng,,1,12.41,Xe Máy,Mưa Bão,0.954559,0.613766,13,0,88.86,Cao điểm Tối,2.1
Cần Thơ,,3,7.39,Xe Máy,Nhiều Mây,0.952089,0.935129,11,0,85.81,Cao điểm Tối,1.21
Hà Nội,,2,16.82,Xe ViP,Mưa Bão,0.637847,0.835583,10,0,93.57,Đêm,1.68
Cần Thơ,,6,18.14,Ô Tô 4 Chỗ,Nhiều Mây,0.644525,0.697954,7,1,87.18,Đêm,1.02
Hải Phòng,,3,6.15,Xe Máy,Mưa,0.533084,0.752048,5,0,93.54,Cao điểm Sáng,1.95
Hà Nội,,6,6.07,Xe Máy,Mưa,0.771409,0.86069,17,1,89.46,Cao điểm Tối,1.88
Hải Phòng,,4,11.09,Xe Máy,Mưa Bão,0.203298,0.436574,18,0,95.28,Cao điểm Tối,2.49
Đà Nẵng,,5,12.63,Ô Tô 4 Chỗ,Nhiều Mây,0.704007,0.749696,19,1,96.23,Chiều,1
Hải Phòng,,6,2.14,Xe ViP,Mưa Bão,0.448432,0.811928,16,1,96.39,Cao điểm Sáng,2.91
Hà Nội,,6,12.45,Ô Tô 4 Chỗ,Nắng,0.688686,0.994885,3,1,95.74,Đêm,1.46
Đà Nẵng,,6,12.88,Xe ViP,Nắng,0.284482,0.658693,22,1,94.17,Cao điểm Sáng,1.88
Hà Nội,,4,16.59,Xe ViP,Nắng,0.904868,0.74422,7,0,95.06,Chiều,1
Hồ Chí Minh,,4,2.93,Xe Máy,Nắng,0.571376,0.64428,1,0,97.17,Chiều,1.11
Hà Nội,,0,7.54,Xe ViP,Mưa Bão,0.660013,0.941222,2,0,94.25,Đêm,1.67
Hải Phòng,,0,12.85,Xe ViP,Mưa Bão,0.984405,0.650493,19,0,94.58,Chiều,1.14
Cần Thơ,,2,15.05,Xe Máy,Mưa Bão,0.312842,0.688278,16,0,90.23,Cao điểm Tối,2.69
Hải Phòng,,4,16.37,Xe Máy,Mưa Bão,0.443341,0.408831,3,0,87.43,Đêm,1.35
Hồ Chí Minh,,4,11.22,Xe Máy,Nắng,0.731492,0.997339,2,0,90.17,Cao điểm Sáng,1.71
Hồ Chí Minh,,2,13.57,Ô Tô 4 Chỗ,Nắng,0.27032,0.5342,9,0,85.95,Đêm,1.4
Đà Nẵng,,2,10.19,Xe ViP,Nắng,0.858623,0.892582,3,0,91.12,Đêm,1.05
Đà Nẵng,,4,5.57,Xe Máy,Nhiều Mây,0.778206,0.427626,12,0,93.56,Cao điểm Sáng,1.35
Đà Nẵng,,5,13.51,Xe ViP,Mưa,0.325769,0.451499,4,1,96.69,Đêm,1.47
Đà Nẵng,,5,5.08,Xe ViP,Nắng,0.982085,0.677954,11,1,90.85,Chiều,1
Cần Thơ,,4,5.88,Xe Máy,Mưa Bão,0.999244,0.855875,15,0,95.78,Cao điểm Tối,2.4
Đà Nẵng,,6,14.4,Ô Tô 4 Chỗ,Mưa Bão,0.537149,0.906899,12,1,84.42,Cao điểm Sáng,2.33
Hồ Chí Minh,,6,12.14,Ô Tô 4 Chỗ,Nhiều Mây,0.372046,0.845234,17,1,87.48,Cao điểm Tối,1.85
Hồ Chí Minh,,2,12.25,Xe ViP,Mưa,0.43963,0.966634,4,0,89.94,Cao điểm Sáng,2.85
Hà Nội,,4,0.67,Xe Máy,Nắng,0.580813,0.587466,15,0,98.8,Chiều,1.01
Đà Nẵng,,1,12.62,Ô Tô 4 Chỗ,Nhiều Mây,0.84615,0.528441,6,0,85.9,Cao điểm Sáng,1.28
Đà Nẵng,,5,3.85,Ô Tô 4 Chỗ,Mưa Bão,0.410887,0.906427,19,1,86.34,Đêm,1.89
Hồ Chí Minh,,2,2.75,Xe Máy,Nhiều Mây,0.601302,0.874313,15,0,84.39,Đêm,1.41
Hồ Chí Minh,,3,2.45,Xe ViP,Nắng,0.674092,0.764686,10,0,98.22,Đêm,1.14
Hải Phòng,,0,10.46,Xe Máy,Mưa,0.491214,0.609994,0,0,91.31,Chiều,1.51
Đà Nẵng,,1,10.95,Ô Tô 4 Chỗ,Mưa Bão,0.24733,0.948137,16,0,93.15,Chiều,2.42
Cần Thơ,,0,16.68,Xe Máy,Mưa Bão,0.742331,0.913174,17,0,96.33,Cao điểm Sáng,2.67
Hà Nội,,3,0.52,Xe ViP,Nắng,0.714298,0.923764,7,0,94.3,Đêm,1.31
Hà Nội,,0,13.46,Ô Tô 4 Chỗ,Mưa Bão,0.510253,0.605494,17,0,84.18,Cao điểm Sáng,2.6
Hồ Chí Minh,,0,1.69,Ô Tô 4 Chỗ,Mưa Bão,0.878854,0.986774,19,0,94.18,Cao điểm Tối,2.55
Hà Nội,,4,18.26,Xe Máy,Mưa,0.647747,0.927139,6,0,85.94,Cao điểm Tối,2.48
Hà Nội,,1,13.68,Xe Máy,Nắng,0.971698,0.560722,2,0,97.61,Cao điểm Tối,1.29
Đà Nẵng,,4,8.25,Ô Tô 4 Chỗ,Nắng,0.998847,0.756515,0,0,90.54,Chiều,1
Hà Nội,,2,0.64,Ô Tô 4 Chỗ,Mưa,0.57122,0.595126,5,0,93.86,Cao điểm Sáng,2.31
Đà Nẵng,,6,17,Ô Tô 4 Chỗ,Nhiều Mây,0.580654,0.581967,7,1,85.58,Chiều,1
Hà Nội,,3,1.46,Xe ViP,Nắng,0.91425,0.708855,10,0,90.01,Đêm,1
Đà Nẵng,,5,11.48,Ô Tô 4 Chỗ,Nhiều Mây,0.34051,0.764554,11,1,85.75,Cao điểm Sáng,1.74
Đà Nẵng,,6,7.36,Xe ViP,Nắng,0.964421,0.95089,3,1,94.32,Chiều,1
Cần Thơ,,0,16.96,Xe ViP,Mưa,0.557398,0.991365,4,0,90.48,Cao điểm Tối,2.51
Hồ Chí Minh,,0,14.66,Xe ViP,Mưa Bão,0.700526,0.600426,23,0,91.47,Cao điểm Tối,2.37
Hải Phòng,,6,1.22,Xe ViP,Mưa Bão,0.244447,0.893833,9,1,92.91,Cao điểm Tối,3.17
Hồ Chí Minh,,1,5.56,Xe Máy,Nắng,0.802766,0.466847,15,0,95.54,Đêm,1
Đà Nẵng,,5,1.24,Xe ViP,Nhiều Mây,0.68861,0.514146,14,1,98.93,Cao điểm Tối,1.27
Đà Nẵng,,3,19.51,Ô Tô 4 Chỗ,Mưa Bão,0.684448,0.633421,7,0,95.65,Chiều,1.39
Hải Phòng,,3,11.98,Xe Máy,Mưa Bão,0.470211,0.768427,13,0,95.58,Cao điểm Tối,2.29
Hồ Chí Minh,,2,14.6,Xe ViP,Nhiều Mây,0.399835,0.419007,9,0,91.5,Đêm,1.03
Đà Nẵng,,0,18.13,Xe ViP,Nắng,0.455345,0.773283,23,0,90.18,Chiều,1.48
Cần Thơ,,4,9.72,Xe ViP,Mưa,0.20261,0.774172,4,0,91.01,Đêm,2.08
Hồ Chí Minh,,2,1.47,Ô Tô 4 Chỗ,Nhiều Mây,0.807794,0.599402,12,0,85.31,Chiều,1
Hà Nội,,1,1.16,Ô Tô 4 Chỗ,Mưa Bão,0.662412,0.503891,23,0,96.24,Chiều,1.31
Cần Thơ,,3,2.32,Ô Tô 4 Chỗ,Mưa,0.547848,0.490034,13,0,91.52,Cao điểm Sáng,1.54
Đà Nẵng,,0,9.19,Xe ViP,Mưa Bão,0.993236,0.959628,8,0,99.97,Cao điểm Sáng,2.09
Hà Nội,,5,16.84,Xe Máy,Mưa Bão,0.466151,0.591354,21,1,92.96,Cao điểm Tối,2.36
Hải Phòng,,2,1.71,Xe ViP,Nắng,0.491378,0.721347,5,0,95.04,Cao điểm Sáng,1.48
Hà Nội,,6,13.94,Xe ViP,Mưa Bão,0.872433,0.640425,23,1,92.47,Đêm,1.32
Hồ Chí Minh,,1,10.52,Xe Máy,Nắng,0.711004,0.635357,16,0,88.43,Cao điểm Tối,1.26
Cần Thơ,,5,2.53,Xe ViP,Nhiều Mây,0.548994,0.759137,11,1,85.65,Chiều,1.04
Cần Thơ,,3,18.88,Xe ViP,Mưa,0.899993,0.864764,7,0,86.62,Cao điểm Sáng,2.45
Cần Thơ,,2,0.81,Ô Tô 4 Chỗ,Nhiều Mây,0.538872,0.476775,3,0,96.85,Cao điểm Sáng,1.16
Đà Nẵng,,4,19.51,Ô Tô 4 Chỗ,Nhiều Mây,0.267318,0.554371,17,0,91.22,Chiều,1.43
Đà Nẵng,,3,6.7,Xe Máy,Nắng,0.251361,0.472477,9,0,96.75,Cao điểm Tối,1.45
Cần Thơ,,6,11.62,Ô Tô 4 Chỗ,Mưa Bão,0.506275,0.976867,23,1,89.34,Cao điểm Tối,3.14
Đà Nẵng,,3,3.71,Xe Máy,Mưa Bão,0.94725,0.625047,1,0,88.82,Đêm,1.34
Hà Nội,,1,2.57,Ô Tô 4 Chỗ,Nắng,0.411662,0.835051,7,0,87.25,Cao điểm Tối,1.9
Hà Nội,,2,15.81,Xe ViP,Mưa,0.592638,0.448038,22,0,95.32,Đêm,1.27
Hải Phòng,,2,7.89,Ô Tô 4 Chỗ,Mưa Bão,0.2094,0.787884,15,0,95.9,Đêm,2.08
Hồ Chí Minh,,3,9.58,Xe Máy,Mưa,0.229265,0.759784,9,0,87.13,Chiều,2.19
Đà Nẵng,,5,13.21,Ô Tô 4 Chỗ,Mưa Bão,0.647116,0.450286,16,1,88.89,Chiều,1.14
Hà Nội,,5,14.08,Ô Tô 4 Chỗ,Mưa Bão,0.325455,0.481622,5,1,91.95,Cao điểm Tối,1.84
Hải Phòng,,5,8.13,Ô Tô 4 Chỗ,Nhiều Mây,0.349673,0.739139,8,1,87.72,Đêm,1.58
Hồ Chí Minh,,0,14.3,Xe Máy,Nắng,0.880547,0.416298,14,0,91.47,Chiều,1
Đà Nẵng,,0,1.84,Xe Máy,Nắng,0.91359,0.603174,5,0,97.48,Chiều,1
Hà Nội,,3,4.51,Ô Tô 4 Chỗ,Nắng,0.277491,0.843808,22,0,91.7,Đêm,1.85
Hải Phòng,,4,13.07,Xe ViP,Mưa,0.50943,0.893561,21,0,84.99,Cao điểm Sáng,2.79
Hồ Chí Minh,,4,10.79,Xe Máy,Mưa Bão,0.756302,0.806455,19,0,95.22,Chiều,1.31
Hà Nội,,0,8.12,Xe Máy,Mưa Bão,0.905008,0.809065,9,0,97.67,Cao điểm Sáng,1.97
Đà Nẵng,,3,9.44,Xe Máy,Nắng,0.460078,0.548877,9,0,91.99,Cao điểm Tối,1.3
Cần Thơ,,4,18.44,Ô Tô 4 Chỗ,Mưa,0.733285,0.984575,7,0,91.5,Chiều,1.63
Hà Nội,,4,1.16,Xe Máy,Nắng,0.995307,0.98127,20,0,88.12,Đêm,1
Hà Nội,,6,5.29,Xe Máy,Nắng,0.803709,0.405999,5,1,94.05,Đêm,1
Cần Thơ,,4,8.14,Xe Máy,Mưa Bão,0.448815,0.421948,9,0,84.66,Cao điểm Sáng,2.26
Đà Nẵng,,1,12.15,Xe Máy,Mưa,0.973802,0.659908,16,0,97.06,Đêm,1.14
Hà Nội,,2,9.43,Ô Tô 4 Chỗ,Mưa Bão,0.362535,0.593081,15,0,96.25,Chiều,1.59
Đà Nẵng,,4,11.9,Ô Tô 4 Chỗ,Mưa Bão,0.616167,0.408591,4,0,93.32,Đêm,1.32
Hải Phòng,,0,7.9,Ô Tô 4 Chỗ,Nắng,0.781348,0.929899,1,0,91.19,Chiều,1.22
Hồ Chí Minh,,2,17.42,Xe Máy,Nắng,0.952788,0.762098,14,0,91.55,Cao điểm Sáng,1.23
Cần Thơ,,4,13.18,Xe Máy,Nhiều Mây,0.236656,0.711729,8,0,90.48,Cao điểm Tối,1.94
Đà Nẵng,,4,0.97,Ô Tô 4 Chỗ,Mưa,0.856453,0.790585,8,0,93.14,Đêm,1.12
Đà Nẵng,,3,13.48,Xe Máy,Nắng,0.277107,0.966806,15,0,93.2,Cao điểm Tối,2.41
Đà Nẵng,,0,18.28,Xe Máy,Mưa,0.571727,0.777246,23,0,89.89,Đêm,1.59
Đà Nẵng,,2,17.89,Xe Máy,Mưa Bão,0.345347,0.991425,15,0,90.29,Cao điểm Tối,2.67
Đà Nẵng,,1,18.18,Xe Máy,Nhiều Mây,0.307633,0.952234,13,0,87.15,Chiều,1.97
Cần Thơ,,5,5.11,Ô Tô 4 Chỗ,Nhiều Mây,0.476225,0.875868,10,1,85.84,Chiều,1.43
Hà Nội,,2,10.6,Xe ViP,Nhiều Mây,0.254309,0.907879,18,0,89.35,Chiều,1.98
Cần Thơ,,4,12.17,Ô Tô 4 Chỗ,Nắng,0.795395,0.712734,2,0,91.08,Cao điểm Sáng,1.35
Hải Phòng,,0,12.47,Xe ViP,Mưa,0.334375,0.609771,23,0,85.46,Đêm,1.63
Đà Nẵng,,3,12.61,Xe Máy,Nắng,0.657974,0.925583,8,0,91.8,Cao điểm Sáng,1.77
Hồ Chí Minh,,2,8.97,Ô Tô 4 Chỗ,Mưa Bão,0.263639,0.888513,18,0,97.49,Đêm,2.19
Đà Nẵng,,0,12.06,Xe ViP,Nắng,0.828078,0.61558,3,0,95.17,Chiều,1
Đà Nẵng,,2,10.24,Ô Tô 4 Chỗ,Nắng,0.771203,0.859032,18,0,90.49,Chiều,1.13
Đà Nẵng,,5,9.55,Ô Tô 4 Chỗ,Nắng,0.396429,0.443749,3,1,84.66,Chiều,1.05
Hà Nội,,1,11.37,Xe ViP,Mưa,0.352495,0.423582,21,0,87.09,Chiều,1.27
Hà Nội,,2,14.51,Xe ViP,Nhiều Mây,0.582155,0.439845,5,0,96.33,Chiều,1
Cần Thơ,,1,4.42,Xe Máy,Nhiều Mây,0.454781,0.760468,9,0,88.95,Cao điểm Tối,1.58
Hồ Chí Minh,,6,1.42,Ô Tô 4 Chỗ,Mưa Bão,0.420597,0.806112,9,1,88.91,Đêm,1.84
Cần Thơ,,4,8.4,Xe ViP,Nắng,0.426782,0.654963,8,0,92.32,Cao điểm Sáng,1.63
Đà Nẵng,,0,2.49,Ô Tô 4 Chỗ,Mưa Bão,0.896073,0.886703,23,0,89.79,Cao điểm Sáng,2.02
Đà Nẵng,,3,1.13,Xe ViP,Mưa Bão,0.465498,0.994156,9,0,96.97,Đêm,2.16
Hà Nội,,3,3.05,Ô Tô 4 Chỗ,Nhiều Mây,0.647025,0.528642,15,0,96.15,Đêm,1
Đà Nẵng,,3,19.49,Xe ViP,Mưa,0.42969,0.543704,16,0,99.69,Đêm,1.42
Hà Nội,,1,17.74,Ô Tô 4 Chỗ,Nắng,0.390739,0.851227,6,0,89.3,Cao điểm Sáng,1.82
Hải Phòng,,4,2.82,Ô Tô 4 Chỗ,Mưa,0.736504,0.531101,1,0,94.1,Cao điểm Sáng,1.64
Hồ Chí Minh,,5,10.31,Xe Máy,Nắng,0.651721,0.893914,14,1,92.58,Cao điểm Tối,1.66
Cần Thơ,,5,12.67,Ô Tô 4 Chỗ,Nhiều Mây,0.635948,0.844511,7,1,95.44,Cao điểm Sáng,1.53
Hải Phòng,,5,13.54,Ô Tô 4 Chỗ,Nắng,0.404918,0.88964,7,1,88.46,Cao điểm Sáng,2.01
Hồ Chí Minh,,6,1.27,Xe ViP,Mưa,0.905517,0.933466,13,1,92.46,Cao điểm Sáng,1.8
Cần Thơ,,3,7.87,Ô Tô 4 Chỗ,Mưa,0.314377,0.86034,22,0,92.99,Cao điểm Tối,3.15
Hồ Chí Minh,,3,1.93,Ô Tô 4 Chỗ,Nắng,0.597959,0.824693,0,0,98.13,Đêm,1.34
Hồ Chí Minh,,6,18.14,Ô Tô 4 Chỗ,Mưa Bão,0.532973,0.856218,14,1,96.63,Cao điểm Sáng,2.29
Đà Nẵng,,6,0.61,Ô Tô 4 Chỗ,Mưa Bão,0.503505,0.573744,12,1,98.55,Chiều,1.35
Cần Thơ,,3,7.43,Ô Tô 4 Chỗ,Mưa Bão,0.675922,0.811019,13,0,92.81,Chiều,1.31
Hồ Chí Minh,,2,14.1,Xe Máy,Mưa,0.235091,0.961586,0,0,96.49,Chiều,2.29
Cần Thơ,,2,8.84,Ô Tô 4 Chỗ,Mưa,0.778898,0.767892,22,0,91.55,Cao điểm Sáng,1.53
Hồ Chí Minh,,6,5.56,Xe ViP,Mưa,0.97641,0.953293,10,1,93.48,Đêm,1.28
Hồ Chí Minh,,3,18.3,Xe Máy,Mưa,0.545685,0.408291,3,0,87.25,Cao điểm Sáng,2.25
Cần Thơ,,4,2.82,Xe ViP,Nhiều Mây,0.888465,0.576027,14,0,87.86,Đêm,1
Hà Nội,,4,10.15,Ô Tô 4 Chỗ,Mưa,0.857169,0.737955,2,0,86.33,Đêm,1.16
Hồ Chí Minh,,2,6,Xe Máy,Nắng,0.945311,0.525265,9,0,89.62,Chiều,1
Cần Thơ,,4,12.86,Xe Máy,Nhiều Mây,0.246398,0.583136,21,0,84.86,Cao điểm Sáng,1.74
Hà Nội,,2,15.93,Xe ViP,Nhiều Mây,0.447091,0.492937,22,0,93.87,Chiều,1.07
Cần Thơ,,1,13.54,Xe Máy,Nhiều Mây,0.286318,0.418889,3,0,94.55,Chiều,1.2
Hà Nội,,0,8.11,Ô Tô 4 Chỗ,Mưa Bão,0.981809,0.44203,6,0,94.9,Đêm,1.28
Hải Phòng,,4,11.16,Ô Tô 4 Chỗ,Nắng,0.256079,0.56399,1,0,91.21,Đêm,1.46
Hà Nội,,2,4.23,Ô Tô 4 Chỗ,Mưa Bão,0.991925,0.777773,20,0,93.58,Cao điểm Tối,1.55
Cần Thơ,,1,3.05,Xe ViP,Nắng,0.664379,0.819107,18,0,86.87,Cao điểm Sáng,1.4
Hải Phòng,,0,12.69,Xe Máy,Nhiều Mây,0.820212,0.586426,8,0,96.35,Cao điểm Sáng,1.4
Hải Phòng,,0,0.75,Xe ViP,Nhiều Mây,0.6438,0.431763,1,0,94.25,Cao điểm Tối,1.33
Hồ Chí Minh,,5,15.18,Ô Tô 4 Chỗ,Mưa,0.422382,0.827737,7,1,88.34,Cao điểm Sáng,2.16
Hồ Chí Minh,,4,1.36,Xe ViP,Mưa,0.292179,0.80277,16,0,84.94,Chiều,2.02
Đà Nẵng,,3,15.42,Ô Tô 4 Chỗ,Mưa Bão,0.836055,0.556858,20,0,96.66,Cao điểm Tối,1.69
Cần Thơ,,3,15.34,Xe ViP,Nắng,0.478839,0.820958,17,0,94.83,Chiều,1.51
Đà Nẵng,,2,9.82,Xe Máy,Nắng,0.224346,0.903054,20,0,83.63,Cao điểm Tối,2.33
Hải Phòng,,0,3.32,Xe Máy,Nhiều Mây,0.505783,0.425877,17,0,89.38,Cao điểm Tối,1.26
Cần Thơ,,4,19.53,Xe ViP,Mưa,0.993349,0.524037,22,0,92.41,Cao điểm Sáng,1.52
Hải Phòng,,5,10.53,Xe ViP,Mưa,0.652769,0.680824,16,1,84.96,Cao điểm Sáng,1.75
Đà Nẵng,,1,1.15,Xe Máy,Mưa Bão,0.255519,0.98075,6,0,93.28,Đêm,2.25
Hồ Chí Minh,,2,12.93,Xe Máy,Nhiều Mây,0.418948,0.563606,5,0,93.13,Cao điểm Tối,1.57
Cần Thơ,,6,1.09,Ô Tô 4 Chỗ,Mưa,0.799188,0.695696,10,1,85.9,Đêm,1.38
Đà Nẵng,,4,6.3,Xe Máy,Nắng,0.484959,0.623353,17,0,92.79,Chiều,1.21
Cần Thơ,,3,9.97,Xe Máy,Nắng,0.825409,0.937013,9,0,91.52,Đêm,1.17
Hà Nội,,6,15.15,Xe ViP,Mưa,0.980456,0.693855,10,1,86.8,Cao điểm Tối,1.99
Đà Nẵng,,4,0.92,Ô Tô 4 Chỗ,Nắng,0.553948,0.703636,4,0,93.8,Cao điểm Tối,1.47
Hà Nội,,6,17.11,Xe ViP,Nắng,0.842536,0.652477,7,1,95.67,Cao điểm Tối,1.12
Cần Thơ,,0,18.17,Ô Tô 4 Chỗ,Mưa Bão,0.470183,0.743868,6,0,97.23,Chiều,1.54
Hồ Chí Minh,,6,1.06,Ô Tô 4 Chỗ,Nắng,0.874558,0.839376,16,1,95.43,Cao điểm Tối,1.22
Hà Nội,,5,9.98,Xe ViP,Nhiều Mây,0.419128,0.748191,16,1,95.16,Chiều,1.49
Cần Thơ,,6,14.1,Xe ViP,Mưa Bão,0.758731,0.807536,22,1,89.72,Cao điểm Tối,1.71
Hải Phòng,,5,15.87,Xe ViP,Mưa,0.980827,0.987281,20,1,83.67,Đêm,1.18
Cần Thơ,,6,5.77,Ô Tô 4 Chỗ,Nắng,0.553367,0.528361,6,1,99.31,Cao điểm Sáng,1.27
Hồ Chí Minh,,4,9.99,Xe ViP,Mưa,0.352304,0.774907,7,0,89.26,Chiều,1.83
Hà Nội,,4,8.7,Xe ViP,Mưa,0.244216,0.68763,12,0,88.75,Cao điểm Tối,2.53
Đà Nẵng,,5,10.76,Xe Máy,Nhiều Mây,0.264812,0.538725,5,1,96.99,Cao điểm Tối,1.55
Hà Nội,,2,14.8,Xe ViP,Nhiều Mây,0.298255,0.505606,2,0,95.34,Cao điểm Sáng,1.67
Hải Phòng,,6,8.57,Xe Máy,Mưa,0.500634,0.525734,19,1,97.52,Cao điểm Sáng,1.88
Hà Nội,,4,12.69,Xe ViP,Nắng,0.941082,0.540668,15,0,87.23,Cao điểm Tối,1.39
Hồ Chí Minh,,3,11.87,Xe ViP,Mưa Bão,0.260249,0.874233,13,0,98.23,Cao điểm Sáng,2.99
Đà Nẵng,,2,6.92,Xe ViP,Nhiều Mây,0.406524,0.96145,15,0,95.69,Đêm,1.83
Hà Nội,,5,2.51,Xe Máy,Nhiều Mây,0.740946,0.81463,16,1,91.31,Đêm,1.11
Hồ Chí Minh,,6,12.75,Xe ViP,Nắng,0.892619,0.807051,17,1,89.32,Cao điểm Sáng,1.25
Đà Nẵng,,4,3.33,Xe ViP,Nhiều Mây,0.477143,0.970592,0,0,98.51,Chiều,1.74
Cần Thơ,,6,14.6,Ô Tô 4 Chỗ,Mưa Bão,0.424309,0.488149,18,1,91.07,Chiều,1.37
Hồ Chí Minh,,1,9.97,Xe Máy,Nhiều Mây,0.614607,0.568362,5,0,91.44,Chiều,1
Hà Nội,,5,8.77,Xe ViP,Mưa Bão,0.65553,0.585403,5,1,97.52,Cao điểm Tối,1.54
Hồ Chí Minh,,1,8.36,Xe ViP,Nhiều Mây,0.969983,0.820958,2,0,99.41,Cao điểm Tối,1.21
Hồ Chí Minh,,4,1.97,Xe ViP,Nhiều Mây,0.824146,0.802939,23,0,89.89,Đêm,1
Hà Nội,,6,7.58,Xe ViP,Nắng,0.748889,0.544327,17,1,84.64,Chiều,1
Đà Nẵng,,5,6.75,Ô Tô 4 Chỗ,Mưa Bão,0.231371,0.822661,17,1,89.53,Cao điểm Tối,3.12
Hồ Chí Minh,,3,9.9,Xe Máy,Mưa,0.648423,0.820295,8,0,93.99,Cao điểm Sáng,2.56
Cần Thơ,,2,17.72,Xe ViP,Nắng,0.362718,0.673286,17,0,86.81,Đêm,1.47
Cần Thơ,,3,9.8,Ô Tô 4 Chỗ,Mưa Bão,0.496133,0.582941,9,0,93.48,Đêm,1.4
Đà Nẵng,,5,14.92,Ô Tô 4 Chỗ,Nắng,0.832042,0.755506,1,1,94.14,Chiều,1
Hà Nội,,6,18.22,Ô Tô 4 Chỗ,Mưa,0.815924,0.850647,14,1,88.62,Đêm,1.22
Hải Phòng,,3,3.62,Xe Máy,Nắng,0.288797,0.566885,1,0,86.05,Cao điểm Tối,1.67
Đà Nẵng,,6,17.22,Xe Máy,Mưa Bão,0.984711,0.703791,3,1,97.39,Cao điểm Sáng,2.32
Đà Nẵng,,5,19.74,Xe ViP,Mưa,0.265329,0.506228,8,1,97.28,Cao điểm Tối,1.87
Hà Nội,,6,19.7,Xe Máy,Nhiều Mây,0.494621,0.840365,2,1,92.27,Cao điểm Sáng,1.68
Đà Nẵng,,3,6.71,Xe Máy,Nhiều Mây,0.268704,0.787325,16,0,98.69,Chiều,1.78
Hồ Chí Minh,,5,5.26,Ô Tô 4 Chỗ,Mưa Bão,0.609354,0.415273,20,1,94.1,Cao điểm Sáng,2.12
Hải Phòng,,5,9.11,Ô Tô 4 Chỗ,Mưa Bão,0.637531,0.831403,16,1,88.17,Chiều,1.6
Hải Phòng,,5,1.54,Ô Tô 4 Chỗ,Nhiều Mây,0.65151,0.40593,5,1,86.27,Cao điểm Sáng,1.19
Hồ Chí Minh,,6,13.43,Xe ViP,Mưa,0.374124,0.749523,13,1,88.79,Chiều,1.71
Hồ Chí Minh,,6,8.82,Xe Máy,Nắng,0.66584,0.513267,7,1,98.41,Chiều,1
Đà Nẵng,,3,8.39,Ô Tô 4 Chỗ,Nhiều Mây,0.40509,0.687152,14,0,88.47,Chiều,1.42
Cần Thơ,,4,2.68,Ô Tô 4 Chỗ,Mưa,0.840819,0.71033,18,0,85.07,Cao điểm Sáng,2.17
Hà Nội,,3,9.92,Xe ViP,Nắng,0.847054,0.705974,12,0,91.64,Chiều,1
Đà Nẵng,,5,18.03,Xe ViP,Mưa,0.303536,0.590705,11,1,94.77,Đêm,1.7
Cần Thơ,,1,8.87,Xe ViP,Nắng,0.416711,0.468074,0,0,88.16,Chiều,1.08
Đà Nẵng,,1,6.66,Ô Tô 4 Chỗ,Nhiều Mây,0.285129,0.486507,19,0,98.05,Chiều,1.3
Cần Thơ,,6,7.53,Ô Tô 4 Chỗ,Nắng,0.714985,0.543976,14,1,86.78,Cao điểm Sáng,1.04
Hồ Chí Minh,,4,13.19,Xe ViP,Mưa,0.383992,0.401471,11,0,93.95,Cao điểm Sáng,2.53
Hải Phòng,,3,5.52,Xe ViP,Nắng,0.471594,0.755573,11,0,97.38,Cao điểm Sáng,1.57
Hồ Chí Minh,,4,12.37,Xe ViP,Nắng,0.508896,0.723657,20,0,92.48,Đêm,1.32
Cần Thơ,,5,13.04,Xe ViP,Mưa,0.403267,0.584636,7,1,84.94,Chiều,1.41
Cần Thơ,,0,9.16,Xe Máy,Mưa Bão,0.212941,0.705905,12,0,97.97,Cao điểm Tối,3.16
Hà Nội,,6,6.25,Xe Máy,Mưa,0.640601,0.641853,21,1,97.39,Chiều,1.28
Hải Phòng,,2,16.88,Xe ViP,Mưa,0.699785,0.500094,18,0,95.69,Đêm,1.29
Hải Phòng,,1,11.4,Xe Máy,Mưa,0.620082,0.665734,5,0,87.08,Cao điểm Tối,2.37
Hà Nội,,3,19.71,Xe ViP,Nhiều Mây,0.271817,0.911187,7,0,86.42,Đêm,1.96
Hải Phòng,,4,4.23,Xe Máy,Mưa,0.778495,0.771839,20,0,88.26,Đêm,1.34
Đà Nẵng,,4,11.74,Ô Tô 4 Chỗ,Nhiều Mây,0.204149,0.963929,16,0,87.04,Cao điểm Tối,2.29
Hải Phòng,,3,3.09,Xe Máy,Mưa,0.832559,0.996322,5,0,83.86,Cao điểm Sáng,2.43
Hà Nội,,6,18.08,Ô Tô 4 Chỗ,Nắng,0.774952,0.521198,8,1,90.96,Cao điểm Tối,1.36
Hà Nội,,6,6.85,Xe Máy,Nắng,0.952164,0.758988,9,1,85.23,Cao điểm Sáng,1.37
Đà Nẵng,,5,12.72,Xe Máy,Mưa Bão,0.898944,0.603002,4,1,87.12,Đêm,1.31
Hải Phòng,,1,17.53,Ô Tô 4 Chỗ,Nắng,0.205194,0.988859,12,0,91.41,Cao điểm Sáng,2.28
Hà Nội,,0,9.87,Ô Tô 4 Chỗ,Nhiều Mây,0.463839,0.95517,19,0,92.09,Cao điểm Sáng,1.86
Hà Nội,,4,12.63,Ô Tô 4 Chỗ,Nhiều Mây,0.384655,0.484484,2,0,90.37,Cao điểm Sáng,1.31
Đà Nẵng,,5,10.71,Ô Tô 4 Chỗ,Nắng,0.211956,0.583001,9,1,85.25,Cao điểm Sáng,1.45
Hà Nội,,4,8.88,Ô Tô 4 Chỗ,Nắng,0.753041,0.462409,20,0,95.46,Cao điểm Sáng,1.28
Đà Nẵng,,0,19.97,Ô Tô 4 Chỗ,Nhiều Mây,0.885469,0.973415,13,0,85.39,Chiều,1.13
Đà Nẵng,,0,4.92,Xe ViP,Nắng,0.621971,0.455822,12,0,89.51,Cao điểm Tối,1.22
Hải Phòng,,0,9.98,Xe ViP,Nắng,0.70442,0.545035,7,0,96.1,Đêm,1
Hà Nội,,0,3.6,Xe ViP,Mưa,0.530234,0.97169,20,0,90.9,Cao điểm Tối,2.31
Hồ Chí Minh,,6,2.78,Xe Máy,Mưa Bão,0.498908,0.76954,16,1,87.89,Chiều,1.64
Hồ Chí Minh,,3,9.57,Xe ViP,Mưa,0.62669,0.470471,22,0,86.41,Cao điểm Tối,1.78
Đà Nẵng,,0,5.33,Xe Máy,Nắng,0.256782,0.473391,16,0,96.04,Cao điểm Sáng,1.53
Đà Nẵng,,6,17.32,Xe Máy,Nắng,0.397341,0.77972,6,1,96.69,Chiều,1.49
Cần Thơ,,1,13.9,Ô Tô 4 Chỗ,Nắng,0.77982,0.880541,3,0,86.64,Đêm,1.15
Hải Phòng,,0,18.23,Ô Tô 4 Chỗ,Nắng,0.381921,0.472206,16,0,84.52,Đêm,1.14
Hà Nội,,0,1.73,Xe ViP,Nắng,0.320377,0.558903,8,0,97.27,Cao điểm Sáng,1.64
Cần Thơ,,4,6.59,Xe Máy,Nắng,0.936623,0.505819,10,0,83.23,Cao điểm Sáng,1.13
Hồ Chí Minh,,3,1.74,Xe Máy,Nắng,0.829286,0.793097,14,0,86.09,Đêm,1
Hải Phòng,,4,16.47,Xe Máy,Nắng,0.977119,0.60114,2,0,91.78,Đêm,1
Cần Thơ,,1,8.21,Ô Tô 4 Chỗ,Nhiều Mây,0.994512,0.997413,3,0,92.62,Cao điểm Sáng,1.22
Cần Thơ,,5,19.21,Xe Máy,Nắng,0.520567,0.573586,8,1,97.54,Chiều,1
Hải Phòng,,4,19.27,Xe Máy,Nhiều Mây,0.978763,0.733513,11,0,94.33,Chiều,1
Hà Nội,,1,7.81,Xe ViP,Nhiều Mây,0.324442,0.469545,19,0,89.52,Đêm,1.22
Hải Phòng,,2,5.52,Ô Tô 4 Chỗ,Mưa,0.910562,0.799258,16,0,86.45,Cao điểm Sáng,2.08
Hải Phòng,,1,2.99,Xe ViP,Nhiều Mây,0.872053,0.937886,13,0,94.03,Đêm,1.1
Hải Phòng,,1,6.32,Xe Máy,Mưa Bão,0.775871,0.545134,10,0,92.89,Cao điểm Sáng,2.18
Hà Nội,,4,16.98,Ô Tô 4 Chỗ,Nắng,0.841428,0.564475,23,0,92.63,Đêm,1
Đà Nẵng,,4,1.95,Xe Máy,Mưa,0.557081,0.745463,6,0,88.34,Chiều,1.62
Hồ Chí Minh,,3,15.27,Xe ViP,Mưa Bão,0.927184,0.82074,2,0,89.1,Cao điểm Sáng,1.96
Hà Nội,,5,7.07,Xe Máy,Mưa Bão,0.737469,0.413501,11,1,96.78,Cao điểm Sáng,1.68
Hải Phòng,,5,10.79,Ô Tô 4 Chỗ,Mưa,0.693742,0.87049,22,1,92.54,Cao điểm Sáng,1.96
Cần Thơ,,2,10.53,Xe ViP,Mưa,0.951305,0.831883,8,0,96.99,Chiều,1.26
Cần Thơ,,0,9.93,Xe ViP,Mưa,0.658073,0.618015,11,0,99.62,Chiều,1.24
Cần Thơ,,3,12.86,Xe Máy,Nhiều Mây,0.764373,0.4472,16,0,91.58,Cao điểm Tối,1.24
Hà Nội,,0,2.51,Ô Tô 4 Chỗ,Mưa,0.227773,0.603424,0,0,94.58,Cao điểm Sáng,2.6
Đà Nẵng,,1,7.48,Xe Máy,Nhiều Mây,0.776519,0.898765,20,0,87.67,Đêm,1.18
Hải Phòng,,2,11.26,Xe ViP,Mưa Bão,0.94697,0.824444,10,0,92.36,Chiều,1.35
Hà Nội,,3,1.86,Xe Máy,Mưa,0.697038,0.729417,7,0,89.9,Cao điểm Tối,2.2
Hà Nội,,3,12.17,Xe Máy,Mưa,0.954392,0.724945,9,0,90.4,Cao điểm Tối,2.42
Đà Nẵng,,5,11.61,Ô Tô 4 Chỗ,Mưa Bão,0.347277,0.424174,3,1,92.41,Cao điểm Sáng,1.63
Đà Nẵng,,1,11.51,Xe ViP,Nắng,0.933131,0.836378,22,0,94.56,Cao điểm Tối,1.36
Hà Nội,,5,2.67,Xe Máy,Mưa Bão,0.84489,0.921933,5,1,91.59,Chiều,1.23
Cần Thơ,,2,17.27,Ô Tô 4 Chỗ,Nhiều Mây,0.667121,0.902699,1,0,83.75,Cao điểm Sáng,1.57
Hải Phòng,,3,19.33,Xe ViP,Nhiều Mây,0.580042,0.818263,9,0,91.13,Cao điểm Tối,1.48
Hải Phòng,,6,6.14,Ô Tô 4 Chỗ,Mưa,0.2016,0.759555,1,1,97.82,Chiều,2.17
Hồ Chí Minh,,2,5.65,Xe ViP,Nhiều Mây,0.885922,0.777593,20,0,84.43,Chiều,1
Cần Thơ,,0,5.8,Xe Máy,Nắng,0.703093,0.984902,11,0,85.29,Cao điểm Sáng,1.73
Cần Thơ,,0,16.08,Ô Tô 4 Chỗ,Nắng,0.996031,0.769886,18,0,96.32,Cao điểm Tối,1.11
Cần Thơ,,3,10.39,Ô Tô 4 Chỗ,Nhiều Mây,0.977391,0.857046,15,0,99.48,Cao điểm Sáng,1.29
Hà Nội,,1,14.46,Xe Máy,Mưa Bão,0.636117,0.979091,1,0,84.35,Cao điểm Sáng,2.1
Hồ Chí Minh,,1,15.04,Xe Máy,Mưa Bão,0.606418,0.988958,7,0,94.32,Chiều,1.9
Cần Thơ,,0,10.13,Ô Tô 4 Chỗ,Nhiều Mây,0.536702,0.595264,12,0,96.02,Cao điểm Tối,1.21
Cần Thơ,,0,17.39,Xe Máy,Mưa Bão,0.259515,0.654591,3,0,90.5,Cao điểm Tối,2.54
Hồ Chí Minh,,0,8.62,Ô Tô 4 Chỗ,Nắng,0.672114,0.605213,4,0,98.03,Chiều,1
Hồ Chí Minh,,3,18.44,Ô Tô 4 Chỗ,Nắng,0.595452,0.601561,16,0,90.6,Cao điểm Sáng,1.28
Đà Nẵng,,6,17.49,Xe Máy,Mưa,0.693901,0.543736,7,1,86.41,Chiều,1.14
Hà Nội,,4,1.79,Xe ViP,Mưa Bão,0.683356,0.757767,11,0,96.55,Cao điểm Sáng,1.75
Cần Thơ,,5,19.34,Ô Tô 4 Chỗ,Mưa,0.618401,0.615738,8,1,88.22,Cao điểm Sáng,1.63
Hồ Chí Minh,,4,15.63,Ô Tô 4 Chỗ,Nắng,0.848688,0.505318,21,0,84.64,Chiều,1
Hà Nội,,1,15.64,Xe Máy,Mưa Bão,0.787771,0.654107,16,0,89.23,Cao điểm Sáng,2.4
Hồ Chí Minh,,5,7.26,Xe ViP,Mưa Bão,0.664738,0.680954,9,1,90.84,Đêm,1.28
Hồ Chí Minh,,5,8.6,Ô Tô 4 Chỗ,Mưa,0.371229,0.518946,0,1,89.28,Cao điểm Sáng,2.56
Hải Phòng,,3,0.72,Ô Tô 4 Chỗ,Mưa,0.350303,0.811462,12,0,85.36,Cao điểm Sáng,2.45
Hải Phòng,,5,10.2,Xe Máy,Nắng,0.57707,0.944298,23,1,92.24,Cao điểm Tối,1.72
Hồ Chí Minh,,5,1.94,Ô Tô 4 Chỗ,Mưa Bão,0.752467,0.869061,16,1,83.45,Cao điểm Sáng,1.69
Hải Phòng,,5,14.92,Xe Máy,Nhiều Mây,0.482234,0.790498,16,1,90.31,Cao điểm Sáng,1.6
Hà Nội,,1,3.41,Xe ViP,Nắng,0.915937,0.520853,20,0,97.63,Chiều,1
Cần Thơ,,3,6.54,Ô Tô 4 Chỗ,Mưa Bão,0.610234,0.982956,20,0,89.56,Cao điểm Tối,3
Cần Thơ,,0,3.7,Xe Máy,Nắng,0.636867,0.47471,20,0,95.09,Chiều,1
Đà Nẵng,,4,10.12,Xe ViP,Nắng,0.430103,0.675563,10,0,90.78,Chiều,1.37
Hà Nội,,1,7.7,Xe ViP,Mưa,0.927929,0.643817,0,0,98.29,Đêm,1.19
Hà Nội,,3,19.93,Xe ViP,Nhiều Mây,0.864271,0.413904,18,0,93.3,Chiều,1
Hải Phòng,,6,16.56,Xe Máy,Mưa Bão,0.349161,0.482568,22,1,90.61,Đêm,1.35
Đà Nẵng,,2,11.67,Ô Tô 4 Chỗ,Mưa Bão,0.430661,0.5129,19,0,90.12,Cao điểm Sáng,2.15
Đà Nẵng,,4,4.44,Ô Tô 4 Chỗ,Mưa Bão,0.566416,0.829199,6,0,91.49,Đêm,1.62
Hà Nội,,2,14.23,Ô Tô 4 Chỗ,Nắng,0.791044,0.47603,13,0,94.4,Cao điểm Sáng,1.38
Đà Nẵng,,1,8.56,Xe Máy,Mưa,0.853648,0.475036,23,0,87.18,Cao điểm Sáng,1.83
Hà Nội,,1,7.54,Xe Máy,Nhiều Mây,0.532267,0.550995,16,0,85.67,Cao điểm Tối,1.2
Cần Thơ,,6,7.6,Ô Tô 4 Chỗ,Mưa Bão,0.739414,0.81844,5,1,90.75,Cao điểm Sáng,1.83
Cần Thơ,,2,3.83,Xe ViP,Mưa,0.521539,0.879107,23,0,93.78,Cao điểm Tối,2.43
Hà Nội,,0,18.09,Ô Tô 4 Chỗ,Nắng,0.533182,0.709872,0,0,85.49,Đêm,1.27
Hà Nội,,0,18.32,Xe ViP,Mưa Bão,0.634776,0.5262,1,0,90.56,Đêm,1.27
Hà Nội,,5,19.73,Ô Tô 4 Chỗ,Mưa,0.856333,0.589213,19,1,90.55,Cao điểm Sáng,1.87
Hải Phòng,,2,11.7,Ô Tô 4 Chỗ,Nhiều Mây,0.445743,0.421902,5,0,92.2,Đêm,1
Hồ Chí Minh,,2,1.5,Ô Tô 4 Chỗ,Mưa,0.258104,0.643023,14,0,97.29,Chiều,1.85
Hồ Chí Minh,,3,17.4,Xe Máy,Nắng,0.276369,0.952483,3,0,96.84,Cao điểm Tối,2.29
Cần Thơ,,0,5.21,Xe Máy,Nắng,0.677616,0.526986,16,0,97.73,Cao điểm Sáng,1.19
Hồ Chí Minh,,6,8.65,Ô Tô 4 Chỗ,Mưa Bão,0.32463,0.524306,20,1,88.88,Cao điểm Tối,2.62
Cần Thơ,,3,2.1,Ô Tô 4 Chỗ,Nắng,0.685206,0.51877,0,0,90.54,Chiều,1
Đà Nẵng,,1,4.1,Xe Máy,Mưa Bão,0.539954,0.682504,2,0,94.97,Đêm,1.54
Hà Nội,,1,10.99,Xe Máy,Nhiều Mây,0.895551,0.843218,5,0,92.68,Cao điểm Tối,1.24
Hồ Chí Minh,,0,13.19,Xe Máy,Mưa,0.852346,0.908471,12,0,95.56,Chiều,1.37
Cần Thơ,,3,13.3,Xe ViP,Mưa,0.220388,0.590968,23,0,87.54,Cao điểm Tối,2.28
Hải Phòng,,4,14.54,Ô Tô 4 Chỗ,Mưa Bão,0.534182,0.940773,17,0,91.76,Đêm,1.86
Hồ Chí Minh,,2,13.76,Xe ViP,Nắng,0.700679,0.516669,4,0,98.28,Cao điểm Tối,1.24
Đà Nẵng,,0,2.88,Ô Tô 4 Chỗ,Mưa,0.819766,0.845138,17,0,89.28,Cao điểm Sáng,1.92
Cần Thơ,,1,18.65,Xe ViP,Mưa Bão,0.600603,0.409814,7,0,88.41,Chiều,1.37
Đà Nẵng,,1,8.82,Xe ViP,Nhiều Mây,0.645057,0.77061,15,0,89.86,Đêm,1.19
Hải Phòng,,6,19.18,Xe Máy,Mưa,0.996263,0.975897,3,1,97.98,Cao điểm Sáng,2.37
Hải Phòng,,4,6.61,Xe ViP,Nhiều Mây,0.869695,0.577455,8,0,83.97,Cao điểm Tối,1.25
Hồ Chí Minh,,4,15.3,Ô Tô 4 Chỗ,Nắng,0.4194,0.574027,17,0,89.11,Đêm,1.23
Đà Nẵng,,6,8.42,Xe Máy,Mưa,0.712054,0.987106,9,1,89.16,Chiều,1.67
Đà Nẵng,,4,6.1,Ô Tô 4 Chỗ,Mưa,0.640367,0.769415,22,0,89.48,Cao điểm Sáng,2.03
Đà Nẵng,,0,7.22,Ô Tô 4 Chỗ,Nắng,0.360686,0.900867,0,0,96.33,Cao điểm Sáng,2.19
Hải Phòng,,2,3.52,Ô Tô 4 Chỗ,Nắng,0.688556,0.723458,6,0,96.75,Đêm,1.05
Hồ Chí Minh,,1,14.35,Xe ViP,Nắng,0.732571,0.610829,16,0,86.76,Cao điểm Sáng,1.26
Cần Thơ,,6,11.76,Xe ViP,Mưa Bão,0.381877,0.602719,3,1,87.79,Đêm,1.51
Đà Nẵng,,1,6.61,Xe ViP,Mưa Bão,0.551921,0.609518,2,0,85.77,Cao điểm Sáng,1.95
Cần Thơ,,0,13.38,Ô Tô 4 Chỗ,Mưa,0.740823,0.733658,22,0,94.08,Cao điểm Sáng,1.8
Cần Thơ,,6,11.07,Ô Tô 4 Chỗ,Mưa,0.396484,0.784662,11,1,92.05,Cao điểm Sáng,3.05
Hải Phòng,,4,6.2,Xe Máy,Mưa Bão,0.831152,0.906862,21,0,85.76,Đêm,1.4
Hải Phòng,,2,15.41,Ô Tô 4 Chỗ,Nắng,0.859769,0.511577,0,0,87.12,Cao điểm Sáng,1.22
Đà Nẵng,,0,8.22,Xe ViP,Mưa,0.341459,0.568199,0,0,85.88,Cao điểm Sáng,2.18
Cần Thơ,,1,5.98,Xe ViP,Mưa Bão,0.449748,0.930032,13,0,89.9,Đêm,1.85
Hồ Chí Minh,,0,9.28,Ô Tô 4 Chỗ,Mưa Bão,0.797478,0.408944,1,0,93.81,Cao điểm Sáng,2.41
Đà Nẵng,,5,8.01,Xe ViP,Mưa Bão,0.375531,0.574491,7,1,94.11,Cao điểm Tối,1.98
Hà Nội,,0,15.58,Xe Máy,Nhiều Mây,0.829417,0.972335,14,0,89.32,Đêm,1.21
Đà Nẵng,,3,4.12,Xe Máy,Mưa Bão,0.221483,0.413333,13,0,97.48,Chiều,1.47
Đà Nẵng,,4,12.22,Xe Máy,Nắng,0.369694,0.463103,10,0,94.27,Cao điểm Sáng,1.34
Đà Nẵng,,5,13.85,Xe ViP,Mưa Bão,0.391094,0.417397,18,1,96.16,Đêm,1.38
Hà Nội,,5,15.07,Xe ViP,Mưa,0.756597,0.80853,19,1,88.22,Cao điểm Sáng,2.55
Hà Nội,,5,11.51,Xe ViP,Mưa,0.958011,0.594995,21,1,87.06,Chiều,1.13
Đà Nẵng,,5,18.21,Xe ViP,Mưa Bão,0.254207,0.654284,22,1,95.94,Cao điểm Sáng,2.52
Cần Thơ,,5,10.3,Ô Tô 4 Chỗ,Mưa Bão,0.788022,0.592192,20,1,95.31,Cao điểm Tối,2.09
Cần Thơ,,1,4.72,Xe Máy,Mưa,0.766762,0.650496,17,0,85.7,Cao điểm Tối,2.45
Hải Phòng,,3,13.82,Xe Máy,Mưa,0.741141,0.524506,3,0,94.72,Đêm,1.15
Hải Phòng,,2,8.37,Ô Tô 4 Chỗ,Nắng,0.259865,0.442266,2,0,95.91,Đêm,1.27
Hồ Chí Minh,,2,19.74,Xe Máy,Mưa,0.269027,0.550023,7,0,89.38,Đêm,1.68
Đà Nẵng,,2,16.91,Xe Máy,Mưa Bão,0.74027,0.94205,8,0,84.74,Đêm,1.41
Hồ Chí Minh,,5,7.78,Ô Tô 4 Chỗ,Mưa,0.236419,0.501031,16,1,84.38,Cao điểm Sáng,2.3
Cần Thơ,,3,1.11,Xe ViP,Nắng,0.638076,0.799232,18,0,97.34,Chiều,1.24
Cần Thơ,,4,0.8,Ô Tô 4 Chỗ,Nắng,0.874918,0.434869,15,0,83.32,Đêm,1
Cần Thơ,,4,5.33,Xe ViP,Nhiều Mây,0.511097,0.872764,0,0,93.23,Cao điểm Tối,1.86
Hải Phòng,,6,7.93,Xe ViP,Mưa,0.231108,0.858615,12,1,92.03,Cao điểm Sáng,2.9
Hồ Chí Minh,,2,5.05,Xe Máy,Mưa Bão,0.596318,0.967389,15,0,86.05,Cao điểm Tối,2.44
Hồ Chí Minh,,4,0.52,Xe ViP,Nắng,0.524439,0.622681,5,0,85.38,Cao điểm Tối,1.26
Hải Phòng,,1,9.62,Xe Máy,Mưa Bão,0.727904,0.802402,10,0,97.7,Chiều,1.4
Hà Nội,,4,16.11,Xe Máy,Mưa Bão,0.406748,0.482202,6,0,94.43,Cao điểm Sáng,1.63
Hải Phòng,,4,4.17,Ô Tô 4 Chỗ,Mưa Bão,0.934064,0.948999,2,0,95.23,Đêm,1.13
Hà Nội,,6,17.04,Xe ViP,Mưa,0.793752,0.501565,6,1,99.3,Cao điểm Sáng,2.19
Hải Phòng,,0,10.11,Xe Máy,Mưa Bão,0.39478,0.491491,14,0,90.21,Đêm,1.47
Cần Thơ,,5,2.47,Ô Tô 4 Chỗ,Nắng,0.257491,0.623905,9,1,89.14,Đêm,1.34
Cần Thơ,,1,4.88,Xe Máy,Mưa,0.54597,0.855343,20,0,88.26,Đêm,1.62
Hà Nội,,5,19.35,Ô Tô 4 Chỗ,Mưa,0.39208,0.8235,22,1,94.39,Cao điểm Tối,2.67
Hồ Chí Minh,,6,0.52,Xe ViP,Nắng,0.372526,0.632462,9,1,83.28,Đêm,1.39
Đà Nẵng,,2,19.67,Xe Máy,Mưa Bão,0.429521,0.596333,14,0,95.91,Đêm,1.65
Đà Nẵng,,3,15.93,Xe Máy,Nhiều Mây,0.210616,0.599004,14,0,91.97,Cao điểm Tối,1.77
Cần Thơ,,2,7.5,Xe Máy,Mưa,0.676078,0.729485,10,0,89.49,Cao điểm Tối,2.54
Hải Phòng,,4,4.59,Xe ViP,Mưa Bão,0.49416,0.873412,7,0,88.97,Chiều,1.94
Cần Thơ,,4,8.22,Xe ViP,Mưa Bão,0.628962,0.491215,20,0,87.44,Cao điểm Tối,2.15
Cần Thơ,,5,9.11,Ô Tô 4 Chỗ,Mưa Bão,0.353658,0.596557,0,1,96.26,Cao điểm Tối,2.15
Hà Nội,,0,1.26,Xe Máy,Nhiều Mây,0.75461,0.419269,2,0,88.21,Cao điểm Sáng,1.19
Đà Nẵng,,0,8.61,Ô Tô 4 Chỗ,Nhiều Mây,0.591214,0.948794,18,0,88.25,Cao điểm Sáng,1.88
Hồ Chí Minh,,4,3.21,Xe Máy,Nhiều Mây,0.872149,0.91698,23,0,98.75,Chiều,1.07
Hồ Chí Minh,,5,13.11,Xe Máy,Nhiều Mây,0.703186,0.426186,8,1,98.8,Chiều,1
Đà Nẵng,,2,0.52,Xe Máy,Nắng,0.275757,0.814828,3,0,96.41,Cao điểm Tối,2.17
Hồ Chí Minh,,3,18.06,Xe ViP,Mưa,0.958654,0.541682,18,0,93.45,Cao điểm Sáng,2.25
Hải Phòng,,5,19.13,Xe ViP,Mưa,0.236461,0.43763,12,1,85.68,Cao điểm Tối,2.56
Cần Thơ,,0,4,Xe ViP,Nắng,0.906104,0.798384,14,0,89,Chiều,1
Đà Nẵng,,3,3.46,Xe ViP,Nhiều Mây,0.248525,0.669784,5,0,85.86,Đêm,1.63
Đà Nẵng,,2,11.05,Xe ViP,Nhiều Mây,0.842935,0.772124,1,0,92.4,Cao điểm Sáng,1.21
Hà Nội,,5,4.83,Xe Máy,Mưa,0.204641,0.966026,2,1,92.92,Cao điểm Tối,2.94
Cần Thơ,,3,14.89,Xe ViP,Nhiều Mây,0.42231,0.996584,3,0,89.37,Chiều,1.86
Cần Thơ,,0,16.08,Ô Tô 4 Chỗ,Nhiều Mây,0.605987,0.870697,3,0,84.36,Chiều,1.4
Cần Thơ,,6,9.94,Xe Máy,Nhiều Mây,0.214518,0.463238,23,1,89.62,Cao điểm Tối,1.51
Cần Thơ,,2,1.2,Ô Tô 4 Chỗ,Nhiều Mây,0.345659,0.759802,19,0,96.05,Cao điểm Sáng,1.72
Hải Phòng,,3,16.15,Xe Máy,Mưa Bão,0.241975,0.954343,3,0,87.9,Cao điểm Tối,2.6
Hồ Chí Minh,,1,9.36,Xe Máy,Nắng,0.441253,0.626963,6,0,86.69,Cao điểm Tối,1.6
Hải Phòng,,1,11.01,Xe ViP,Mưa,0.830251,0.540122,13,0,83.83,Cao điểm Tối,1.92
Hồ Chí Minh,,1,16.35,Ô Tô 4 Chỗ,Nắng,0.296023,0.795338,6,0,93.43,Chiều,1.75
Cần Thơ,,2,13.6,Xe ViP,Mưa Bão,0.599188,0.845226,23,0,96.79,Đêm,1.61
Hồ Chí Minh,,6,11.47,Xe ViP,Nắng,0.290084,0.722256,14,1,84.06,Cao điểm Sáng,1.9
Hải Phòng,,1,13.08,Xe ViP,Mưa Bão,0.878664,0.478958,11,0,96.89,Chiều,1.33
Cần Thơ,,5,3.79,Ô Tô 4 Chỗ,Nắng,0.819316,0.410701,17,1,98.05,Cao điểm Sáng,1
Hải Phòng,,2,19.84,Xe Máy,Nhiều Mây,0.390303,0.846736,1,0,92.26,Đêm,1.68
Hải Phòng,,3,14.24,Ô Tô 4 Chỗ,Mưa,0.920053,0.866627,21,0,88.34,Chiều,1.21
Hà Nội,,0,3.8,Xe Máy,Nhiều Mây,0.26763,0.913433,22,0,87.3,Chiều,1.97
Hồ Chí Minh,,4,13.68,Xe ViP,Nắng,0.768688,0.756242,14,0,85.39,Cao điểm Tối,1.39
Hà Nội,,6,13.93,Xe Máy,Nhiều Mây,0.476231,0.852511,11,1,88.47,Cao điểm Tối,1.69
Hải Phòng,,6,2.39,Ô Tô 4 Chỗ,Mưa,0.948306,0.532063,18,1,84.05,Cao điểm Sáng,1.61
Cần Thơ,,2,16.36,Xe Máy,Mưa,0.302328,0.4572,1,0,94.96,Đêm,1.36
Hải Phòng,,3,12.84,Xe ViP,Nắng,0.213848,0.963843,21,0,93.4,Chiều,2.12
Đà Nẵng,,2,11.43,Xe Máy,Mưa,0.23231,0.537639,17,0,88.91,Chiều,1.71
Cần Thơ,,6,17.65,Xe Máy,Mưa,0.426154,0.623552,1,1,97.35,Cao điểm Sáng,2.05
Cần Thơ,,1,6.87,Xe Máy,Mưa,0.446023,0.675477,0,0,94.57,Cao điểm Sáng,2.36
Cần Thơ,,6,12.04,Ô Tô 4 Chỗ,Mưa Bão,0.505636,0.736168,19,1,92.4,Đêm,1.58
Đà Nẵng,,6,14.57,Ô Tô 4 Chỗ,Mưa Bão,0.950676,0.559008,12,1,93.48,Cao điểm Tối,1.77
Cần Thơ,,2,4.24,Ô Tô 4 Chỗ,Mưa Bão,0.551844,0.663896,22,0,89.31,Cao điểm Sáng,2.15
Hà Nội,,0,12.98,Xe ViP,Mưa Bão,0.796561,0.925519,4,0,91.1,Chiều,1.44
Hồ Chí Minh,,5,12.97,Xe Máy,Mưa,0.321407,0.414441,20,1,84.82,Cao điểm Tối,1.7
Cần Thơ,,4,4.9,Xe Máy,Nắng,0.837038,0.523378,17,0,93.86,Cao điểm Tối,1.12
Cần Thơ,,4,18.94,Ô Tô 4 Chỗ,Nhiều Mây,0.956722,0.673977,4,0,97.22,Đêm,1
Đà Nẵng,,1,15.07,Xe Máy,Mưa,0.811781,0.765233,7,0,98.08,Cao điểm Tối,1.9
Hồ Chí Minh,,3,16.34,Ô Tô 4 Chỗ,Nhiều Mây,0.467339,0.581848,0,0,96.07,Cao điểm Tối,1.32
Hồ Chí Minh,,0,2.68,Xe Máy,Nắng,0.691258,0.728047,1,0,96.04,Cao điểm Sáng,1.27
Cần Thơ,,1,18.94,Xe ViP,Mưa,0.491869,0.404907,20,0,94.68,Chiều,1.17
Đà Nẵng,,0,2.58,Ô Tô 4 Chỗ,Mưa,0.697953,0.940551,9,0,85.18,Chiều,1.66
Hà Nội,,1,14.97,Xe ViP,Mưa,0.648402,0.784098,2,0,94.5,Cao điểm Sáng,2.08
Hồ Chí Minh,,2,8.14,Xe ViP,Nhiều Mây,0.371942,0.419254,6,0,97.9,Cao điểm Sáng,1.31
Hà Nội,,2,19.29,Xe ViP,Mưa Bão,0.759893,0.729714,4,0,95.78,Cao điểm Sáng,1.69
Đà Nẵng,,0,13.06,Ô Tô 4 Chỗ,Mưa,0.793228,0.847861,15,0,91.92,Chiều,1.45
Cần Thơ,,4,6.02,Xe Máy,Nhiều Mây,0.952904,0.572648,21,0,83.26,Cao điểm Sáng,1.16
Cần Thơ,,3,7.98,Ô Tô 4 Chỗ,Mưa Bão,0.369793,0.969862,8,0,86.52,Đêm,2.28
Hà Nội,,2,7.26,Ô Tô 4 Chỗ,Mưa,0.839411,0.664758,10,0,90.89,Đêm,1.16
Cần Thơ,,1,5.01,Ô Tô 4 Chỗ,Nắng,0.454398,0.915056,14,0,98.78,Cao điểm Sáng,2.06
Đà Nẵng,,1,1.85,Xe Máy,Mưa,0.439179,0.959339,7,0,91.1,Cao điểm Tối,3.04
Cần Thơ,,0,3.3,Ô Tô 4 Chỗ,Nắng,0.893494,0.466655,2,0,84.42,Chiều,1
Đà Nẵng,,5,18.9,Xe ViP,Nhiều Mây,0.512293,0.448074,11,1,89.76,Đêm,1
Hà Nội,,4,2.67,Xe Máy,Mưa,0.324417,0.919684,1,0,89.64,Cao điểm Tối,2.47
Hải Phòng,,3,8.44,Xe ViP,Mưa,0.803985,0.557731,2,0,87.74,Cao điểm Sáng,1.95
Đà Nẵng,,4,8.86,Xe ViP,Nhiều Mây,0.28012,0.697912,4,0,86.1,Cao điểm Tối,1.95
Hà Nội,,3,1.67,Ô Tô 4 Chỗ,Mưa,0.54047,0.738022,14,0,87.9,Cao điểm Sáng,2.1
Đà Nẵng,,2,5.69,Xe Máy,Mưa Bão,0.215448,0.763834,16,0,98.26,Đêm,1.96
Đà Nẵng,,5,5.15,Xe Máy,Mưa Bão,0.235563,0.705073,19,1,88.2,Chiều,2.08
Đà Nẵng,,1,11.73,Ô Tô 4 Chỗ,Nắng,0.790937,0.531581,15,0,87.75,Cao điểm Sáng,1.33
Đà Nẵng,,1,3.39,Ô Tô 4 Chỗ,Mưa,0.746914,0.841409,4,0,92.77,Đêm,1.48
Cần Thơ,,1,1.76,Ô Tô 4 Chỗ,Mưa Bão,0.978474,0.903868,13,0,89.61,Chiều,1.35
Đà Nẵng,,5,13.32,Xe ViP,Nhiều Mây,0.359956,0.946685,9,1,98.53,Chiều,1.75
Đà Nẵng,,2,16.77,Xe Máy,Mưa Bão,0.709287,0.449618,12,0,86.24,Chiều,1.21
Cần Thơ,,1,16.22,Xe ViP,Nhiều Mây,0.542786,0.565867,21,0,90.34,Cao điểm Tối,1.15
Cần Thơ,,1,17.73,Xe ViP,Mưa Bão,0.291562,0.494609,0,0,89.11,Chiều,1.6
Hà Nội,,5,13.25,Xe ViP,Mưa,0.984594,0.700093,3,1,92.17,Cao điểm Tối,1.91
Đà Nẵng,,6,2.52,Xe Máy,Mưa Bão,0.847396,0.437752,6,1,97.22,Chiều,1.38
Cần Thơ,,6,17.98,Xe ViP,Mưa Bão,0.46867,0.842434,2,1,95.52,Chiều,1.71
Hải Phòng,,1,12.85,Ô Tô 4 Chỗ,Nhiều Mây,0.624514,0.861783,17,0,83.58,Cao điểm Tối,1.61
Hà Nội,,3,3.32,Ô Tô 4 Chỗ,Nắng,0.671502,0.963508,0,0,85.82,Đêm,1.44
Hà Nội,,1,7.15,Ô Tô 4 Chỗ,Mưa,0.697496,0.695046,1,0,88.91,Đêm,1.32
Hồ Chí Minh,,4,2.97,Ô Tô 4 Chỗ,Mưa,0.875234,0.429358,12,0,95.03,Đêm,1.34
Cần Thơ,,1,10.27,Ô Tô 4 Chỗ,Nhiều Mây,0.772723,0.841091,8,0,95.91,Cao điểm Sáng,1.49
Hồ Chí Minh,,5,11.98,Xe ViP,Nhiều Mây,0.608152,0.716027,10,1,84.53,Chiều,1.16
Cần Thơ,,4,17.76,Ô Tô 4 Chỗ,Nhiều Mây,0.45675,0.869141,16,0,86.35,Đêm,1.62
Hải Phòng,,3,1.19,Ô Tô 4 Chỗ,Nhiều Mây,0.524366,0.5719,8,0,89.89,Cao điểm Tối,1.45
Hà Nội,,4,13.97,Xe Máy,Mưa,0.782744,0.980616,18,0,85.49,Đêm,1.63
Cần Thơ,,5,3.33,Ô Tô 4 Chỗ,Mưa Bão,0.423679,0.994176,20,1,84.03,Chiều,2.17
Hải Phòng,,1,19.09,Xe Máy,Nắng,0.673428,0.545496,20,0,91.17,Chiều,1
Hải Phòng,,4,7.6,Xe Máy,Nhiều Mây,0.484936,0.4339,9,0,90.68,Đêm,1
Hải Phòng,,1,7.11,Ô Tô 4 Chỗ,Mưa,0.883386,0.961273,11,0,84.73,Cao điểm Sáng,1.86
Đà Nẵng,,4,6.62,Xe ViP,Mưa,0.643431,0.685634,17,0,94.74,Cao điểm Sáng,2.55
Đà Nẵng,,6,6.99,Xe ViP,Nhiều Mây,0.992226,0.961419,2,1,87.51,Đêm,1
Hà Nội,,5,8.81,Xe ViP,Nhiều Mây,0.413331,0.556723,10,1,95.6,Đêm,1.22
Đà Nẵng,,2,17.53,Ô Tô 4 Chỗ,Nắng,0.610005,0.542783,6,0,95.63,Đêm,1
Hà Nội,,0,19.51,Xe Máy,Mưa Bão,0.834203,0.931131,19,0,87.14,Chiều,1.52
Đà Nẵng,,2,18.56,Xe ViP,Mưa,0.207938,0.426757,5,0,88.42,Cao điểm Tối,2.05
Hải Phòng,,0,3.14,Ô Tô 4 Chỗ,Mưa Bão,0.2245,0.472146,18,0,93.18,Cao điểm Sáng,2.37
Hà Nội,,4,2.67,Xe ViP,Nhiều Mây,0.441227,0.491125,22,0,84.66,Đêm,1.07
Đà Nẵng,,5,1.35,Xe Máy,Mưa Bão,0.931683,0.748603,13,1,92,Chiều,1.25
Hải Phòng,,0,3.83,Xe ViP,Mưa,0.430495,0.831604,14,0,86.91,Chiều,1.81
Hà Nội,,4,2.98,Ô Tô 4 Chỗ,Mưa Bão,0.907887,0.705,1,0,94.26,Cao điểm Tối,1.98
Hải Phòng,,0,13.14,Xe Máy,Mưa,0.233821,0.811116,1,0,96.74,Chiều,2.02
Hồ Chí Minh,,3,13.24,Ô Tô 4 Chỗ,Mưa Bão,0.391796,0.845677,8,0,89.89,Cao điểm Tối,2.34
Hải Phòng,,2,2.04,Xe Máy,Mưa Bão,0.349252,0.668346,8,0,86.38,Cao điểm Sáng,2.45
Đà Nẵng,,3,15.29,Xe ViP,Mưa Bão,0.554175,0.427891,1,0,90.99,Cao điểm Sáng,1.87
Đà Nẵng,,3,15.87,Ô Tô 4 Chỗ,Mưa,0.436182,0.53002,7,0,85.69,Chiều,1.44
Hải Phòng,,4,9.79,Xe ViP,Mưa,0.329763,0.582255,12,0,87.19,Chiều,1.62
Đà Nẵng,,4,6.4,Xe Máy,Mưa Bão,0.335893,0.92676,8,0,88.61,Cao điểm Sáng,3.37
Cần Thơ,,3,8.44,Ô Tô 4 Chỗ,Mưa,0.894752,0.79656,4,0,93.55,Cao điểm Tối,2.21
Hải Phòng,,2,7.29,Xe ViP,Nắng,0.252838,0.911017,11,0,87.76,Chiều,1.99
Đà Nẵng,,4,7.16,Xe Máy,Mưa Bão,0.948368,0.967221,5,0,90.41,Cao điểm Sáng,1.58
Hà Nội,,1,6.69,Xe Máy,Nhiều Mây,0.541407,0.680712,9,0,86.53,Cao điểm Sáng,1.36
Hải Phòng,,2,9.76,Xe ViP,Nhiều Mây,0.851948,0.882249,6,0,97.33,Đêm,1.05
Hồ Chí Minh,,3,9.35,Ô Tô 4 Chỗ,Nắng,0.688764,0.651295,8,0,90.64,Cao điểm Tối,1.39
Cần Thơ,,0,5.2,Xe Máy,Nhiều Mây,0.511588,0.596691,2,0,94.12,Cao điểm Tối,1.4
Đà Nẵng,,2,18.09,Xe ViP,Nhiều Mây,0.418311,0.703926,14,0,88.56,Chiều,1.43
Hải Phòng,,5,7.37,Xe Máy,Nắng,0.902336,0.914786,19,1,93.57,Chiều,1
Đà Nẵng,,4,13.98,Xe ViP,Mưa,0.323647,0.981614,0,0,92.44,Cao điểm Tối,2.97
Hồ Chí Minh,,0,10.2,Ô Tô 4 Chỗ,Nắng,0.90594,0.941154,13,0,89.56,Cao điểm Sáng,1.21
Hồ Chí Minh,,3,14.59,Ô Tô 4 Chỗ,Nhiều Mây,0.35301,0.832739,7,0,91.95,Chiều,1.72
Hà Nội,,6,18.54,Ô Tô 4 Chỗ,Mưa Bão,0.926068,0.457345,13,1,87.74,Cao điểm Sáng,1.85
Cần Thơ,,2,1.19,Xe Máy,Mưa,0.302788,0.874032,4,0,95.81,Cao điểm Tối,2.94
Hải Phòng,,2,10.6,Xe Máy,Mưa,0.723279,0.967864,22,0,93.91,Đêm,1.48
Hải Phòng,,0,19.3,Xe ViP,Nắng,0.845231,0.466047,18,0,95.92,Cao điểm Sáng,1.22
Hải Phòng,,2,14.56,Xe ViP,Nắng,0.892868,0.547055,6,0,88.26,Đêm,1
Hà Nội,,5,7.8,Xe Máy,Nắng,0.658303,0.576825,19,1,94.59,Cao điểm Sáng,1.17
Hải Phòng,,4,14.43,Ô Tô 4 Chỗ,Nhiều Mây,0.509953,0.734981,2,0,92.06,Đêm,1.34
Cần Thơ,,5,11.93,Xe Máy,Mưa,0.607309,0.580588,0,1,94.93,Chiều,1.26
Hà Nội,,3,14.46,Ô Tô 4 Chỗ,Mưa,0.88062,0.405417,7,0,93.39,Đêm,1.37
Cần Thơ,,3,14.34,Xe ViP,Mưa,0.234129,0.962627,2,0,91.01,Đêm,2.19
Hải Phòng,,6,5.89,Ô Tô 4 Chỗ,Nhiều Mây,0.620764,0.851861,21,1,86.89,Cao điểm Tối,1.4
Cần Thơ,,2,11.79,Xe Máy,Nhiều Mây,0.291186,0.828736,5,0,95.03,Đêm,1.81
Hà Nội,,4,5.35,Ô Tô 4 Chỗ,Mưa,0.558591,0.610658,22,0,90.07,Đêm,1.32
Hải Phòng,,6,13.23,Xe Máy,Nhiều Mây,0.630234,0.853748,8,1,92.18,Cao điểm Tối,1.16
Hà Nội,,3,8.2,Ô Tô 4 Chỗ,Nhiều Mây,0.378834,0.928628,19,0,97.46,Đêm,1.82
Cần Thơ,,4,14.15,Ô Tô 4 Chỗ,Mưa,0.561482,0.407685,22,0,89.59,Cao điểm Tối,2.36
Cần Thơ,,3,14.22,Ô Tô 4 Chỗ,Nắng,0.504643,0.465652,14,0,97.14,Chiều,1
Đà Nẵng,,4,13.03,Xe Máy,Mưa,0.384934,0.410326,8,0,87.42,Cao điểm Sáng,1.87
Hồ Chí Minh,,6,19.51,Ô Tô 4 Chỗ,Mưa,0.285457,0.459222,10,1,91.78,Cao điểm Sáng,2.67
Hải Phòng,,4,12.98,Xe ViP,Nhiều Mây,0.833813,0.649938,11,0,84.26,Cao điểm Sáng,1.28
Cần Thơ,,1,7.44,Ô Tô 4 Chỗ,Mưa,0.749798,0.849202,1,0,86.4,Cao điểm Sáng,2.15
Hải Phòng,,2,16.41,Xe Máy,Nhiều Mây,0.60265,0.590752,2,0,98.13,Cao điểm Sáng,1.16
Đà Nẵng,,5,5.84,Xe ViP,Mưa,0.813147,0.495248,4,1,86.09,Đêm,1.12
Đà Nẵng,,2,10.25,Xe Máy,Mưa Bão,0.816442,0.550291,21,0,99.08,Cao điểm Sáng,2.28
Cần Thơ,,1,8.78,Xe Máy,Nắng,0.802513,0.537791,15,0,86.42,Chiều,1
Đà Nẵng,,4,6.28,Ô Tô 4 Chỗ,Mưa,0.757324,0.664042,9,0,86.93,Cao điểm Tối,2.24
Hà Nội,,4,15.21,Xe Máy,Mưa Bão,0.970403,0.67431,12,0,92.88,Chiều,1.2
Hà Nội,,1,1.06,Xe Máy,Nắng,0.339556,0.893895,22,0,90.02,Cao điểm Sáng,2.16
Hồ Chí Minh,,4,8.69,Ô Tô 4 Chỗ,Nắng,0.817798,0.433014,17,0,87.83,Cao điểm Sáng,1.35
Đà Nẵng,,3,2.69,Xe ViP,Nắng,0.613076,0.816918,14,0,84.1,Cao điểm Tối,1.53
Đà Nẵng,,4,4.7,Xe Máy,Mưa Bão,0.69138,0.42799,11,0,87.58,Cao điểm Tối,1.81
Hà Nội,,1,2.48,Ô Tô 4 Chỗ,Mưa Bão,0.424837,0.95638,3,0,93.34,Đêm,1.96
Hà Nội,,6,11.19,Xe ViP,Mưa,0.427877,0.429983,7,1,96.11,Chiều,1.28
Hà Nội,,3,14.44,Xe Máy,Mưa,0.257951,0.871331,9,0,91.52,Cao điểm Tối,3.13
Hồ Chí Minh,,0,3.98,Xe ViP,Nắng,0.29105,0.880514,23,0,88.29,Cao điểm Tối,2.25
Hải Phòng,,0,3.4,Xe ViP,Nhiều Mây,0.206123,0.726228,16,0,90.46,Cao điểm Sáng,1.94
Hồ Chí Minh,,0,13.78,Ô Tô 4 Chỗ,Mưa Bão,0.447819,0.638953,1,0,86.35,Cao điểm Tối,1.96
Đà Nẵng,,4,8.17,Ô Tô 4 Chỗ,Mưa,0.876299,0.643175,14,0,99.13,Đêm,1.28
Hà Nội,,0,5.39,Ô Tô 4 Chỗ,Mưa Bão,0.886707,0.816725,7,0,95.71,Chiều,1.33
Hà Nội,,6,2.63,Ô Tô 4 Chỗ,Mưa,0.508538,0.894469,12,1,92.37,Cao điểm Sáng,2.55
Hà Nội,,4,8.93,Xe Máy,Mưa,0.78174,0.672227,7,0,84.6,Chiều,1.36
Cần Thơ,,4,19.48,Xe Máy,Mưa Bão,0.273198,0.552721,5,0,94.21,Chiều,1.81
Hải Phòng,,4,6.19,Xe Máy,Nắng,0.801936,0.762181,4,0,89.1,Đêm,1
Hồ Chí Minh,,3,13.72,Xe ViP,Nhiều Mây,0.473326,0.864015,1,0,85.01,Chiều,1.59
Hồ Chí Minh,,3,18.99,Ô Tô 4 Chỗ,Nhiều Mây,0.849806,0.648841,4,0,86.68,Chiều,1
Cần Thơ,,4,17.68,Ô Tô 4 Chỗ,Mưa,0.405922,0.408926,19,0,87.35,Chiều,1.34
Hồ Chí Minh,,5,10.18,Ô Tô 4 Chỗ,Mưa Bão,0.903275,0.969452,16,1,95.07,Đêm,1.36
Cần Thơ,,1,5,Xe ViP,Nắng,0.74443,0.954948,21,0,94.44,Cao điểm Tối,1.67
Hồ Chí Minh,,5,7.81,Xe ViP,Nắng,0.272436,0.400554,21,1,91.56,Cao điểm Sáng,1.53
Hải Phòng,,4,1.66,Xe Máy,Nắng,0.316819,0.652842,18,0,97.3,Cao điểm Tối,1.66
Hải Phòng,,3,17.84,Xe ViP,Mưa,0.579629,0.45551,14,0,87.36,Đêm,1.15
Hồ Chí Minh,,1,8.96,Ô Tô 4 Chỗ,Nắng,0.605088,0.982901,1,0,86.53,Cao điểm Sáng,1.71
Đà Nẵng,,5,14.01,Xe Máy,Mưa,0.998266,0.550003,9,1,94.12,Cao điểm Tối,2.2
Đà Nẵng,,5,18.06,Xe ViP,Nắng,0.537419,0.804711,10,1,89.06,Đêm,1.28
Hà Nội,,6,16.57,Ô Tô 4 Chỗ,Nắng,0.658828,0.463594,15,1,90.26,Cao điểm Tối,1.37
Hồ Chí Minh,,5,7.23,Ô Tô 4 Chỗ,Mưa Bão,0.361567,0.752148,15,1,84.52,Đêm,1.96
Hồ Chí Minh,,1,8.9,Xe ViP,Mưa,0.424254,0.925811,0,0,85.47,Đêm,1.99
Cần Thơ,,6,6.94,Xe Máy,Mưa,0.947154,0.725671,21,1,97.08,Chiều,1.15
Cần Thơ,,2,3.83,Ô Tô 4 Chỗ,Nhiều Mây,0.85239,0.491315,19,0,87.52,Đêm,1
Đà Nẵng,,6,10.45,Xe Máy,Nắng,0.481924,0.953732,19,1,89.58,Chiều,1.43
Đà Nẵng,,3,1.35,Xe Máy,Mưa Bão,0.540048,0.996649,23,0,87.17,Chiều,1.83
Đà Nẵng,,3,0.93,Xe ViP,Nhiều Mây,0.537134,0.911168,12,0,87.04,Cao điểm Tối,1.7
Đà Nẵng,,1,8.86,Ô Tô 4 Chỗ,Mưa Bão,0.988382,0.901197,14,0,89.02,Đêm,1.13
Đà Nẵng,,0,14.54,Ô Tô 4 Chỗ,Nhiều Mây,0.782754,0.484312,3,0,90.01,Cao điểm Sáng,1.24
Hồ Chí Minh,,3,15.19,Xe Máy,Mưa Bão,0.779683,0.875876,17,0,84.27,Cao điểm Tối,1.76
Cần Thơ,,5,4.94,Xe ViP,Mưa,0.907932,0.655788,17,1,94.79,Đêm,1.29
Đà Nẵng,,1,16.63,Xe ViP,Nhiều Mây,0.303087,0.909831,15,0,92.91,Chiều,1.91
Hà Nội,,4,8.59,Xe Máy,Mưa Bão,0.390101,0.879214,20,0,96.83,Cao điểm Sáng,2.38
Hồ Chí Minh,,1,19.29,Ô Tô 4 Chỗ,Mưa,0.851509,0.948948,0,0,87.38,Đêm,1.38
Hà Nội,,3,18.69,Xe ViP,Mưa Bão,0.845401,0.809307,0,0,89.15,Cao điểm Tối,1.97
Hà Nội,,2,18.94,Ô Tô 4 Chỗ,Mưa Bão,0.924665,0.559951,13,0,87.36,Cao điểm Tối,1.53
Đà Nẵng,,6,18.47,Xe Máy,Nắng,0.236074,0.993169,23,1,96.98,Chiều,1.97
Hải Phòng,,3,5.71,Ô Tô 4 Chỗ,Mưa,0.293728,0.595091,22,0,90.72,Chiều,1.66
Hồ Chí Minh,,6,15.22,Xe Máy,Nhiều Mây,0.750498,0.488198,13,1,94.27,Cao điểm Tối,1.4
Đà Nẵng,,5,7.44,Xe Máy,Nắng,0.890939,0.998568,11,1,87.04,Đêm,1.09
Cần Thơ,,2,17.33,Xe ViP,Nắng,0.424849,0.736966,18,0,87.28,Đêm,1.47
Hải Phòng,,0,19.54,Ô Tô 4 Chỗ,Nhiều Mây,0.671798,0.771282,13,0,84.78,Chiều,1.15
Cần Thơ,,4,18.24,Xe Máy,Mưa,0.263866,0.861296,11,0,96.72,Cao điểm Sáng,3.15
Cần Thơ,,6,10.05,Ô Tô 4 Chỗ,Nhiều Mây,0.937165,0.614258,13,1,94.27,Chiều,1
Cần Thơ,,1,19.47,Xe ViP,Nhiều Mây,0.791434,0.616327,5,0,92.56,Cao điểm Sáng,1.28
Hải Phòng,,3,8.61,Xe ViP,Nhiều Mây,0.25359,0.882331,4,0,89.96,Đêm,1.94
Hải Phòng,,5,1.31,Ô Tô 4 Chỗ,Nhiều Mây,0.722722,0.402654,2,1,97.43,Cao điểm Tối,1
Đà Nẵng,,4,2.46,Ô Tô 4 Chỗ,Nắng,0.834598,0.650633,4,0,92.28,Đêm,1
Hải Phòng,,1,7.1,Xe ViP,Nắng,0.408697,0.415234,11,0,97.06,Đêm,1.01
Đà Nẵng,,3,12.23,Xe Máy,Mưa Bão,0.8242,0.701152,10,0,89.96,Cao điểm Sáng,2.36
Hà Nội,,0,6.16,Ô Tô 4 Chỗ,Nhiều Mây,0.234128,0.986317,3,0,97.55,Chiều,2.13
Đà Nẵng,,5,1.6,Ô Tô 4 Chỗ,Mưa,0.316578,0.765423,4,1,96.87,Cao điểm Tối,2.71
Hải Phòng,,4,5.65,Xe ViP,Mưa,0.680609,0.471222,21,0,95.26,Cao điểm Tối,1.61
Đà Nẵng,,0,12.97,Xe ViP,Mưa Bão,0.762348,0.790337,6,0,93.65,Cao điểm Tối,2.45
Hà Nội,,4,14.62,Ô Tô 4 Chỗ,Mưa Bão,0.334273,0.874887,0,0,88.06,Chiều,1.96
Đà Nẵng,,5,15.38,Xe ViP,Mưa,0.587734,0.560951,21,1,98.66,Cao điểm Tối,1.94
Hồ Chí Minh,,0,12.08,Xe ViP,Nắng,0.379088,0.745195,13,0,97.03,Cao điểm Sáng,1.94
Hồ Chí Minh,,2,11.31,Ô Tô 4 Chỗ,Mưa,0.851233,0.690492,15,0,88.6,Đêm,1.16
Đà Nẵng,,4,14.06,Xe Máy,Nắng,0.942911,0.94629,23,0,95.18,Cao điểm Tối,1.39
Hải Phòng,,4,2.61,Ô Tô 4 Chỗ,Mưa,0.557414,0.968644,21,0,92.18,Cao điểm Tối,2.21
Hà Nội,,1,3.32,Ô Tô 4 Chỗ,Mưa Bão,0.303947,0.431876,6,0,85.88,Cao điểm Sáng,2.25
Đà Nẵng,,0,19.39,Xe ViP,Mưa Bão,0.677694,0.582163,21,0,98.56,Đêm,1.11
Đà Nẵng,,1,3.94,Xe Máy,Mưa,0.75064,0.741012,5,0,99.27,Cao điểm Sáng,2.33
Đà Nẵng,,1,13.55,Xe ViP,Nắng,0.303325,0.709881,9,0,88.35,Đêm,1.61
Hải Phòng,,3,19.14,Xe Máy,Mưa,0.367744,0.912109,22,0,85.49,Chiều,2.14
Hải Phòng,,0,7.96,Ô Tô 4 Chỗ,Mưa Bão,0.607645,0.706299,10,0,92.56,Cao điểm Tối,2.61
Đà Nẵng,,0,12.98,Ô Tô 4 Chỗ,Nhiều Mây,0.384899,0.846729,17,0,91.88,Cao điểm Tối,2.04
Hồ Chí Minh,,2,4.13,Xe Máy,Nắng,0.524062,0.590263,23,0,93.56,Cao điểm Sáng,1.31
Hải Phòng,,5,9.12,Ô Tô 4 Chỗ,Mưa Bão,0.346772,0.465461,4,1,96.4,Đêm,1.4
Hải Phòng,,4,16.29,Xe ViP,Nhiều Mây,0.348966,0.739129,13,0,95.94,Cao điểm Sáng,1.87
Hải Phòng,,0,12.94,Xe Máy,Mưa,0.7011,0.605509,17,0,86.74,Cao điểm Tối,2.18
Hồ Chí Minh,,6,13.89,Ô Tô 4 Chỗ,Nhiều Mây,0.397045,0.749082,23,1,98.27,Cao điểm Sáng,1.73
Hà Nội,,1,13.02,Xe Máy,Mưa Bão,0.514066,0.826421,23,0,96.7,Đêm,1.81
Hải Phòng,,0,11.17,Xe Máy,Mưa Bão,0.485307,0.732857,0,0,91.61,Chiều,1.68
Cần Thơ,,6,16.19,Ô Tô 4 Chỗ,Nhiều Mây,0.358433,0.865951,9,1,90.63,Cao điểm Sáng,1.82
Hà Nội,,5,16.45,Ô Tô 4 Chỗ,Mưa,0.791467,0.733369,17,1,84.85,Cao điểm Sáng,2.45
Đà Nẵng,,3,16.07,Xe Máy,Mưa,0.47333,0.651301,4,0,92.25,Cao điểm Tối,1.96
Hải Phòng,,6,3.17,Ô Tô 4 Chỗ,Nhiều Mây,0.229315,0.662145,13,1,94.99,Chiều,1.65
Hải Phòng,,1,5.05,Xe Máy,Nắng,0.2401,0.787998,7,0,85.77,Cao điểm Sáng,1.94
Đà Nẵng,,0,4.01,Ô Tô 4 Chỗ,Nắng,0.507263,0.695187,2,0,94.4,Cao điểm Tối,1.62
Hải Phòng,,6,10.15,Ô Tô 4 Chỗ,Mưa,0.842661,0.947837,14,1,86.95,Cao điểm Tối,2.22
Đà Nẵng,,6,13.74,Ô Tô 4 Chỗ,Mưa,0.763402,0.640359,7,1,92.74,Đêm,1.16
Cần Thơ,,6,3.68,Ô Tô 4 Chỗ,Nhiều Mây,0.898466,0.554111,20,1,93.22,Cao điểm Tối,1.39
Hà Nội,,0,14.59,Xe ViP,Mưa,0.326542,0.746027,21,0,88.44,Cao điểm Tối,3.04
Cần Thơ,,3,1.26,Xe ViP,Nắng,0.521394,0.793487,4,0,87.02,Đêm,1.41
Đà Nẵng,,0,2.06,Xe ViP,Nhiều Mây,0.754188,0.874518,12,0,87.58,Chiều,1.18
Hồ Chí Minh,,4,0.65,Xe Máy,Nắng,0.592379,0.458067,22,0,90.1,Cao điểm Sáng,1.12
Cần Thơ,,3,14.98,Xe Máy,Nắng,0.769106,0.451166,5,0,98.53,Cao điểm Sáng,1.17
Cần Thơ,,6,19.56,Ô Tô 4 Chỗ,Nắng,0.86161,0.718681,13,1,93.55,Chiều,1
Hải Phòng,,6,8.02,Xe ViP,Nắng,0.471848,0.833386,21,1,87.92,Đêm,1.43
Đà Nẵng,,2,9.68,Xe ViP,Nhiều Mây,0.924343,0.44877,11,0,96.97,Cao điểm Sáng,1.26
Hà Nội,,5,16.95,Xe ViP,Mưa Bão,0.284607,0.976534,5,1,86.22,Cao điểm Sáng,2.77
Đà Nẵng,,2,10.53,Ô Tô 4 Chỗ,Mưa Bão,0.605114,0.764753,18,0,89.01,Đêm,1.6
Hồ Chí Minh,,3,15.03,Xe ViP,Nhiều Mây,0.420628,0.463169,15,0,91.95,Cao điểm Tối,1.34
Đà Nẵng,,2,15.27,Xe ViP,Nắng,0.292355,0.784704,4,0,94.01,Cao điểm Tối,1.85
Hải Phòng,,3,15.91,Xe Máy,Mưa Bão,0.34472,0.809993,14,0,92.49,Chiều,1.94
Hải Phòng,,1,3.01,Ô Tô 4 Chỗ,Mưa Bão,0.695174,0.604495,22,0,95.33,Cao điểm Tối,1.77
Hồ Chí Minh,,6,19.27,Xe Máy,Mưa Bão,0.628924,0.44295,13,1,87.04,Cao điểm Tối,2.22
Đà Nẵng,,0,1.91,Xe ViP,Nắng,0.846456,0.920109,0,0,87.66,Cao điểm Tối,1.3
Hồ Chí Minh,,3,5.46,Xe ViP,Mưa,0.264617,0.826549,23,0,86.64,Cao điểm Sáng,2.62
Hồ Chí Minh,,3,18.14,Ô Tô 4 Chỗ,Mưa Bão,0.854751,0.570734,16,0,91.46,Cao điểm Tối,2.27
Hải Phòng,,4,6,Xe Máy,Nắng,0.270686,0.789952,23,0,84.46,Đêm,1.78
Đà Nẵng,,4,9.87,Xe Máy,Mưa,0.572675,0.429458,4,0,92.25,Cao điểm Tối,1.75
Hà Nội,,2,8.1,Xe ViP,Mưa Bão,0.976182,0.713939,21,0,86.24,Chiều,1.21
Hà Nội,,6,1.64,Xe ViP,Nhiều Mây,0.920861,0.727154,1,1,95.51,Cao điểm Sáng,1.16
Hải Phòng,,4,18.07,Xe Máy,Mưa,0.428592,0.483044,16,0,93.35,Cao điểm Tối,2.39
Hải Phòng,,2,13.06,Xe ViP,Nắng,0.802521,0.626717,5,0,84.26,Chiều,1
Hà Nội,,1,4.35,Xe Máy,Nắng,0.509568,0.914958,5,0,87.84,Cao điểm Tối,1.89
Hồ Chí Minh,,5,10.46,Ô Tô 4 Chỗ,Nắng,0.339185,0.680023,17,1,86.61,Cao điểm Sáng,1.89
Hải Phòng,,1,19.96,Xe Máy,Mưa,0.766935,0.46153,20,0,93,Đêm,1.38
Đà Nẵng,,2,12.85,Ô Tô 4 Chỗ,Nhiều Mây,0.242519,0.578315,16,0,86.42,Chiều,1.5
Hải Phòng,,1,8.41,Xe ViP,Nắng,0.973439,0.592027,11,0,89.67,Đêm,1
Hà Nội,,4,19.39,Ô Tô 4 Chỗ,Mưa Bão,0.767337,0.565337,6,0,90,Chiều,1.28
Hà Nội,,2,11.22,Xe Máy,Mưa Bão,0.359852,0.857965,9,0,88.66,Cao điểm Sáng,2.96
Đà Nẵng,,4,18.7,Xe ViP,Mưa Bão,0.860267,0.426506,21,0,87.07,Đêm,1.21
Hải Phòng,,5,19.75,Xe Máy,Mưa Bão,0.327904,0.995176,15,1,91.45,Cao điểm Sáng,3.18
Hải Phòng,,3,19.36,Xe Máy,Nhiều Mây,0.443763,0.807058,0,0,87.84,Cao điểm Tối,1.75
Hà Nội,,6,6.39,Xe ViP,Nhiều Mây,0.765152,0.781198,0,1,88.17,Đêm,1.02
Hà Nội,,3,19.6,Ô Tô 4 Chỗ,Mưa Bão,0.723289,0.933934,2,0,83.56,Chiều,1.58
Hải Phòng,,6,2.02,Ô Tô 4 Chỗ,Nắng,0.476935,0.90309,17,1,88.36,Cao điểm Sáng,1.46
Cần Thơ,,0,15.69,Xe ViP,Mưa,0.67067,0.871528,13,0,94.99,Chiều,1.7
Hồ Chí Minh,,0,19.33,Xe ViP,Nắng,0.607642,0.649934,6,0,93.52,Cao điểm Sáng,1.37
Hồ Chí Minh,,4,3.04,Ô Tô 4 Chỗ,Nhiều Mây,0.760652,0.481351,20,0,86.18,Chiều,1
Đà Nẵng,,5,6.47,Ô Tô 4 Chỗ,Mưa,0.897846,0.437663,6,1,84.72,Cao điểm Sáng,2.3
Hồ Chí Minh,,2,17.04,Xe ViP,Mưa Bão,0.312398,0.444812,0,0,86.05,Đêm,1.38
Đà Nẵng,,3,10.52,Xe Máy,Mưa Bão,0.862436,0.681506,3,0,93.54,Cao điểm Sáng,2.3
Hà Nội,,3,18.83,Xe ViP,Nắng,0.651393,0.960486,3,0,86.26,Cao điểm Sáng,1.62
Hà Nội,,5,0.51,Xe Máy,Nắng,0.902108,0.490369,4,1,86.44,Chiều,1
Hà Nội,,3,1.99,Ô Tô 4 Chỗ,Mưa,0.529312,0.736733,14,0,91.53,Chiều,1.58
Hồ Chí Minh,,2,7.38,Ô Tô 4 Chỗ,Mưa Bão,0.656435,0.753727,6,0,88.05,Chiều,1.3
Hà Nội,,3,15.48,Xe Máy,Mưa,0.851823,0.736846,12,0,95.13,Chiều,1.13
Hà Nội,,0,10.12,Ô Tô 4 Chỗ,Mưa Bão,0.375157,0.77112,10,0,87.37,Chiều,1.84
Hà Nội,,4,7.85,Xe Máy,Mưa Bão,0.910802,0.926997,19,0,89.38,Cao điểm Tối,1.82
Hà Nội,,1,18.01,Xe ViP,Mưa,0.657368,0.848784,23,0,91.24,Đêm,1.49
Hải Phòng,,6,7.65,Ô Tô 4 Chỗ,Nhiều Mây,0.609102,0.679887,8,1,84.18,Cao điểm Sáng,1.05
Hà Nội,,5,12.52,Ô Tô 4 Chỗ,Mưa,0.729401,0.601754,11,1,91.8,Đêm,1.35
Hồ Chí Minh,,1,16.76,Ô Tô 4 Chỗ,Nắng,0.924773,0.983504,16,0,97.87,Cao điểm Sáng,1.43
Cần Thơ,,1,7.7,Xe Máy,Nhiều Mây,0.755287,0.666828,20,0,85.94,Đêm,1
Cần Thơ,,1,5.21,Ô Tô 4 Chỗ,Nhiều Mây,0.796367,0.794922,21,0,89.59,Cao điểm Sáng,1.25
Hà Nội,,6,17.01,Ô Tô 4 Chỗ,Mưa Bão,0.441959,0.97179,6,1,89.94,Chiều,1.96
Hà Nội,,1,17.14,Xe ViP,Nắng,0.741328,0.712901,14,0,84.5,Chiều,1
Hồ Chí Minh,,4,19.35,Xe ViP,Nắng,0.223778,0.697917,9,0,86.59,Cao điểm Tối,1.82
Hải Phòng,,5,0.94,Ô Tô 4 Chỗ,Mưa,0.351585,0.505185,4,1,87.84,Cao điểm Sáng,2.3
Hà Nội,,0,9.83,Xe ViP,Nắng,0.75652,0.511629,1,0,87.89,Cao điểm Tối,1.18
Hà Nội,,5,0.51,Xe Máy,Mưa Bão,0.726003,0.904506,12,1,93.53,Cao điểm Tối,2.01
Đà Nẵng,,6,19.69,Xe Máy,Mưa,0.372586,0.988274,20,1,86.4,Chiều,2.24
Hải Phòng,,3,2.79,Xe ViP,Nắng,0.669405,0.814915,13,0,92.11,Cao điểm Sáng,1.34
Cần Thơ,,6,18.56,Xe Máy,Nhiều Mây,0.472732,0.51317,4,1,89.32,Cao điểm Tối,1.02
Cần Thơ,,6,8.57,Xe Máy,Mưa Bão,0.25366,0.967457,9,1,88.46,Cao điểm Tối,2.76
Hồ Chí Minh,,5,2.67,Ô Tô 4 Chỗ,Mưa Bão,0.655161,0.92685,16,1,94.87,Đêm,1.6
Hà Nội,,5,4.65,Xe ViP,Nắng,0.322178,0.761064,7,1,88.17,Chiều,1.66
Đà Nẵng,,5,15.64,Xe Máy,Nắng,0.979209,0.723933,0,1,94.51,Đêm,1
Cần Thơ,,0,10.72,Xe ViP,Mưa,0.412606,0.45446,6,0,87.29,Cao điểm Sáng,1.7
Hải Phòng,,2,7.2,Xe ViP,Mưa,0.647401,0.660729,15,0,98.2,Cao điểm Sáng,1.85
Cần Thơ,,5,3.29,Xe Máy,Mưa,0.945707,0.826006,13,1,96.77,Cao điểm Tối,1.96
Cần Thơ,,4,19.34,Xe Máy,Nhiều Mây,0.644224,0.593615,7,0,97.82,Đêm,1
Cần Thơ,,6,5.89,Xe ViP,Mưa,0.895784,0.992273,3,1,86.54,Cao điểm Sáng,2.33
Hà Nội,,3,14.69,Xe Máy,Mưa,0.596505,0.769656,5,0,85.84,Chiều,1.44
Hà Nội,,1,6.46,Ô Tô 4 Chỗ,Nhiều Mây,0.399173,0.484645,10,0,94.72,Cao điểm Tối,1.34
Cần Thơ,,1,1.83,Ô Tô 4 Chỗ,Nắng,0.581719,0.704653,23,0,91.6,Cao điểm Tối,1.51
Đà Nẵng,,2,12.03,Ô Tô 4 Chỗ,Mưa,0.648243,0.814247,10,0,83.47,Chiều,1.43
Cần Thơ,,2,9.57,Xe Máy,Nắng,0.212941,0.961393,16,0,90.13,Chiều,2.12
Hồ Chí Minh,,4,5.57,Ô Tô 4 Chỗ,Nắng,0.542677,0.886331,0,0,95.44,Đêm,1.52
Hà Nội,,3,19.32,Ô Tô 4 Chỗ,Mưa,0.953021,0.545668,15,0,96.65,Cao điểm Sáng,2.23
Hải Phòng,,2,0.71,Xe ViP,Nhiều Mây,0.628303,0.527693,9,0,94.99,Cao điểm Sáng,1.22
Hồ Chí Minh,,6,4.46,Xe ViP,Mưa,0.440809,0.592925,0,1,94.21,Đêm,1.44
Hà Nội,,1,5.09,Xe ViP,Mưa Bão,0.751454,0.57311,21,0,86.47,Chiều,1.3
Đà Nẵng,,6,15.55,Xe ViP,Nhiều Mây,0.533579,0.789847,4,1,95.7,Đêm,1.09
Đà Nẵng,,5,18.6,Xe ViP,Mưa Bão,0.911723,0.855435,16,1,95.94,Cao điểm Sáng,2.18
Cần Thơ,,6,16.25,Xe Máy,Mưa,0.349789,0.927577,14,1,87.85,Cao điểm Tối,2.39
Hải Phòng,,3,7.47,Xe ViP,Nắng,0.294311,0.748118,17,0,87.07,Chiều,1.68
Hồ Chí Minh,,5,7.92,Xe Máy,Mưa Bão,0.989074,0.890075,21,1,88.54,Chiều,1.17
Hải Phòng,,1,16.8,Ô Tô 4 Chỗ,Nắng,0.436485,0.671609,3,0,92.02,Cao điểm Sáng,1.59
Cần Thơ,,6,19.51,Xe ViP,Mưa,0.948986,0.629091,19,1,95.31,Đêm,1.13
Hồ Chí Minh,,6,1.5,Xe Máy,Nắng,0.88888,0.720848,16,1,92.36,Đêm,1
Hồ Chí Minh,,3,13.18,Ô Tô 4 Chỗ,Nắng,0.83364,0.873844,10,0,92.31,Chiều,1.06
Hồ Chí Minh,,0,2.61,Ô Tô 4 Chỗ,Mưa Bão,0.77803,0.868914,5,0,88.37,Cao điểm Tối,1.67
Cần Thơ,,2,17.89,Xe Máy,Nhiều Mây,0.885348,0.612784,20,0,91.12,Đêm,1
Đà Nẵng,,3,12.88,Ô Tô 4 Chỗ,Mưa Bão,0.568421,0.512155,18,0,96,Chiều,1.14
Đà Nẵng,,1,8.88,Ô Tô 4 Chỗ,Nhiều Mây,0.616188,0.566968,5,0,89.18,Đêm,1
Đà Nẵng,,5,15.11,Xe Máy,Nhiều Mây,0.441191,0.892076,5,1,86.71,Cao điểm Sáng,1.53
Đà Nẵng,,4,3.33,Xe Máy,Nhiều Mây,0.53797,0.42831,4,0,87.09,Chiều,1
Cần Thơ,,6,18.27,Xe Máy,Mưa Bão,0.835425,0.809651,8,1,98.66,Cao điểm Sáng,2
Hải Phòng,,3,1.02,Ô Tô 4 Chỗ,Mưa,0.466436,0.470615,3,0,89.7,Đêm,1.14
Hải Phòng,,0,14.29,Xe Máy,Nắng,0.398554,0.716172,11,0,91.5,Đêm,1.48
Cần Thơ,,1,9.31,Xe Máy,Mưa Bão,0.878867,0.902867,6,0,93.8,Đêm,1.25
Hải Phòng,,1,1.81,Xe Máy,Mưa,0.509779,0.408789,0,0,93.82,Chiều,1.17
Hải Phòng,,3,1.28,Xe ViP,Mưa Bão,0.39497,0.550183,2,0,86.51,Cao điểm Tối,2.41
Hà Nội,,1,15.36,Ô Tô 4 Chỗ,Mưa,0.53153,0.754457,21,0,87.65,Đêm,1.57
Đà Nẵng,,5,15.33,Xe Máy,Mưa Bão,0.470605,0.603132,13,1,95.19,Đêm,1.53
Hồ Chí Minh,,5,10.22,Xe ViP,Mưa Bão,0.395657,0.52501,18,1,85.16,Cao điểm Sáng,2.48
Cần Thơ,,0,19.34,Xe ViP,Mưa,0.274568,0.764767,18,0,87.67,Đêm,1.96
Hải Phòng,,2,1.18,Xe Máy,Nắng,0.43398,0.441611,18,0,95.66,Cao điểm Tối,1.31
Hồ Chí Minh,,0,1.6,Xe Máy,Mưa Bão,0.485798,0.464896,12,0,85.94,Đêm,1.27
Cần Thơ,,3,16.28,Ô Tô 4 Chỗ,Mưa Bão,0.879073,0.756559,18,0,97.14,Cao điểm Tối,1.89
Cần Thơ,,0,12.9,Xe Máy,Mưa Bão,0.962454,0.998783,21,0,88.88,Chiều,1.41
Hồ Chí Minh,,0,13.8,Xe ViP,Mưa Bão,0.923486,0.542287,4,0,92.06,Cao điểm Sáng,1.53
Đà Nẵng,,4,2.86,Xe Máy,Nhiều Mây,0.974689,0.538246,17,0,95.15,Chiều,1
Hải Phòng,,6,10.78,Xe Máy,Mưa Bão,0.537279,0.692866,1,1,90.67,Đêm,1.6
Hải Phòng,,2,3.53,Xe ViP,Nhiều Mây,0.374142,0.409523,21,0,85.92,Đêm,1.05
Cần Thơ,,6,15.02,Xe Máy,Mưa Bão,0.600141,0.689308,6,1,93.36,Cao điểm Sáng,2.56
Đà Nẵng,,1,19.01,Xe ViP,Nắng,0.324544,0.506225,5,0,95.85,Chiều,1.27
Đà Nẵng,,4,5.14,Ô Tô 4 Chỗ,Nắng,0.210448,0.674942,10,0,94.11,Cao điểm Tối,1.97
Đà Nẵng,,0,12.32,Xe Máy,Nhiều Mây,0.495901,0.438136,10,0,94.9,Đêm,1
Đà Nẵng,,2,16.06,Xe ViP,Mưa Bão,0.821679,0.461587,4,0,94.41,Chiều,1.19
Hồ Chí Minh,,1,11.28,Ô Tô 4 Chỗ,Nhiều Mây,0.610029,0.482504,19,0,87.14,Cao điểm Tối,1.37
Hà Nội,,5,16.3,Xe ViP,Nắng,0.598914,0.601983,19,1,96.94,Cao điểm Tối,1.2
Hải Phòng,,5,17.24,Xe ViP,Nhiều Mây,0.924914,0.446549,12,1,94.58,Cao điểm Sáng,1
Đà Nẵng,,5,7.22,Ô Tô 4 Chỗ,Mưa,0.320939,0.659494,17,1,90.03,Cao điểm Sáng,2.84
Đà Nẵng,,3,17.68,Ô Tô 4 Chỗ,Nắng,0.745978,0.986373,19,0,90.75,Cao điểm Tối,1.67
Hà Nội,,5,7.01,Xe ViP,Mưa,0.757032,0.577239,8,1,89.09,Chiều,1.21
Hồ Chí Minh,,5,13.5,Xe ViP,Mưa,0.432992,0.735498,19,1,85.66,Chiều,1.76
Cần Thơ,,5,8.83,Xe Máy,Mưa,0.427192,0.463864,14,1,85.6,Cao điểm Sáng,1.74
Đà Nẵng,,3,12.2,Xe ViP,Nhiều Mây,0.673088,0.984166,3,0,96.7,Đêm,1.47
Hà Nội,,6,8.97,Ô Tô 4 Chỗ,Mưa,0.231992,0.681971,20,1,94.25,Đêm,1.87
Hà Nội,,2,18.66,Xe Máy,Mưa,0.761814,0.755393,18,0,87.18,Cao điểm Tối,1.8
Hà Nội,,3,5.21,Xe ViP,Nhiều Mây,0.558862,0.6709,14,0,87.07,Đêm,1.17
Hải Phòng,,4,8.07,Xe ViP,Mưa Bão,0.942939,0.485891,21,0,90.97,Cao điểm Tối,1.58
Hà Nội,,3,18.34,Ô Tô 4 Chỗ,Mưa Bão,0.955672,0.996118,17,0,86.4,Cao điểm Tối,2
Cần Thơ,,1,15.36,Xe Máy,Mưa,0.866024,0.460189,10,0,93.07,Đêm,1.11
Hà Nội,,5,4.3,Xe Máy,Mưa,0.856265,0.50803,15,1,90.61,Cao điểm Tối,1.75
Hà Nội,,6,17.83,Ô Tô 4 Chỗ,Mưa,0.706774,0.60015,16,1,89.93,Chiều,1.24
Hải Phòng,,0,17.99,Ô Tô 4 Chỗ,Nắng,0.756204,0.76667,7,0,87.76,Đêm,1.02
Hà Nội,,6,18.81,Xe Máy,Mưa,0.90521,0.829661,14,1,90.35,Cao điểm Sáng,2.02
Cần Thơ,,4,10.78,Xe Máy,Nắng,0.307096,0.878348,20,0,87.29,Cao điểm Tối,2.11
Hải Phòng,,6,18.61,Xe Máy,Mưa Bão,0.960861,0.433063,14,1,91.88,Đêm,1.14
Hà Nội,,4,14.12,Ô Tô 4 Chỗ,Nhiều Mây,0.646899,0.600119,20,0,92.4,Đêm,1
Hồ Chí Minh,,1,7.6,Xe Máy,Nhiều Mây,0.522514,0.876375,12,0,96.03,Cao điểm Tối,1.69
Hồ Chí Minh,,2,8.33,Xe Máy,Nắng,0.979165,0.454854,15,0,88.16,Đêm,1
Hà Nội,,6,8.1,Ô Tô 4 Chỗ,Nhiều Mây,0.273823,0.601266,12,1,94.39,Chiều,1.49
Hải Phòng,,3,19.69,Xe Máy,Nắng,0.4559,0.68397,2,0,89,Đêm,1.34
Đà Nẵng,,5,10.25,Xe Máy,Mưa Bão,0.505523,0.466157,5,1,97.69,Cao điểm Sáng,1.52
Hà Nội,,6,18.62,Ô Tô 4 Chỗ,Nhiều Mây,0.58464,0.919616,16,1,87.7,Cao điểm Tối,1.81
Cần Thơ,,1,7.06,Xe Máy,Nhiều Mây,0.881633,0.469767,11,0,98.7,Cao điểm Tối,1.22
Hải Phòng,,4,18.42,Xe Máy,Nhiều Mây,0.982859,0.674326,0,0,86.68,Cao điểm Sáng,1.22
Cần Thơ,,2,11.72,Xe Máy,Nhiều Mây,0.380995,0.801776,21,0,94.02,Chiều,1.63
Cần Thơ,,6,13.3,Xe ViP,Mưa,0.58944,0.603546,22,1,97.73,Cao điểm Sáng,2.47
Hồ Chí Minh,,0,15.01,Ô Tô 4 Chỗ,Nhiều Mây,0.26142,0.598925,15,0,95.08,Cao điểm Tối,1.62
Hồ Chí Minh,,1,9.22,Ô Tô 4 Chỗ,Nhiều Mây,0.252084,0.450045,10,0,93.81,Cao điểm Tối,1.52
Hà Nội,,5,16.86,Xe ViP,Nhiều Mây,0.266285,0.685584,17,1,97.86,Chiều,1.63
Hồ Chí Minh,,5,19.64,Xe Máy,Nhiều Mây,0.228386,0.804044,19,1,96.85,Cao điểm Sáng,2.14
Hà Nội,,1,17.2,Xe Máy,Mưa,0.551155,0.49954,7,0,87.63,Đêm,1.29
Đà Nẵng,,5,8.98,Xe Máy,Nắng,0.277777,0.467212,2,1,90.23,Chiều,1.11
Hồ Chí Minh,,3,5.78,Ô Tô 4 Chỗ,Mưa,0.208303,0.855844,21,0,88.81,Cao điểm Sáng,3.45
Đà Nẵng,,3,14.18,Xe ViP,Mưa,0.368753,0.849047,10,0,87.38,Cao điểm Tối,3.14
Đà Nẵng,,6,9.71,Xe Máy,Mưa Bão,0.602257,0.855994,15,1,95.74,Chiều,1.67
Hồ Chí Minh,,4,11.03,Xe Máy,Nhiều Mây,0.280038,0.746805,17,0,85.42,Đêm,1.7
Hồ Chí Minh,,2,12.06,Ô Tô 4 Chỗ,Nhiều Mây,0.856958,0.719192,1,0,97.06,Cao điểm Tối,1.18
Hà Nội,,5,11.8,Xe ViP,Nắng,0.627462,0.59399,15,1,93.23,Chiều,1
Hồ Chí Minh,,0,15.73,Xe ViP,Nhiều Mây,0.966453,0.458246,4,0,88.51,Chiều,1
Đà Nẵng,,6,9.35,Ô Tô 4 Chỗ,Nhiều Mây,0.380671,0.636591,9,1,86.78,Cao điểm Tối,1.48
Hải Phòng,,1,2.94,Xe Máy,Mưa,0.442407,0.647258,22,0,93.68,Đêm,1.7
Cần Thơ,,3,7.5,Xe ViP,Mưa,0.260388,0.802414,0,0,92.92,Chiều,2.16
Cần Thơ,,4,5.47,Ô Tô 4 Chỗ,Nắng,0.754379,0.597484,18,0,88.85,Cao điểm Sáng,1.12
Hà Nội,,3,4.98,Ô Tô 4 Chỗ,Nhiều Mây,0.831312,0.522122,23,0,91.25,Cao điểm Tối,1.12
Hà Nội,,1,14.15,Ô Tô 4 Chỗ,Nhiều Mây,0.512985,0.587692,22,0,95.88,Chiều,1.11
Hồ Chí Minh,,5,18.77,Xe Máy,Nhiều Mây,0.208117,0.883191,23,1,94.8,Đêm,2.01
Đà Nẵng,,1,10.17,Xe ViP,Nhiều Mây,0.500093,0.783286,8,0,88.75,Đêm,1.42
Cần Thơ,,6,18.54,Ô Tô 4 Chỗ,Nắng,0.954802,0.771631,0,1,95.04,Chiều,1
Đà Nẵng,,2,7.81,Ô Tô 4 Chỗ,Mưa Bão,0.716604,0.425483,13,0,95.71,Đêm,1.27
Cần Thơ,,1,16.18,Xe Máy,Nắng,0.681387,0.712643,10,0,90.52,Cao điểm Tối,1.44
Hồ Chí Minh,,5,5.1,Xe Máy,Nhiều Mây,0.467548,0.65154,12,1,92.76,Chiều,1.28
Cần Thơ,,6,7.92,Ô Tô 4 Chỗ,Nắng,0.725583,0.927948,23,1,87.27,Đêm,1.03
Cần Thơ,,6,0.58,Xe ViP,Nắng,0.959552,0.507679,9,1,91.15,Cao điểm Tối,1.26
Hà Nội,,3,6.27,Ô Tô 4 Chỗ,Mưa Bão,0.450018,0.782116,5,0,86.44,Cao điểm Sáng,2.11
Hồ Chí Minh,,5,2.67,Xe Máy,Mưa Bão,0.233122,0.646584,1,1,89.17,Cao điểm Sáng,2.12
Cần Thơ,,5,2.11,Ô Tô 4 Chỗ,Mưa Bão,0.421744,0.433668,8,1,88.39,Cao điểm Sáng,1.63
Hồ Chí Minh,,0,3.24,Ô Tô 4 Chỗ,Mưa Bão,0.462993,0.79151,19,0,96.22,Đêm,1.84
Hải Phòng,,4,9.76,Xe Máy,Nắng,0.880407,0.790884,17,0,86.98,Chiều,1
Hải Phòng,,6,2.31,Xe Máy,Nhiều Mây,0.955202,0.928008,1,1,90.47,Chiều,1
Hà Nội,,0,4.64,Xe ViP,Nhiều Mây,0.284681,0.637913,15,0,96.52,Đêm,1.53
Đà Nẵng,,0,9.37,Xe Máy,Mưa Bão,0.375213,0.876206,14,0,87.24,Đêm,2.05
Cần Thơ,,1,10.64,Xe ViP,Nắng,0.31454,0.978778,2,0,84.89,Cao điểm Sáng,2.17
Cần Thơ,,3,11.75,Ô Tô 4 Chỗ,Mưa Bão,0.271806,0.552472,10,0,85.79,Chiều,1.58
Hà Nội,,4,6.25,Xe ViP,Nắng,0.211751,0.593661,11,0,86.52,Chiều,1.57
Hải Phòng,,5,1.48,Xe Máy,Nhiều Mây,0.764815,0.906996,21,1,98.38,Đêm,1.18
Đà Nẵng,,5,19.94,Xe ViP,Nắng,0.859056,0.982597,11,1,88.5,Chiều,1
Hải Phòng,,5,4.81,Xe Máy,Nắng,0.200082,0.948479,9,1,92.03,Chiều,2.02
Hà Nội,,1,11.71,Ô Tô 4 Chỗ,Nhiều Mây,0.821821,0.762199,22,0,94.78,Chiều,1
Hải Phòng,,5,5.77,Ô Tô 4 Chỗ,Mưa Bão,0.785328,0.780589,17,1,97.52,Đêm,1.36
Cần Thơ,,2,18.21,Xe Máy,Nhiều Mây,0.495518,0.790783,13,0,93.69,Chiều,1.44
Cần Thơ,,4,3.82,Ô Tô 4 Chỗ,Nhiều Mây,0.279402,0.457496,20,0,91.19,Cao điểm Sáng,1.48
Cần Thơ,,5,11.2,Xe ViP,Mưa Bão,0.684495,0.438215,2,1,89.52,Đêm,1.24
Hồ Chí Minh,,4,8.51,Xe Máy,Nắng,0.790121,0.487823,12,0,92.9,Chiều,1
Hải Phòng,,4,16.46,Xe Máy,Mưa,0.860222,0.721921,7,0,97.81,Cao điểm Tối,1.52
Đà Nẵng,,3,5.18,Xe ViP,Nắng,0.480999,0.740034,6,0,96.1,Đêm,1.39
Hải Phòng,,2,19.64,Xe Máy,Nắng,0.90046,0.809331,19,0,96.36,Chiều,1
Đà Nẵng,,3,1.22,Ô Tô 4 Chỗ,Mưa,0.482626,0.510523,12,0,90.55,Đêm,1.28
Đà Nẵng,,2,5.5,Xe Máy,Mưa Bão,0.584302,0.892491,6,0,93.12,Cao điểm Tối,2.34
Hồ Chí Minh,,6,13.16,Xe ViP,Mưa,0.884136,0.439689,15,1,95.78,Cao điểm Tối,2.15
Hà Nội,,4,2.4,Ô Tô 4 Chỗ,Mưa Bão,0.873705,0.720359,5,0,93.46,Cao điểm Sáng,2.03
Đà Nẵng,,4,11.91,Ô Tô 4 Chỗ,Mưa Bão,0.517829,0.810075,14,0,92.51,Cao điểm Sáng,2.17
Hà Nội,,6,3.99,Xe ViP,Nhiều Mây,0.601091,0.667607,13,1,94.27,Đêm,1.1
Đà Nẵng,,1,9.36,Xe Máy,Mưa Bão,0.591187,0.857639,14,0,96.16,Chiều,1.72
Hà Nội,,2,1.41,Ô Tô 4 Chỗ,Nắng,0.560245,0.72574,16,0,99.57,Cao điểm Tối,1.64
Đà Nẵng,,0,5.36,Xe Máy,Mưa Bão,0.691933,0.640505,0,0,94.49,Đêm,1.26
Đà Nẵng,,4,15.37,Ô Tô 4 Chỗ,Mưa Bão,0.296349,0.666489,20,0,84.95,Chiều,1.88
Cần Thơ,,0,19.6,Xe Máy,Nắng,0.95925,0.493461,6,0,90.49,Cao điểm Sáng,1.23
Hồ Chí Minh,,3,2.94,Xe Máy,Nhiều Mây,0.557196,0.867196,8,0,85.72,Cao điểm Tối,1.81
Đà Nẵng,,6,3.56,Ô Tô 4 Chỗ,Mưa,0.924752,0.536281,1,1,95.29,Cao điểm Tối,2.06
Cần Thơ,,1,7.78,Ô Tô 4 Chỗ,Mưa,0.542436,0.550558,8,0,93.58,Cao điểm Tối,1.67
Cần Thơ,,0,17.16,Xe ViP,Mưa Bão,0.752956,0.810768,0,0,92.19,Đêm,1.42
Hà Nội,,6,2.2,Xe ViP,Mưa Bão,0.522248,0.68679,16,1,95.36,Cao điểm Sáng,1.78
Đà Nẵng,,3,1.56,Xe ViP,Mưa Bão,0.411789,0.76604,5,0,97.41,Cao điểm Tối,2.81
Đà Nẵng,,0,4.21,Ô Tô 4 Chỗ,Nhiều Mây,0.791129,0.872724,9,0,88.78,Cao điểm Tối,1.44
Hồ Chí Minh,,4,11.36,Xe Máy,Nhiều Mây,0.871677,0.955301,10,0,96.66,Cao điểm Sáng,1.44
Cần Thơ,,1,8.78,Ô Tô 4 Chỗ,Nhiều Mây,0.58658,0.587871,22,0,87.87,Cao điểm Tối,1.23
Hồ Chí Minh,,1,9.21,Ô Tô 4 Chỗ,Nhiều Mây,0.441331,0.76301,18,0,85.49,Chiều,1.48
Hà Nội,,4,12.67,Xe ViP,Mưa,0.754483,0.667556,2,0,97.27,Cao điểm Tối,2.44
Cần Thơ,,3,12.67,Xe Máy,Mưa Bão,0.75104,0.748208,19,0,88.17,Đêm,1.16
Cần Thơ,,4,5.86,Xe Máy,Mưa,0.739742,0.899432,19,0,85.68,Cao điểm Sáng,2.07
Cần Thơ,,1,11.76,Xe ViP,Mưa Bão,0.84601,0.684257,15,0,96.24,Đêm,1.25
Đà Nẵng,,4,10.14,Xe ViP,Mưa Bão,0.294953,0.658096,8,0,98,Cao điểm Sáng,2.31
Hà Nội,,6,9.86,Ô Tô 4 Chỗ,Nắng,0.72933,0.883147,10,1,86.04,Chiều,1.23
Hà Nội,,3,8.07,Ô Tô 4 Chỗ,Nhiều Mây,0.270556,0.791442,2,0,88.4,Cao điểm Tối,2.14
Hồ Chí Minh,,4,6.09,Ô Tô 4 Chỗ,Nắng,0.518574,0.834001,17,0,96.77,Chiều,1.47
Hải Phòng,,5,4.25,Xe Máy,Mưa,0.218052,0.552437,15,1,85.43,Đêm,1.67
Hồ Chí Minh,,0,3.75,Xe Máy,Mưa Bão,0.685183,0.547349,1,0,92.5,Đêm,1.27
Cần Thơ,,4,8.43,Xe Máy,Nhiều Mây,0.773802,0.457013,1,0,96.09,Chiều,1
Hà Nội,,4,7.13,Xe ViP,Mưa Bão,0.678838,0.461313,12,0,96.88,Cao điểm Tối,1.68
Hà Nội,,0,1.48,Ô Tô 4 Chỗ,Mưa,0.831155,0.684308,8,0,84.83,Cao điểm Sáng,1.81
Đà Nẵng,,0,2.7,Ô Tô 4 Chỗ,Mưa,0.444741,0.891516,3,0,87.34,Đêm,1.89
Đà Nẵng,,6,19.33,Xe ViP,Nhiều Mây,0.931594,0.422281,0,1,97.81,Cao điểm Tối,1.16
Hồ Chí Minh,,3,17.44,Xe Máy,Nắng,0.463959,0.692301,0,0,86.91,Chiều,1.34
Hồ Chí Minh,,4,18.27,Xe Máy,Mưa Bão,0.50719,0.785639,12,0,86.88,Cao điểm Tối,2.27
Hà Nội,,0,19.72,Xe ViP,Mưa Bão,0.665879,0.937671,2,0,87.13,Chiều,1.8
Đà Nẵng,,4,19.05,Ô Tô 4 Chỗ,Nhiều Mây,0.981393,0.514511,0,0,85.91,Cao điểm Tối,1.28
Hồ Chí Minh,,6,8.49,Ô Tô 4 Chỗ,Nhiều Mây,0.496454,0.629017,16,1,88.13,Cao điểm Sáng,1.59
Cần Thơ,,3,18.14,Ô Tô 4 Chỗ,Nắng,0.701666,0.612442,15,0,97.88,Đêm,1
Hải Phòng,,0,6.59,Ô Tô 4 Chỗ,Mưa Bão,0.928881,0.561577,21,0,96.24,Cao điểm Sáng,2.04
Hồ Chí Minh,,6,0.55,Ô Tô 4 Chỗ,Mưa Bão,0.205333,0.72103,11,1,88.3,Đêm,1.92
Hồ Chí Minh,,4,9.55,Ô Tô 4 Chỗ,Nhiều Mây,0.945002,0.838901,2,0,96.91,Cao điểm Tối,1.37
Hà Nội,,6,18.72,Xe Máy,Mưa Bão,0.837602,0.926551,15,1,93.88,Chiều,1.43
Hồ Chí Minh,,5,4.21,Xe Máy,Nắng,0.944973,0.890838,17,1,85.83,Chiều,1
Hà Nội,,2,8.14,Ô Tô 4 Chỗ,Nhiều Mây,0.44309,0.633307,12,0,96.81,Cao điểm Tối,1.39
Đà Nẵng,,0,16.56,Xe Máy,Mưa,0.406426,0.413492,18,0,98.27,Đêm,1.14
Cần Thơ,,4,1,Xe ViP,Nhiều Mây,0.729044,0.429742,1,0,86.51,Cao điểm Tối,1.28
Cần Thơ,,1,4.63,Xe ViP,Nắng,0.363266,0.466355,20,0,91.43,Chiều,1.15
Cần Thơ,,3,15,Ô Tô 4 Chỗ,Nắng,0.325207,0.694486,22,0,94.88,Cao điểm Tối,1.66
Hà Nội,,4,11.32,Ô Tô 4 Chỗ,Mưa Bão,0.939252,0.48548,18,0,88.85,Cao điểm Sáng,1.83
Hà Nội,,1,15.17,Ô Tô 4 Chỗ,Mưa,0.573244,0.776277,21,0,90.67,Cao điểm Sáng,2.57
Hà Nội,,6,3.66,Ô Tô 4 Chỗ,Nhiều Mây,0.746445,0.694803,11,1,90.75,Cao điểm Tối,1.2
Hà Nội,,4,5.55,Xe ViP,Nắng,0.502726,0.637863,0,0,86.69,Đêm,1.2
Hà Nội,,3,0.95,Ô Tô 4 Chỗ,Mưa Bão,0.674448,0.921874,3,0,91.1,Cao điểm Tối,1.91
Hải Phòng,,0,1.14,Xe ViP,Mưa Bão,0.740201,0.668121,21,0,98.49,Đêm,1.36
Hồ Chí Minh,,1,8.89,Xe ViP,Nhiều Mây,0.887993,0.632162,8,0,84.29,Chiều,1
Hồ Chí Minh,,1,11.92,Xe ViP,Nắng,0.265234,0.648029,18,0,95.81,Đêm,1.57
Hải Phòng,,4,17.37,Ô Tô 4 Chỗ,Mưa,0.609239,0.475273,14,0,88.88,Cao điểm Tối,2.08
Cần Thơ,,1,11.12,Xe ViP,Nắng,0.896586,0.904591,13,0,96.61,Cao điểm Tối,1.36
Đà Nẵng,,2,3.02,Ô Tô 4 Chỗ,Nắng,0.819427,0.918119,2,0,96.96,Đêm,1.15
Hải Phòng,,2,11.05,Ô Tô 4 Chỗ,Nhiều Mây,0.785045,0.826088,20,0,95.94,Chiều,1.06
Cần Thơ,,0,2.32,Xe Máy,Mưa,0.463954,0.661798,10,0,83.81,Cao điểm Sáng,2.41
Đà Nẵng,,4,18.38,Xe Máy,Mưa,0.898547,0.66119,11,0,86.95,Đêm,1.15
Hồ Chí Minh,,6,8.14,Xe Máy,Nhiều Mây,0.837094,0.583842,8,1,96.85,Đêm,1
Đà Nẵng,,0,15.33,Ô Tô 4 Chỗ,Mưa,0.817227,0.811298,19,0,96.33,Cao điểm Tối,1.9
Cần Thơ,,2,6.87,Xe ViP,Nắng,0.294956,0.565783,14,0,96.08,Cao điểm Tối,1.69
Hà Nội,,5,8.65,Xe Máy,Mưa Bão,0.836179,0.690454,21,1,87.28,Cao điểm Tối,2.39
Cần Thơ,,2,11.49,Xe Máy,Nắng,0.808929,0.952495,6,0,84.94,Cao điểm Tối,1.47
Hải Phòng,,6,19.12,Ô Tô 4 Chỗ,Nhiều Mây,0.712514,0.608653,8,1,87.11,Cao điểm Tối,1.18
Đà Nẵng,,5,8.18,Ô Tô 4 Chỗ,Mưa Bão,0.466187,0.732969,1,1,96.78,Cao điểm Tối,2.45
Cần Thơ,,0,19.37,Xe ViP,Mưa Bão,0.271397,0.769934,18,0,96.29,Cao điểm Tối,2.92
Cần Thơ,,0,9.6,Ô Tô 4 Chỗ,Nhiều Mây,0.779186,0.477875,16,0,90.85,Chiều,1
Hồ Chí Minh,,4,18.74,Xe ViP,Mưa,0.254843,0.646761,8,0,87.91,Cao điểm Sáng,2.47
Hà Nội,,4,9.94,Xe ViP,Mưa Bão,0.913948,0.810593,16,0,89.19,Cao điểm Tối,1.76
Cần Thơ,,3,4.78,Xe ViP,Nắng,0.910044,0.537913,3,0,90.54,Chiều,1
Hải Phòng,,5,3.15,Xe ViP,Mưa,0.214965,0.820813,7,1,85.37,Cao điểm Sáng,2.65
Đà Nẵng,,3,0.82,Xe ViP,Mưa,0.99537,0.774929,19,0,93.16,Cao điểm Sáng,1.73
Đà Nẵng,,6,5.42,Ô Tô 4 Chỗ,Nắng,0.529215,0.977552,1,1,90.35,Cao điểm Tối,1.78
Đà Nẵng,,0,19.7,Xe ViP,Nhiều Mây,0.352451,0.925696,5,0,83.61,Đêm,1.86
Cần Thơ,,1,15.29,Xe Máy,Nắng,0.390309,0.914943,2,0,90.77,Cao điểm Sáng,2.14
Hà Nội,,5,13.35,Xe Máy,Nắng,0.934969,0.810754,23,1,91.24,Chiều,1
Đà Nẵng,,6,12.27,Xe Máy,Mưa,0.763039,0.999852,0,1,94.39,Chiều,1.53
Đà Nẵng,,0,17.33,Xe Máy,Mưa,0.796806,0.932264,20,0,85.33,Cao điểm Sáng,1.82
Hà Nội,,3,9.34,Xe ViP,Mưa Bão,0.58761,0.779738,21,0,92.33,Chiều,1.39
Hà Nội,,0,15.07,Xe Máy,Mưa,0.762049,0.41882,4,0,98.64,Cao điểm Sáng,2.26
Hồ Chí Minh,,0,12.41,Xe Máy,Nắng,0.769011,0.584611,13,0,85.32,Chiều,1
Hải Phòng,,4,7.23,Xe Máy,Nhiều Mây,0.938024,0.995701,0,0,94.19,Cao điểm Tối,1.47
Cần Thơ,,1,15.32,Ô Tô 4 Chỗ,Mưa Bão,0.539576,0.810418,14,0,94.43,Cao điểm Sáng,2.67
Cần Thơ,,4,9.94,Xe Máy,Nắng,0.492292,0.759699,15,0,85.84,Cao điểm Sáng,1.78
Cần Thơ,,1,10.66,Ô Tô 4 Chỗ,Nắng,0.586824,0.761152,1,0,88.33,Cao điểm Tối,1.6
Hải Phòng,,1,13.94,Xe ViP,Mưa,0.982324,0.400765,22,0,92.44,Đêm,1.27
Hải Phòng,,3,11.14,Xe Máy,Nhiều Mây,0.276412,0.746928,9,0,88.52,Chiều,1.71
Hà Nội,,1,16.79,Ô Tô 4 Chỗ,Nắng,0.248941,0.761363,22,0,88.5,Cao điểm Tối,1.95
Cần Thơ,,6,16.94,Ô Tô 4 Chỗ,Nhiều Mây,0.979375,0.783951,2,1,87.25,Cao điểm Sáng,1.05
Đà Nẵng,,6,17.94,Ô Tô 4 Chỗ,Mưa,0.541537,0.803604,12,1,91.6,Đêm,1.71
Hồ Chí Minh,,2,10.6,Xe Máy,Nhiều Mây,0.214772,0.516491,0,0,95.12,Cao điểm Tối,1.58
Hà Nội,,1,6.34,Ô Tô 4 Chỗ,Mưa Bão,0.689331,0.512104,23,0,97.55,Cao điểm Tối,1.79
Cần Thơ,,5,14.76,Ô Tô 4 Chỗ,Mưa Bão,0.270109,0.609319,12,1,87.2,Cao điểm Sáng,2.09
Hải Phòng,,5,6.31,Xe Máy,Mưa Bão,0.411574,0.467051,8,1,94.29,Cao điểm Tối,2.54
Cần Thơ,,6,11.47,Ô Tô 4 Chỗ,Nhiều Mây,0.666967,0.620177,19,1,91.99,Cao điểm Tối,1.18
Hồ Chí Minh,,0,15.25,Xe Máy,Mưa,0.528821,0.432336,15,0,99.07,Chiều,1.17
Hà Nội,,0,4.54,Xe ViP,Nhiều Mây,0.211326,0.855631,23,0,95.64,Chiều,1.97
Hải Phòng,,2,4.1,Xe ViP,Mưa Bão,0.20595,0.591606,10,0,91.57,Cao điểm Tối,2.49
Hà Nội,,6,12.13,Ô Tô 4 Chỗ,Nhiều Mây,0.754257,0.498522,22,1,97.06,Chiều,1
Hải Phòng,,4,7.17,Xe ViP,Nắng,0.658992,0.701385,12,0,91.41,Cao điểm Sáng,1.22
Hồ Chí Minh,,2,8.26,Ô Tô 4 Chỗ,Mưa,0.226403,0.577741,20,0,84.4,Cao điểm Sáng,2.47
Hà Nội,,0,13.66,Ô Tô 4 Chỗ,Mưa,0.216636,0.793023,7,0,91.36,Cao điểm Sáng,2.55
Cần Thơ,,4,6.57,Ô Tô 4 Chỗ,Mưa Bão,0.969574,0.544547,14,0,89.86,Cao điểm Tối,1.95
Hồ Chí Minh,,2,10.59,Xe Máy,Nhiều Mây,0.674552,0.748225,14,0,95.12,Chiều,1.11
Hải Phòng,,1,9.58,Xe ViP,Nắng,0.811315,0.410413,17,0,85.4,Cao điểm Tối,1.32
Hà Nội,,6,12.16,Xe Máy,Mưa Bão,0.825088,0.528028,19,1,91.78,Chiều,1.13
Hải Phòng,,2,16.62,Xe Máy,Mưa,0.438238,0.743273,16,0,87.64,Chiều,1.61
Hải Phòng,,5,10.58,Xe Máy,Mưa Bão,0.333439,0.624715,18,1,95.44,Cao điểm Sáng,2.53
Hải Phòng,,4,18.61,Ô Tô 4 Chỗ,Nhiều Mây,0.745959,0.715873,9,0,85.94,Cao điểm Sáng,1.17
Hà Nội,,5,4.69,Xe Máy,Mưa Bão,0.985912,0.859204,10,1,96.99,Cao điểm Sáng,1.97
Hồ Chí Minh,,6,4.43,Ô Tô 4 Chỗ,Nắng,0.657291,0.482636,6,1,84.69,Cao điểm Tối,1.14
Cần Thơ,,2,11.41,Ô Tô 4 Chỗ,Nhiều Mây,0.631545,0.602793,8,0,84.31,Chiều,1
Hà Nội,,6,14.89,Xe ViP,Mưa Bão,0.274712,0.916911,11,1,86.14,Cao điểm Tối,2.84
Cần Thơ,,5,4.27,Xe Máy,Nhiều Mây,0.281219,0.870922,19,1,93.04,Chiều,1.86
Hà Nội,,6,4.29,Xe ViP,Nhiều Mây,0.367957,0.737248,16,1,87.8,Cao điểm Tối,1.76
Hà Nội,,2,12.05,Xe Máy,Mưa,0.338525,0.402086,4,0,88.12,Cao điểm Sáng,2.08
Hà Nội,,4,5.86,Ô Tô 4 Chỗ,Nhiều Mây,0.734006,0.46596,3,0,84.35,Cao điểm Tối,1.21
Hồ Chí Minh,,2,9.48,Ô Tô 4 Chỗ,Mưa,0.460029,0.677141,7,0,90.19,Cao điểm Sáng,2.59
Cần Thơ,,4,19.99,Xe Máy,Mưa,0.298907,0.753072,21,0,92.8,Cao điểm Sáng,2.9
Hải Phòng,,2,4.03,Xe ViP,Mưa,0.605203,0.613104,15,0,86.79,Chiều,1.39
Hải Phòng,,1,17.6,Xe ViP,Mưa Bão,0.310395,0.615079,5,0,87.72,Đêm,1.74
Đà Nẵng,,6,14.74,Xe ViP,Mưa,0.512081,0.49666,21,1,88.57,Chiều,1.33
Cần Thơ,,0,15.65,Ô Tô 4 Chỗ,Mưa Bão,0.271235,0.931817,22,0,90.66,Đêm,2.28
Cần Thơ,,1,18.26,Xe ViP,Nhiều Mây,0.287496,0.478064,11,0,89.43,Đêm,1.29
Đà Nẵng,,4,1.82,Ô Tô 4 Chỗ,Mưa Bão,0.598364,0.49475,10,0,91.2,Cao điểm Sáng,2.49
Hải Phòng,,2,3.43,Xe Máy,Nắng,0.803388,0.693913,14,0,89.42,Đêm,1
Đà Nẵng,,1,9.74,Ô Tô 4 Chỗ,Mưa,0.43258,0.778079,5,0,97.05,Đêm,1.67
Hải Phòng,,1,3.72,Xe Máy,Nhiều Mây,0.708486,0.546741,19,0,90.07,Chiều,1
Hà Nội,,6,3.37,Ô Tô 4 Chỗ,Mưa,0.469919,0.526582,1,1,94.1,Cao điểm Sáng,1.59
Cần Thơ,,5,1.24,Xe ViP,Mưa,0.983941,0.703815,13,1,86.69,Cao điểm Tối,1.78
Đà Nẵng,,0,8,Xe ViP,Mưa,0.495279,0.671524,13,0,95.01,Chiều,1.55
Hồ Chí Minh,,6,13.78,Xe ViP,Nắng,0.841337,0.571554,14,1,90.87,Cao điểm Sáng,1.37
Đà Nẵng,,5,15.6,Xe ViP,Nắng,0.298891,0.597067,2,1,93.4,Chiều,1.41
Cần Thơ,,0,11.87,Ô Tô 4 Chỗ,Nắng,0.673802,0.443173,22,0,87.08,Cao điểm Tối,1.31
Cần Thơ,,1,10.09,Xe Máy,Mưa,0.719602,0.590623,1,0,94.99,Đêm,1.24
Hồ Chí Minh,,0,3.78,Xe Máy,Mưa Bão,0.870165,0.857308,19,0,88.86,Chiều,1.39
Hồ Chí Minh,,0,9.96,Xe Máy,Mưa,0.7084,0.997661,19,0,91.7,Cao điểm Sáng,2.46
Hà Nội,,2,19.96,Xe Máy,Nắng,0.723347,0.881914,3,0,86.31,Cao điểm Sáng,1.39
Cần Thơ,,1,13.91,Ô Tô 4 Chỗ,Mưa Bão,0.535965,0.781463,6,0,90.93,Cao điểm Tối,2.4
Cần Thơ,,3,4.98,Xe Máy,Nhiều Mây,0.873311,0.571885,13,0,89.73,Cao điểm Sáng,1.23
Cần Thơ,,0,13.95,Xe ViP,Nhiều Mây,0.415822,0.428481,5,0,95.13,Cao điểm Tối,1.36
Cần Thơ,,1,18.08,Xe ViP,Mưa Bão,0.89964,0.933764,22,0,96.6,Đêm,1.2
Đà Nẵng,,6,16.61,Ô Tô 4 Chỗ,Nắng,0.408869,0.585198,11,1,87.08,Cao điểm Sáng,1.2
Đà Nẵng,,1,16.37,Xe ViP,Mưa Bão,0.531796,0.736949,20,0,84.56,Cao điểm Sáng,1.93
Hồ Chí Minh,,4,3.53,Ô Tô 4 Chỗ,Mưa,0.73989,0.930312,21,0,85.39,Cao điểm Sáng,2.5
Hồ Chí Minh,,1,14.74,Xe Máy,Mưa,0.58168,0.996101,23,0,89.4,Cao điểm Sáng,3.04
Hồ Chí Minh,,2,7.68,Xe ViP,Nắng,0.758664,0.884554,0,0,95.64,Cao điểm Tối,1.43
Hà Nội,,5,14.08,Xe Máy,Nắng,0.562735,0.578181,7,1,94.73,Cao điểm Tối,1.19
Hải Phòng,,6,2.86,Ô Tô 4 Chỗ,Nắng,0.873565,0.704788,9,1,93,Chiều,1
Cần Thơ,,5,13.95,Ô Tô 4 Chỗ,Nhiều Mây,0.434108,0.739045,14,1,84.13,Cao điểm Tối,1.62
Đà Nẵng,,2,1.96,Xe ViP,Mưa Bão,0.517257,0.490797,1,0,96.97,Đêm,1.29
Hà Nội,,2,19.79,Ô Tô 4 Chỗ,Nhiều Mây,0.892298,0.827349,3,0,86.46,Cao điểm Sáng,1.12
Hà Nội,,4,19.17,Xe Máy,Mưa,0.368157,0.870526,18,0,95.88,Đêm,2.08
Cần Thơ,,4,1.45,Xe Máy,Nắng,0.944333,0.770849,19,0,95.72,Cao điểm Sáng,1.22
Đà Nẵng,,3,3.05,Xe ViP,Nắng,0.673286,0.670824,20,0,86.86,Đêm,1
Hồ Chí Minh,,0,14.05,Xe Máy,Nắng,0.941092,0.841362,6,0,89.14,Chiều,1
Hải Phòng,,0,4.47,Xe Máy,Mưa,0.451966,0.782054,20,0,88.3,Chiều,1.81
Hà Nội,,5,15.88,Ô Tô 4 Chỗ,Nắng,0.988418,0.819342,12,1,90.44,Chiều,1
Hồ Chí Minh,,4,16.22,Xe Máy,Mưa Bão,0.478075,0.803398,4,0,98.41,Chiều,1.71
Hồ Chí Minh,,1,3.82,Xe ViP,Nhiều Mây,0.954785,0.770249,4,0,91.22,Cao điểm Tối,1.4
Đà Nẵng,,6,16.29,Ô Tô 4 Chỗ,Mưa Bão,0.784515,0.486353,16,1,89.17,Đêm,1.36
Đà Nẵng,,3,1.67,Ô Tô 4 Chỗ,Nắng,0.648899,0.690507,5,0,98.91,Chiều,1.06
Hải Phòng,,1,2.52,Xe ViP,Mưa Bão,0.360014,0.84541,2,0,94.57,Chiều,1.89
Đà Nẵng,,1,17.02,Xe Máy,Mưa,0.20284,0.841239,14,0,95.6,Chiều,2.17
Hồ Chí Minh,,6,16.11,Xe Máy,Nắng,0.421371,0.740031,11,1,95.69,Chiều,1.48
Hồ Chí Minh,,3,17.5,Xe Máy,Mưa,0.528493,0.924676,17,0,88.01,Chiều,1.7
Hải Phòng,,2,5.51,Xe Máy,Mưa,0.476444,0.490537,10,0,96.04,Cao điểm Tối,2.31
Đà Nẵng,,0,18.79,Xe ViP,Mưa,0.874206,0.515459,11,0,89.69,Cao điểm Sáng,1.9
Đà Nẵng,,5,11.82,Xe Máy,Nhiều Mây,0.269169,0.737924,17,1,90.36,Cao điểm Tối,1.87
Hồ Chí Minh,,1,11.18,Xe ViP,Nắng,0.504772,0.991163,13,0,88.03,Cao điểm Sáng,1.83
Đà Nẵng,,4,17.02,Xe Máy,Nắng,0.320807,0.894989,9,0,89.27,Cao điểm Tối,2.18
Cần Thơ,,3,17.06,Xe Máy,Nắng,0.568023,0.950616,17,0,98.45,Đêm,1.57
Hải Phòng,,1,15.32,Ô Tô 4 Chỗ,Mưa Bão,0.982917,0.963388,8,0,95.21,Đêm,1.2
Hà Nội,,3,0.74,Ô Tô 4 Chỗ,Nắng,0.926042,0.508499,23,0,84.28,Cao điểm Tối,1.26
Hà Nội,,6,15.93,Ô Tô 4 Chỗ,Mưa Bão,0.399623,0.718567,19,1,98.77,Đêm,1.81
Cần Thơ,,6,9.48,Xe Máy,Mưa,0.463383,0.410942,16,1,85.46,Đêm,1.29
Hà Nội,,0,18.41,Xe Máy,Nắng,0.863931,0.597538,13,0,96.78,Cao điểm Tối,1.16
Hồ Chí Minh,,3,14.62,Ô Tô 4 Chỗ,Mưa Bão,0.895773,0.587481,17,0,90.02,Chiều,1.16
Hải Phòng,,2,15.4,Xe ViP,Nhiều Mây,0.554666,0.555234,4,0,83.85,Đêm,1
Hồ Chí Minh,,0,15.54,Xe Máy,Mưa Bão,0.877145,0.409996,13,0,85.55,Cao điểm Tối,1.75
Đà Nẵng,,2,6.51,Xe ViP,Nắng,0.525243,0.963909,3,0,93.24,Chiều,1.66
Đà Nẵng,,4,9.86,Xe Máy,Nắng,0.401042,0.846423,11,0,96.36,Đêm,1.67
Hải Phòng,,2,16.21,Xe Máy,Mưa Bão,0.748758,0.794045,3,0,86.34,Đêm,1.42
Hải Phòng,,5,7.1,Xe ViP,Mưa,0.570266,0.626345,14,1,89.39,Cao điểm Tối,1.63
Hà Nội,,2,16.9,Ô Tô 4 Chỗ,Nhiều Mây,0.664861,0.574914,6,0,95.4,Cao điểm Tối,1.3
Đà Nẵng,,3,12.64,Xe ViP,Nắng,0.761736,0.461591,12,0,93.17,Chiều,1
Đà Nẵng,,2,14.34,Xe Máy,Nắng,0.453409,0.419786,10,0,86.99,Cao điểm Sáng,1.22
Đà Nẵng,,5,13.6,Xe ViP,Nhiều Mây,0.890694,0.818527,4,1,97.17,Cao điểm Sáng,1.06
Hồ Chí Minh,,4,14.33,Xe ViP,Mưa,0.71756,0.421206,3,0,86.26,Cao điểm Sáng,2.26
Hải Phòng,,0,15.21,Xe ViP,Mưa Bão,0.286071,0.990552,10,0,92.96,Cao điểm Sáng,3.25
Hồ Chí Minh,,3,12.53,Ô Tô 4 Chỗ,Mưa,0.492756,0.473846,20,0,86.99,Cao điểm Tối,1.52
Hồ Chí Minh,,2,12.7,Ô Tô 4 Chỗ,Mưa,0.459706,0.914092,7,0,86.31,Cao điểm Sáng,2.22
Hà Nội,,3,5.38,Xe ViP,Nhiều Mây,0.94897,0.491598,14,0,87.06,Cao điểm Sáng,1.2
Hồ Chí Minh,,6,6.02,Ô Tô 4 Chỗ,Nhiều Mây,0.983247,0.601278,2,1,98.18,Đêm,1
Hà Nội,,1,17.81,Ô Tô 4 Chỗ,Nhiều Mây,0.675883,0.529312,11,0,93.43,Đêm,1
Hà Nội,,4,8.34,Ô Tô 4 Chỗ,Nhiều Mây,0.336832,0.789896,22,0,87.74,Cao điểm Sáng,1.85
Cần Thơ,,1,10.42,Xe Máy,Mưa Bão,0.930274,0.81547,20,0,95.14,Đêm,1.25
Hồ Chí Minh,,4,6.42,Ô Tô 4 Chỗ,Mưa Bão,0.232961,0.961625,4,0,88.57,Cao điểm Sáng,2.97
Hồ Chí Minh,,1,17.57,Xe ViP,Nhiều Mây,0.369105,0.668521,5,0,97.31,Cao điểm Sáng,1.58
Hải Phòng,,2,17.19,Xe ViP,Mưa,0.795999,0.915695,10,0,89.21,Cao điểm Sáng,2.09
Hải Phòng,,2,10.77,Xe Máy,Mưa Bão,0.834652,0.531344,15,0,87.52,Cao điểm Tối,2.28
Cần Thơ,,3,11.31,Xe ViP,Mưa Bão,0.584774,0.82905,23,0,88.2,Chiều,1.47
Hồ Chí Minh,,2,7.4,Ô Tô 4 Chỗ,Mưa,0.719688,0.850572,23,0,91.61,Cao điểm Tối,2.06
Cần Thơ,,0,16.1,Xe Máy,Nắng,0.73336,0.586643,3,0,92.39,Cao điểm Tối,1.39
Cần Thơ,,2,18.86,Xe ViP,Nhiều Mây,0.853944,0.796234,13,0,96.64,Chiều,1
Hải Phòng,,0,0.59,Xe ViP,Nắng,0.620963,0.661836,20,0,87.33,Cao điểm Sáng,1.34
Hà Nội,,2,10.73,Xe Máy,Mưa Bão,0.577371,0.492329,2,0,94.12,Đêm,1.21
Cần Thơ,,3,1.19,Xe ViP,Nhiều Mây,0.517042,0.57548,22,0,95.15,Chiều,1.09
Hải Phòng,,2,2.43,Xe ViP,Nhiều Mây,0.798165,0.712343,21,0,96.31,Chiều,1
Đà Nẵng,,1,13.02,Xe ViP,Mưa Bão,0.581729,0.957018,14,0,90.06,Đêm,1.85
Hải Phòng,,6,13.88,Xe Máy,Mưa Bão,0.696108,0.544622,23,1,92.88,Chiều,1.39
Hải Phòng,,5,7.28,Xe Máy,Mưa,0.331253,0.605443,10,1,85.24,Chiều,1.61
Cần Thơ,,4,8.35,Xe ViP,Mưa,0.552095,0.704688,16,0,96.14,Cao điểm Tối,2.35
Hà Nội,,2,5.84,Ô Tô 4 Chỗ,Nắng,0.201876,0.820178,22,0,97.06,Cao điểm Tối,2.14
Đà Nẵng,,3,1.11,Ô Tô 4 Chỗ,Mưa,0.555276,0.501994,10,0,85.95,Cao điểm Sáng,2.04
Hà Nội,,2,18.92,Ô Tô 4 Chỗ,Mưa Bão,0.839468,0.432449,4,0,91.67,Chiều,1.18
Hà Nội,,3,9.99,Ô Tô 4 Chỗ,Nắng,0.867936,0.698477,1,0,86.84,Cao điểm Tối,1.17
Hải Phòng,,4,1.97,Ô Tô 4 Chỗ,Nhiều Mây,0.364233,0.739893,21,0,86.27,Chiều,1.56
Đà Nẵng,,4,1.96,Ô Tô 4 Chỗ,Nhiều Mây,0.462505,0.543571,12,0,97.13,Cao điểm Tối,1.43
Hải Phòng,,5,19.14,Xe Máy,Mưa Bão,0.2193,0.866327,1,1,95.53,Chiều,2.17
Đà Nẵng,,6,11.8,Xe Máy,Nắng,0.829464,0.905052,1,1,88.67,Chiều,1
Cần Thơ,,1,13.41,Ô Tô 4 Chỗ,Mưa,0.404983,0.675898,18,0,85.64,Đêm,1.58
Hải Phòng,,1,19.98,Ô Tô 4 Chỗ,Nhiều Mây,0.503383,0.590532,9,0,90.82,Cao điểm Tối,1.35
Hà Nội,,5,9.32,Ô Tô 4 Chỗ,Mưa,0.743055,0.792913,16,1,89.04,Cao điểm Tối,2.12
Hải Phòng,,5,13.08,Xe Máy,Mưa Bão,0.461554,0.562731,15,1,95.08,Cao điểm Tối,2.34
Hồ Chí Minh,,4,13.98,Xe ViP,Nắng,0.929193,0.853558,10,0,97.94,Cao điểm Sáng,1.3
Hà Nội,,3,14.33,Ô Tô 4 Chỗ,Nhiều Mây,0.627953,0.988058,6,0,93.12,Cao điểm Sáng,1.69
Đà Nẵng,,3,5.58,Ô Tô 4 Chỗ,Nắng,0.328806,0.897646,13,0,97.87,Cao điểm Sáng,2.06
Hà Nội,,2,11.64,Xe ViP,Nắng,0.645168,0.68921,7,0,95.85,Đêm,1.07
Hồ Chí Minh,,1,9.73,Ô Tô 4 Chỗ,Mưa,0.305262,0.772229,10,0,85.8,Cao điểm Sáng,2.69
Hải Phòng,,1,16.19,Ô Tô 4 Chỗ,Nhiều Mây,0.70504,0.748169,14,0,91.39,Cao điểm Tối,1.32
Hải Phòng,,2,17.51,Ô Tô 4 Chỗ,Mưa,0.854986,0.98598,22,0,95.7,Cao điểm Sáng,1.82
Hải Phòng,,0,17.58,Ô Tô 4 Chỗ,Nhiều Mây,0.562577,0.45637,20,0,93.63,Đêm,1
Đà Nẵng,,1,16.95,Ô Tô 4 Chỗ,Mưa Bão,0.318715,0.561222,15,0,92.59,Cao điểm Sáng,2.78
Hà Nội,,3,19.66,Ô Tô 4 Chỗ,Nắng,0.212284,0.658047,15,0,99.99,Chiều,1.67
Hải Phòng,,5,4.66,Xe ViP,Nắng,0.728315,0.894749,19,1,87.35,Cao điểm Sáng,1.3
Hà Nội,,2,17.68,Xe Máy,Mưa,0.76127,0.406588,10,0,93.97,Cao điểm Tối,2.25
Hải Phòng,,1,2.16,Xe Máy,Mưa,0.746112,0.92126,17,0,95.87,Đêm,1.66
Hải Phòng,,0,7.96,Xe Máy,Nhiều Mây,0.43944,0.514942,5,0,97.89,Cao điểm Tối,1.32
Hà Nội,,0,14.81,Ô Tô 4 Chỗ,Nhiều Mây,0.617497,0.458675,20,0,95.23,Cao điểm Sáng,1.22
Hà Nội,,4,16.5,Xe Máy,Nhiều Mây,0.824467,0.883129,11,0,95.75,Chiều,1.09
Đà Nẵng,,2,3.99,Xe ViP,Nắng,0.908965,0.49285,22,0,89,Cao điểm Tối,1.29
Đà Nẵng,,0,5.19,Xe Máy,Mưa,0.583073,0.592891,23,0,97.98,Cao điểm Tối,2.1
Hồ Chí Minh,,2,1.1,Xe Máy,Mưa,0.202822,0.749911,12,0,86.87,Đêm,2.1
Hải Phòng,,6,16.36,Ô Tô 4 Chỗ,Nắng,0.213148,0.55429,17,1,85.09,Cao điểm Sáng,1.9
Hà Nội,,2,5.49,Xe ViP,Nắng,0.976504,0.80345,9,0,90.08,Đêm,1
Cần Thơ,,6,15.46,Ô Tô 4 Chỗ,Nắng,0.867646,0.563042,11,1,93.77,Chiều,1
Hải Phòng,,2,9.18,Xe ViP,Mưa,0.874873,0.46411,7,0,95.88,Chiều,1.27
Cần Thơ,,4,18.25,Ô Tô 4 Chỗ,Nhiều Mây,0.864081,0.763231,23,0,94.79,Đêm,1
Cần Thơ,,3,14.11,Xe Máy,Nắng,0.982165,0.722513,21,0,94.81,Chiều,1
Cần Thơ,,6,17.64,Xe Máy,Mưa,0.611628,0.557647,3,1,95.18,Chiều,1.22
Cần Thơ,,3,4.18,Ô Tô 4 Chỗ,Nắng,0.373698,0.623444,8,0,97.83,Cao điểm Tối,1.55
Hải Phòng,,4,4.51,Xe ViP,Nhiều Mây,0.963182,0.671115,13,0,88.46,Cao điểm Sáng,1.19
Hồ Chí Minh,,2,19.76,Ô Tô 4 Chỗ,Nắng,0.99131,0.988518,12,0,87.45,Cao điểm Sáng,1.23
Cần Thơ,,0,15.31,Xe ViP,Mưa Bão,0.722645,0.796961,1,0,94.47,Cao điểm Tối,1.66
Hải Phòng,,1,12.45,Ô Tô 4 Chỗ,Mưa Bão,0.356247,0.632408,23,0,84.22,Chiều,1.78
Hải Phòng,,1,12.86,Xe ViP,Nhiều Mây,0.976633,0.680708,17,0,99.03,Chiều,1
Hồ Chí Minh,,6,18.01,Xe Máy,Mưa Bão,0.25691,0.587843,11,1,98.2,Cao điểm Tối,2.63
Hà Nội,,5,7.4,Xe Máy,Nhiều Mây,0.961555,0.797219,12,1,96.57,Cao điểm Tối,1.28
Hà Nội,,5,19.04,Xe ViP,Nắng,0.724083,0.680496,21,1,98.06,Cao điểm Sáng,1.37
Hải Phòng,,6,16.56,Ô Tô 4 Chỗ,Mưa,0.832974,0.417274,2,1,95.93,Cao điểm Sáng,2.48
Hà Nội,,5,5.01,Xe ViP,Mưa Bão,0.201998,0.748811,1,1,98.03,Cao điểm Tối,3.12
Hồ Chí Minh,,1,5.75,Xe ViP,Mưa,0.209512,0.857078,21,0,96.37,Chiều,2.25
Đà Nẵng,,2,6.58,Xe Máy,Mưa Bão,0.978742,0.504155,17,0,88.15,Cao điểm Tối,2.33
Đà Nẵng,,4,1.92,Xe ViP,Nhiều Mây,0.852027,0.956343,17,0,94.89,Đêm,1.16
Đà Nẵng,,0,9.14,Xe Máy,Nắng,0.983739,0.502686,15,0,99.06,Cao điểm Tối,1.4
Hồ Chí Minh,,6,6.33,Xe Máy,Nhiều Mây,0.495718,0.663728,7,1,97.33,Cao điểm Tối,1.59
Hà Nội,,6,12.85,Xe Máy,Mưa,0.919945,0.697648,18,1,91.19,Đêm,1.37
Hồ Chí Minh,,0,12.6,Ô Tô 4 Chỗ,Mưa Bão,0.807753,0.842084,22,0,87.79,Đêm,1.36
Hồ Chí Minh,,1,2.33,Xe Máy,Mưa Bão,0.626253,0.843696,5,0,93.39,Cao điểm Sáng,2.16
Hà Nội,,3,9.41,Xe Máy,Nhiều Mây,0.902918,0.507853,6,0,89.27,Chiều,1
Hà Nội,,6,17.55,Xe Máy,Mưa Bão,0.366194,0.91465,19,1,92.27,Đêm,2
Hồ Chí Minh,,3,3.91,Xe Máy,Nắng,0.308465,0.950868,10,0,91.14,Cao điểm Sáng,2.26
Hà Nội,,1,15.38,Xe ViP,Nắng,0.23116,0.805934,1,0,89.36,Cao điểm Tối,2
Đà Nẵng,,1,6.13,Xe ViP,Nhiều Mây,0.477567,0.821776,18,0,95.51,Cao điểm Tối,1.83
Hà Nội,,4,5.44,Ô Tô 4 Chỗ,Nhiều Mây,0.629871,0.746091,13,0,92.8,Chiều,1.17
Cần Thơ,,6,11.94,Xe ViP,Mưa,0.511178,0.634896,21,1,95.08,Chiều,1.58
Hải Phòng,,2,4.47,Ô Tô 4 Chỗ,Nắng,0.299285,0.416003,11,0,88.56,Chiều,1.18
Hà Nội,,4,17.64,Xe Máy,Nhiều Mây,0.811263,0.794965,1,0,86.66,Cao điểm Tối,1.36
Hà Nội,,6,18.2,Ô Tô 4 Chỗ,Nhiều Mây,0.318709,0.685055,3,1,89.25,Cao điểm Sáng,1.73
Hải Phòng,,4,16.11,Xe ViP,Mưa Bão,0.630609,0.41418,6,0,91.94,Đêm,1.31
Hà Nội,,6,17.34,Ô Tô 4 Chỗ,Mưa,0.574334,0.528174,9,1,98.04,Cao điểm Tối,1.65
Cần Thơ,,1,0.55,Xe Máy,Mưa,0.897069,0.420956,12,0,86.09,Cao điểm Sáng,2.33
Hồ Chí Minh,,4,13.23,Xe ViP,Nắng,0.294324,0.621483,16,0,93.62,Chiều,1.49
Hải Phòng,,3,2.24,Xe ViP,Nắng,0.645746,0.772179,2,0,96.3,Đêm,1.19
Hồ Chí Minh,,2,7.6,Ô Tô 4 Chỗ,Nắng,0.882576,0.940025,23,0,95.7,Đêm,1.09
Hồ Chí Minh,,2,1.23,Xe Máy,Nhiều Mây,0.410346,0.843912,19,0,88.24,Đêm,1.65
Cần Thơ,,6,3.72,Ô Tô 4 Chỗ,Nắng,0.201226,0.913007,19,1,94.43,Chiều,1.86
Hải Phòng,,5,18.12,Ô Tô 4 Chỗ,Nắng,0.495201,0.80579,21,1,96.48,Chiều,1.34
Đà Nẵng,,0,2.71,Ô Tô 4 Chỗ,Nắng,0.494846,0.990339,9,0,91.78,Cao điểm Sáng,1.91
Hải Phòng,,5,16.33,Xe ViP,Nhiều Mây,0.296424,0.934317,3,1,96.11,Cao điểm Tối,1.89
Hà Nội,,3,8.98,Xe Máy,Nhiều Mây,0.615778,0.971569,21,0,92.62,Cao điểm Tối,1.86
Cần Thơ,,2,4.7,Ô Tô 4 Chỗ,Mưa,0.432397,0.778765,0,0,92.24,Cao điểm Tối,2.3
Đà Nẵng,,0,19.99,Xe Máy,Mưa Bão,0.306622,0.617294,16,0,90.68,Đêm,1.67
Hà Nội,,0,15.59,Xe ViP,Nắng,0.916591,0.676997,2,0,87.59,Đêm,1
Cần Thơ,,2,2.7,Xe ViP,Mưa Bão,0.531906,0.772611,5,0,96.23,Đêm,1.57
Hà Nội,,3,5.28,Ô Tô 4 Chỗ,Nhiều Mây,0.877181,0.871048,13,0,90.5,Cao điểm Tối,1.4
Đà Nẵng,,2,16.46,Ô Tô 4 Chỗ,Nhiều Mây,0.572999,0.498448,13,0,96.97,Cao điểm Sáng,1.33
Đà Nẵng,,3,2.5,Xe Máy,Nắng,0.774575,0.455547,6,0,86.83,Cao điểm Tối,1.36
Hải Phòng,,2,7.47,Xe ViP,Mưa Bão,0.422655,0.745664,11,0,92.53,Chiều,1.83
Cần Thơ,,4,6.23,Ô Tô 4 Chỗ,Mưa,0.298535,0.925928,6,0,91.07,Đêm,2.2
Cần Thơ,,3,17.53,Xe Máy,Nắng,0.502686,0.933803,18,0,91.16,Đêm,1.65
Hà Nội,,5,14.72,Xe ViP,Mưa Bão,0.923039,0.901601,13,1,87.23,Cao điểm Sáng,2.05
Hà Nội,,4,4.2,Xe Máy,Nhiều Mây,0.239238,0.595586,13,0,84.55,Cao điểm Sáng,1.89
Đà Nẵng,,5,3.12,Ô Tô 4 Chỗ,Nhiều Mây,0.962831,0.965857,3,1,91.96,Chiều,1
Đà Nẵng,,4,16.59,Ô Tô 4 Chỗ,Mưa Bão,0.761766,0.465199,20,0,83.88,Cao điểm Sáng,2.31
Hải Phòng,,3,6.4,Xe Máy,Mưa,0.530006,0.564519,15,0,86.88,Cao điểm Tối,2
Hải Phòng,,6,7.29,Xe Máy,Nắng,0.359784,0.409163,9,1,92.81,Chiều,1
Hải Phòng,,2,9.04,Xe Máy,Mưa Bão,0.851828,0.978091,10,0,86.85,Cao điểm Tối,2.53
Đà Nẵng,,0,9.85,Ô Tô 4 Chỗ,Nắng,0.235655,0.649492,16,0,93.48,Cao điểm Sáng,1.82
Hải Phòng,,6,4.29,Xe Máy,Nhiều Mây,0.60378,0.400065,11,1,88.37,Cao điểm Tối,1.12
Đà Nẵng,,4,10.2,Xe Máy,Mưa,0.266924,0.691096,18,0,88.15,Cao điểm Tối,2.9
Cần Thơ,,4,3.86,Xe Máy,Nhiều Mây,0.400738,0.765964,10,0,88.4,Đêm,1.55
Hồ Chí Minh,,0,1.19,Xe Máy,Nắng,0.954878,0.998588,13,0,98.72,Cao điểm Sáng,1.38
Hải Phòng,,1,14.31,Xe ViP,Mưa,0.340257,0.875666,20,0,89.35,Đêm,2.18
Hải Phòng,,0,19.37,Ô Tô 4 Chỗ,Mưa,0.227788,0.710738,17,0,84.29,Cao điểm Sáng,2.66
Hồ Chí Minh,,3,0.84,Xe Máy,Mưa Bão,0.483249,0.401928,20,0,97.72,Cao điểm Sáng,1.95
Cần Thơ,,5,9.16,Xe Máy,Nắng,0.889352,0.76988,21,1,88.29,Chiều,1
Cần Thơ,,1,5.93,Xe Máy,Mưa,0.64339,0.863518,16,0,95.34,Chiều,1.66
Hải Phòng,,1,10.06,Xe ViP,Nhiều Mây,0.253362,0.687747,0,0,86.98,Đêm,1.65
Đà Nẵng,,3,2.99,Xe Máy,Mưa Bão,0.507809,0.657611,19,0,97.04,Cao điểm Sáng,2.08
Hồ Chí Minh,,1,9.64,Ô Tô 4 Chỗ,Mưa,0.809728,0.817573,9,0,97.45,Đêm,1.4
Cần Thơ,,2,11.89,Xe ViP,Mưa Bão,0.751425,0.730739,10,0,90.83,Đêm,1.33
Đà Nẵng,,5,19.69,Xe ViP,Mưa Bão,0.507071,0.488871,10,1,95.87,Đêm,1.35
Cần Thơ,,0,7.8,Xe ViP,Mưa,0.703737,0.983453,21,0,87.12,Chiều,1.77
Cần Thơ,,1,1.75,Xe ViP,Mưa,0.989205,0.728408,13,0,86.48,Cao điểm Tối,2
Hải Phòng,,1,14.15,Ô Tô 4 Chỗ,Mưa Bão,0.968154,0.605395,4,0,91.69,Chiều,1.16
Đà Nẵng,,3,2.37,Xe Máy,Nhiều Mây,0.251922,0.594586,6,0,90.91,Chiều,1.51
Hà Nội,,3,16.42,Ô Tô 4 Chỗ,Nhiều Mây,0.970746,0.616977,8,0,95.41,Cao điểm Sáng,1.32
Hồ Chí Minh,,0,5.78,Xe Máy,Nhiều Mây,0.586825,0.709132,4,0,89.13,Đêm,1.18
Hà Nội,,1,8.15,Xe Máy,Nhiều Mây,0.791343,0.81641,22,0,89.86,Chiều,1.04
Hải Phòng,,3,9.67,Xe Máy,Nắng,0.702487,0.5508,23,0,86.52,Đêm,1
Hồ Chí Minh,,6,14.89,Xe Máy,Mưa Bão,0.639021,0.639804,21,1,87.72,Đêm,1.27
Cần Thơ,,2,6.14,Ô Tô 4 Chỗ,Nhiều Mây,0.454065,0.831536,1,0,89.19,Đêm,1.57
Hà Nội,,4,5.87,Xe ViP,Mưa,0.258621,0.751241,6,0,83.29,Cao điểm Sáng,3.09
Hồ Chí Minh,,6,6.24,Ô Tô 4 Chỗ,Nắng,0.975297,0.743741,10,1,84.86,Cao điểm Sáng,1.12
Đà Nẵng,,0,19.67,Ô Tô 4 Chỗ,Nhiều Mây,0.818031,0.98111,0,0,91.55,Đêm,1.24
Hải Phòng,,6,19.51,Xe ViP,Mưa Bão,0.5055,0.608001,3,1,86.31,Cao điểm Tối,2
Cần Thơ,,1,17.77,Ô Tô 4 Chỗ,Mưa,0.561158,0.590933,1,0,85.66,Cao điểm Sáng,1.83
Cần Thơ,,3,2,Ô Tô 4 Chỗ,Mưa Bão,0.87538,0.61544,17,0,88.39,Cao điểm Tối,1.52
Hồ Chí Minh,,2,11.45,Xe Máy,Nắng,0.710183,0.922534,14,0,87.42,Đêm,1.32
Hà Nội,,2,19.59,Xe ViP,Nhiều Mây,0.272079,0.982095,13,0,86.51,Chiều,2.07
Hà Nội,,3,2.89,Ô Tô 4 Chỗ,Nắng,0.49561,0.568099,3,0,95.38,Cao điểm Tối,1.4
Hà Nội,,3,19.82,Ô Tô 4 Chỗ,Mưa Bão,0.620007,0.943967,6,0,90.32,Đêm,1.69
Đà Nẵng,,0,1.8,Ô Tô 4 Chỗ,Mưa,0.977012,0.922261,2,0,86.34,Cao điểm Tối,1.84
Hà Nội,,3,5.55,Xe Máy,Mưa Bão,0.539384,0.665019,16,0,89.86,Cao điểm Sáng,2.57
Cần Thơ,,3,4.53,Xe ViP,Mưa,0.882573,0.719915,12,0,86.79,Cao điểm Tối,2.28
Hà Nội,,0,1.82,Xe ViP,Mưa Bão,0.441079,0.710452,6,0,90.22,Chiều,1.78
Hồ Chí Minh,,5,6.7,Xe Máy,Nhiều Mây,0.289724,0.973852,3,1,90.9,Đêm,2.03
Hà Nội,,5,2.63,Xe ViP,Mưa Bão,0.384698,0.673985,20,1,87.66,Cao điểm Sáng,2.02
Cần Thơ,,2,5.76,Xe Máy,Nắng,0.201192,0.751897,2,0,93.31,Chiều,1.83
Cần Thơ,,0,0.93,Xe ViP,Nắng,0.273301,0.887512,14,0,93.11,Cao điểm Tối,2.29
Hà Nội,,3,18.25,Xe ViP,Mưa,0.995279,0.746716,19,0,89.14,Chiều,1.36
Hải Phòng,,3,13.76,Xe ViP,Nắng,0.90515,0.561404,9,0,93.51,Cao điểm Sáng,1.35
Hồ Chí Minh,,4,13.21,Ô Tô 4 Chỗ,Nắng,0.676787,0.483995,13,0,84.52,Chiều,1
Đà Nẵng,,2,9.37,Xe ViP,Mưa,0.947769,0.633323,11,0,86.38,Chiều,1.11
Hà Nội,,2,9.09,Xe ViP,Mưa,0.633697,0.52616,4,0,84.52,Đêm,1.24
Hồ Chí Minh,,1,15.09,Xe Máy,Nhiều Mây,0.6188,0.601862,15,0,96.05,Đêm,1
Hồ Chí Minh,,4,15.73,Xe ViP,Mưa,0.338796,0.667214,20,0,92.82,Chiều,1.79
Hà Nội,,6,9.69,Xe Máy,Mưa,0.66301,0.874622,9,1,87.72,Cao điểm Tối,2.51
Đà Nẵng,,1,17.85,Ô Tô 4 Chỗ,Mưa Bão,0.36749,0.663955,3,0,95.05,Cao điểm Sáng,2.78
Đà Nẵng,,1,15.57,Xe Máy,Mưa Bão,0.983767,0.566985,11,0,89.09,Chiều,1.15
Hà Nội,,4,16.93,Xe Máy,Nhiều Mây,0.802392,0.722529,21,0,84.72,Đêm,1
Cần Thơ,,2,5.46,Xe Máy,Mưa,0.593653,0.918169,7,0,92.91,Chiều,1.64
Đà Nẵng,,1,12.19,Ô Tô 4 Chỗ,Mưa,0.552168,0.827871,4,0,83.82,Đêm,1.54
Hà Nội,,3,1.71,Xe ViP,Nhiều Mây,0.23001,0.627048,4,0,92.6,Đêm,1.6
Đà Nẵng,,0,0.74,Ô Tô 4 Chỗ,Mưa,0.664501,0.585235,16,0,95.91,Chiều,1.16
Hà Nội,,4,3.7,Xe Máy,Nắng,0.942473,0.967943,14,0,87.72,Cao điểm Sáng,1.16
Đà Nẵng,,1,6.3,Xe Máy,Mưa,0.360885,0.866291,20,0,93.54,Cao điểm Sáng,2.73
Cần Thơ,,1,7.37,Ô Tô 4 Chỗ,Nắng,0.621057,0.555222,18,0,95.08,Cao điểm Sáng,1.1
Cần Thơ,,4,16.58,Ô Tô 4 Chỗ,Nhiều Mây,0.979689,0.652454,4,0,94.95,Cao điểm Sáng,1.2
Cần Thơ,,2,17.6,Xe Máy,Mưa Bão,0.233668,0.920094,23,0,94.09,Cao điểm Tối,2.67
Cần Thơ,,1,13.04,Ô Tô 4 Chỗ,Mưa Bão,0.450228,0.711638,11,0,85.22,Đêm,1.5
Hà Nội,,4,15.02,Ô Tô 4 Chỗ,Mưa,0.441332,0.788816,23,0,99.45,Đêm,1.67
Cần Thơ,,0,17.84,Xe Máy,Mưa,0.985242,0.615943,2,0,88.7,Chiều,1.39
Cần Thơ,,0,6.79,Xe Máy,Mưa Bão,0.266968,0.656405,23,0,86.97,Chiều,1.94
Hải Phòng,,4,13.92,Xe Máy,Nắng,0.348704,0.572169,5,0,86.68,Đêm,1.34
Đà Nẵng,,1,6.24,Xe ViP,Nhiều Mây,0.582059,0.495789,6,0,98.52,Chiều,1
Cần Thơ,,2,7.18,Xe Máy,Nắng,0.512202,0.713359,7,0,97.8,Chiều,1.3
Hải Phòng,,0,3.78,Xe ViP,Mưa Bão,0.766413,0.799135,15,0,89.29,Đêm,1.28
Hồ Chí Minh,,2,17.98,Ô Tô 4 Chỗ,Mưa,0.387562,0.633333,21,0,90.47,Cao điểm Tối,2.65
Hải Phòng,,4,13.92,Xe ViP,Nắng,0.89806,0.87632,22,0,86.87,Cao điểm Tối,1.12
Đà Nẵng,,2,5.52,Ô Tô 4 Chỗ,Mưa Bão,0.829991,0.569201,1,0,95.31,Cao điểm Sáng,1.87
Hồ Chí Minh,,6,17.38,Ô Tô 4 Chỗ,Nhiều Mây,0.977137,0.981691,1,1,86.79,Cao điểm Tối,1.24
Hồ Chí Minh,,1,0.95,Xe Máy,Nhiều Mây,0.299683,0.78776,5,0,93.14,Cao điểm Sáng,1.86
Cần Thơ,,5,14.89,Xe Máy,Mưa Bão,0.791535,0.751727,9,1,92.42,Cao điểm Sáng,1.71
Hồ Chí Minh,,0,13.08,Ô Tô 4 Chỗ,Nắng,0.921543,0.704678,2,0,88.66,Chiều,1
Đà Nẵng,,3,6.62,Xe ViP,Nhiều Mây,0.394703,0.706075,10,0,87.99,Chiều,1.47
Hà Nội,,5,3.11,Xe Máy,Nhiều Mây,0.520156,0.790574,19,1,92.28,Đêm,1.41
Hải Phòng,,3,17.03,Xe Máy,Mưa Bão,0.825177,0.403857,19,0,87.17,Cao điểm Tối,2.22
Hà Nội,,5,1.02,Ô Tô 4 Chỗ,Mưa Bão,0.325803,0.612157,3,1,94.39,Cao điểm Sáng,2.09
Đà Nẵng,,0,15.7,Xe Máy,Mưa,0.662974,0.542213,22,0,98.47,Cao điểm Sáng,2.04
Cần Thơ,,5,17.66,Xe Máy,Mưa Bão,0.935632,0.905143,12,1,92.39,Cao điểm Sáng,1.88
Cần Thơ,,1,19.05,Ô Tô 4 Chỗ,Nắng,0.925145,0.556102,17,0,96.97,Đêm,1
Đà Nẵng,,3,13.68,Xe Máy,Nhiều Mây,0.904598,0.432594,18,0,86.63,Chiều,1
Cần Thơ,,1,17.24,Xe Máy,Nhiều Mây,0.71813,0.852237,8,0,87.16,Đêm,1.2
Hải Phòng,,5,3.43,Xe ViP,Mưa Bão,0.622465,0.597347,18,1,87.66,Cao điểm Sáng,1.77
Đà Nẵng,,5,3.98,Xe Máy,Nắng,0.286196,0.641445,20,1,90.41,Cao điểm Sáng,1.79
Hà Nội,,0,17.47,Xe Máy,Nắng,0.462347,0.947596,2,0,89.33,Đêm,1.73
Hà Nội,,6,10,Xe ViP,Nhiều Mây,0.823244,0.839288,22,1,94.2,Cao điểm Sáng,1.13
Đà Nẵng,,5,11.87,Ô Tô 4 Chỗ,Mưa,0.708775,0.467419,3,1,94.32,Chiều,1.22
Hải Phòng,,6,11.73,Xe ViP,Mưa,0.882837,0.730572,3,1,96.75,Đêm,1.11
Hải Phòng,,5,3.13,Ô Tô 4 Chỗ,Mưa Bão,0.628731,0.751855,17,1,84.17,Cao điểm Tối,2.51
Hồ Chí Minh,,4,3.68,Ô Tô 4 Chỗ,Mưa,0.807336,0.503591,0,0,87.84,Cao điểm Tối,2.06
Hồ Chí Minh,,3,6.19,Xe ViP,Mưa Bão,0.785094,0.468078,16,0,94.24,Cao điểm Tối,2.15
Hồ Chí Minh,,5,11.23,Xe ViP,Nắng,0.832483,0.814304,21,1,96.92,Chiều,1
Hồ Chí Minh,,6,1.89,Ô Tô 4 Chỗ,Nắng,0.998564,0.734019,0,1,99.3,Cao điểm Tối,1.18
Cần Thơ,,2,1.51,Ô Tô 4 Chỗ,Nắng,0.846977,0.468838,9,0,85.06,Cao điểm Tối,1.3
Cần Thơ,,1,13.56,Ô Tô 4 Chỗ,Nắng,0.291585,0.953022,5,0,88.97,Chiều,1.99
Hà Nội,,1,3.86,Xe Máy,Mưa,0.382944,0.569902,14,0,97.08,Đêm,1.61
Hồ Chí Minh,,3,12.95,Ô Tô 4 Chỗ,Nhiều Mây,0.427457,0.511335,6,0,86.5,Chiều,1.13
Đà Nẵng,,5,10.67,Xe Máy,Mưa,0.762779,0.945773,16,1,94.22,Chiều,1.41
Đà Nẵng,,5,0.76,Xe ViP,Mưa Bão,0.985295,0.53656,8,1,87.74,Đêm,1.11
Hải Phòng,,0,0.88,Xe ViP,Mưa Bão,0.359257,0.785285,7,0,91.19,Cao điểm Sáng,2.44
Hà Nội,,6,9.64,Xe ViP,Mưa,0.273277,0.988569,3,1,91.43,Cao điểm Tối,3.22
Hồ Chí Minh,,2,5.09,Xe Máy,Mưa Bão,0.757688,0.741462,6,0,87.98,Đêm,1.33
Hồ Chí Minh,,5,11.21,Ô Tô 4 Chỗ,Mưa Bão,0.23135,0.515132,1,1,97.36,Cao điểm Tối,2.26
Đà Nẵng,,2,12.8,Xe Máy,Mưa Bão,0.605059,0.832431,10,0,94.74,Chiều,1.55
Hồ Chí Minh,,3,18.45,Ô Tô 4 Chỗ,Mưa,0.586531,0.633757,6,0,89.99,Chiều,1.2
Hà Nội,,4,15.79,Xe Máy,Nhiều Mây,0.78437,0.428761,7,0,88.82,Chiều,1
Hà Nội,,4,14.95,Xe Máy,Mưa Bão,0.538393,0.647978,1,0,89.96,Cao điểm Sáng,1.72
Hồ Chí Minh,,0,16.91,Xe Máy,Nắng,0.840794,0.77681,18,0,87.82,Cao điểm Sáng,1.14
Hải Phòng,,0,11.77,Ô Tô 4 Chỗ,Mưa,0.371475,0.621046,13,0,87.31,Cao điểm Tối,2.15
Đà Nẵng,,0,16.28,Ô Tô 4 Chỗ,Mưa Bão,0.983245,0.576676,10,0,94.89,Chiều,1.22
Đà Nẵng,,6,11.79,Xe ViP,Nắng,0.851288,0.925968,7,1,95.8,Cao điểm Sáng,1.28
Hồ Chí Minh,,5,3.26,Xe Máy,Nhiều Mây,0.327036,0.723415,18,1,95.21,Chiều,1.59
Hà Nội,,2,8.36,Xe ViP,Nhiều Mây,0.944348,0.853706,17,0,93.11,Đêm,1
Cần Thơ,,6,11.97,Xe Máy,Mưa Bão,0.947795,0.904608,2,1,95.14,Cao điểm Sáng,1.74
Hà Nội,,2,15.62,Xe Máy,Mưa Bão,0.789396,0.884575,2,0,91.52,Đêm,1.41
Hồ Chí Minh,,6,11.41,Xe ViP,Nhiều Mây,0.453892,0.407438,0,1,95.74,Cao điểm Tối,1.21
Hà Nội,,1,15.7,Ô Tô 4 Chỗ,Nắng,0.749119,0.985427,11,0,95.93,Chiều,1.35
Cần Thơ,,6,17.81,Ô Tô 4 Chỗ,Nắng,0.826967,0.582519,7,1,91.84,Cao điểm Sáng,1.11
Đà Nẵng,,4,3.46,Ô Tô 4 Chỗ,Mưa Bão,0.443557,0.922441,6,0,94.57,Đêm,1.97
Hà Nội,,3,4.75,Ô Tô 4 Chỗ,Nắng,0.717488,0.948857,23,0,91.62,Đêm,1.35
Hồ Chí Minh,,4,2.33,Xe ViP,Nhiều Mây,0.204517,0.709471,19,0,87.92,Đêm,1.76
Đà Nẵng,,6,3.14,Xe Máy,Nắng,0.709595,0.71602,6,1,91.08,Chiều,1.01
Hải Phòng,,1,6.42,Xe Máy,Mưa,0.239273,0.858241,16,0,90.52,Đêm,2.27
Hà Nội,,0,4.26,Ô Tô 4 Chỗ,Mưa Bão,0.226596,0.852792,0,0,88.88,Cao điểm Tối,2.95
Hồ Chí Minh,,4,6.4,Xe Máy,Nắng,0.704546,0.985585,14,0,97.03,Cao điểm Sáng,1.68
Đà Nẵng,,3,3.86,Xe Máy,Nhiều Mây,0.576776,0.477095,14,0,88.84,Cao điểm Tối,1.39
Hồ Chí Minh,,1,8.32,Ô Tô 4 Chỗ,Nắng,0.454789,0.748126,23,0,97.64,Đêm,1.44
Hồ Chí Minh,,1,4.59,Xe Máy,Mưa,0.700126,0.543108,2,0,85.43,Cao điểm Tối,2.16
Hồ Chí Minh,,2,11.25,Xe ViP,Mưa,0.492594,0.519536,13,0,87.68,Cao điểm Tối,2.22
Hồ Chí Minh,,4,6.73,Xe ViP,Nắng,0.635944,0.829417,6,0,89.6,Đêm,1.29
Hồ Chí Minh,,0,2.59,Xe ViP,Nhiều Mây,0.955408,0.960318,19,0,95.71,Đêm,1.01
Cần Thơ,,5,11.12,Xe Máy,Nắng,0.746087,0.66208,10,1,95.03,Đêm,1
Hà Nội,,3,2.95,Ô Tô 4 Chỗ,Mưa,0.944708,0.757847,8,0,85.07,Cao điểm Sáng,1.6
Đà Nẵng,,4,6.77,Xe ViP,Mưa,0.289393,0.422744,15,0,91.97,Đêm,1.48
Đà Nẵng,,0,7.64,Xe Máy,Nhiều Mây,0.513587,0.575994,21,0,95.27,Cao điểm Tối,1.42
Đà Nẵng,,6,10.1,Xe ViP,Mưa,0.911817,0.584454,17,1,89.23,Đêm,1.36
Hải Phòng,,3,4.69,Ô Tô 4 Chỗ,Nhiều Mây,0.570925,0.652126,14,0,95.45,Chiều,1.12
Hải Phòng,,3,19.28,Ô Tô 4 Chỗ,Mưa,0.974899,0.552903,19,0,93.32,Đêm,1.38
Đà Nẵng,,3,3.24,Xe ViP,Nhiều Mây,0.585611,0.444434,1,0,97.43,Đêm,1
Hải Phòng,,2,3.79,Xe ViP,Nắng,0.280449,0.406518,19,0,96.24,Đêm,1.19
Cần Thơ,,5,10.87,Xe ViP,Nắng,0.603931,0.831196,22,1,90.18,Cao điểm Tối,1.44
Hồ Chí Minh,,2,4.21,Xe ViP,Mưa,0.984643,0.682106,8,0,88.95,Cao điểm Sáng,1.84
Hà Nội,,1,6.3,Xe ViP,Nhiều Mây,0.549961,0.468158,9,0,92.35,Cao điểm Tối,1.18
Hà Nội,,5,1.69,Ô Tô 4 Chỗ,Mưa,0.918672,0.633498,10,1,94.84,Chiều,1.38
Hải Phòng,,0,3,Ô Tô 4 Chỗ,Mưa,0.366271,0.882962,21,0,92.02,Chiều,2.1
Hồ Chí Minh,,1,14.42,Xe ViP,Mưa,0.387986,0.925223,2,0,88.32,Cao điểm Tối,3.06
Hải Phòng,,1,2.04,Xe Máy,Nhiều Mây,0.616602,0.664231,22,0,90.33,Cao điểm Tối,1.23
Đà Nẵng,,0,17.05,Ô Tô 4 Chỗ,Nhiều Mây,0.568941,0.634686,11,0,90.95,Chiều,1.1
Hà Nội,,1,2.55,Xe Máy,Nhiều Mây,0.242801,0.697998,14,0,91.54,Đêm,1.68
Cần Thơ,,3,8.74,Ô Tô 4 Chỗ,Mưa,0.249931,0.51262,3,0,92.15,Đêm,1.66
Hà Nội,,0,17.47,Xe Máy,Nắng,0.886945,0.804658,9,0,88.93,Cao điểm Tối,1.36
Hải Phòng,,6,19.63,Xe Máy,Mưa Bão,0.65886,0.617811,16,1,92.97,Chiều,1.28
Hải Phòng,,4,17.11,Ô Tô 4 Chỗ,Mưa Bão,0.759287,0.782247,13,0,89.52,Cao điểm Tối,1.7
Cần Thơ,,6,5.01,Xe Máy,Nhiều Mây,0.408157,0.978114,9,1,92.74,Cao điểm Sáng,1.81
Hà Nội,,4,11.97,Xe Máy,Nắng,0.570519,0.681258,2,0,96.92,Chiều,1.17
Hải Phòng,,5,6.19,Ô Tô 4 Chỗ,Nắng,0.939019,0.807679,14,1,92.92,Đêm,1
Hà Nội,,1,11.1,Xe ViP,Nắng,0.498666,0.905628,7,0,92.57,Chiều,1.61
Hà Nội,,5,9.92,Xe Máy,Nhiều Mây,0.740931,0.998444,14,1,94.96,Cao điểm Tối,1.53
Đà Nẵng,,4,15.11,Xe Máy,Nắng,0.91477,0.571952,1,0,93.37,Đêm,1
Hà Nội,,3,3.05,Ô Tô 4 Chỗ,Mưa,0.559476,0.605178,17,0,98.62,Cao điểm Tối,2.56
Hồ Chí Minh,,5,15.12,Xe Máy,Mưa Bão,0.393546,0.76203,10,1,85.38,Đêm,1.74
Cần Thơ,,5,7.89,Xe ViP,Nắng,0.721545,0.699061,3,1,86.27,Đêm,1
Hà Nội,,6,13.17,Xe ViP,Mưa Bão,0.553883,0.421328,21,1,94.95,Chiều,1.1
Đà Nẵng,,3,14.28,Xe ViP,Nhiều Mây,0.804579,0.976484,6,0,93.36,Cao điểm Tối,1.38
Hải Phòng,,2,13.9,Xe Máy,Mưa,0.9635,0.615228,14,0,96.56,Chiều,1.4
Hải Phòng,,1,3.4,Xe ViP,Mưa,0.924518,0.562902,20,0,85.93,Cao điểm Sáng,1.83
Hải Phòng,,5,19.47,Ô Tô 4 Chỗ,Nắng,0.208891,0.585517,17,1,99.44,Đêm,1.4
Cần Thơ,,1,17.69,Ô Tô 4 Chỗ,Mưa,0.233125,0.869982,12,0,84.88,Cao điểm Sáng,2.49
Hồ Chí Minh,,5,0.52,Xe ViP,Nhiều Mây,0.945396,0.456528,8,1,90.6,Chiều,1
Cần Thơ,,6,7.02,Xe Máy,Nhiều Mây,0.369604,0.922129,21,1,91.38,Đêm,1.54
Cần Thơ,,3,14.94,Xe Máy,Nhiều Mây,0.61045,0.501436,6,0,93.45,Đêm,1
Hải Phòng,,0,3.29,Xe ViP,Mưa Bão,0.90952,0.715456,3,0,85.24,Cao điểm Sáng,1.56
Cần Thơ,,4,16.11,Xe ViP,Mưa,0.667215,0.998495,20,0,99.44,Cao điểm Sáng,2.81
Cần Thơ,,2,2.52,Xe Máy,Nhiều Mây,0.517859,0.588834,0,0,94.89,Cao điểm Tối,1.35
Hải Phòng,,4,18.16,Xe ViP,Mưa,0.981564,0.552834,4,0,93.51,Đêm,1.3
Đà Nẵng,,1,13.71,Ô Tô 4 Chỗ,Nắng,0.251007,0.961758,23,0,94.9,Cao điểm Sáng,2.38
Hồ Chí Minh,,3,9.6,Xe ViP,Nắng,0.509453,0.57765,8,0,88.43,Đêm,1.1
Hải Phòng,,6,18.29,Xe Máy,Mưa Bão,0.746212,0.992281,13,1,87.86,Chiều,1.7
Cần Thơ,,1,6.4,Xe Máy,Nhiều Mây,0.925031,0.808907,21,0,91.53,Chiều,1
Hà Nội,,0,5.53,Xe Máy,Mưa Bão,0.730514,0.643484,12,0,86.22,Đêm,1.1
Hà Nội,,6,19.95,Xe ViP,Mưa Bão,0.599755,0.694632,0,1,97.07,Chiều,1.25
Hồ Chí Minh,,6,7.87,Xe ViP,Mưa Bão,0.999172,0.794657,4,1,94.97,Cao điểm Tối,1.54
Đà Nẵng,,3,7.85,Xe Máy,Mưa,0.407228,0.940496,17,0,94.27,Cao điểm Sáng,2.58
Cần Thơ,,4,5.7,Ô Tô 4 Chỗ,Nhiều Mây,0.884273,0.507228,1,0,98.03,Cao điểm Tối,1.28
Hà Nội,,3,19.06,Ô Tô 4 Chỗ,Mưa Bão,0.216379,0.415291,6,0,85.98,Chiều,1.45
Đà Nẵng,,2,11.81,Xe ViP,Nhiều Mây,0.407012,0.50215,13,0,96.95,Cao điểm Sáng,1.38
Hồ Chí Minh,,0,2.76,Xe ViP,Nắng,0.421124,0.783286,0,0,94.86,Chiều,1.54
Hà Nội,,4,2.55,Xe Máy,Nhiều Mây,0.82871,0.436662,6,0,91.95,Đêm,1
Đà Nẵng,,1,5.33,Xe ViP,Nhiều Mây,0.866065,0.537199,10,0,92.02,Cao điểm Sáng,1.2
Hải Phòng,,0,7.9,Ô Tô 4 Chỗ,Mưa,0.410542,0.519143,10,0,85.19,Cao điểm Tối,2.52
Đà Nẵng,,2,12.43,Xe ViP,Mưa,0.371362,0.665409,1,0,92.56,Cao điểm Tối,2.47
Cần Thơ,,2,5.51,Ô Tô 4 Chỗ,Nhiều Mây,0.369274,0.651124,8,0,87.61,Cao điểm Tối,1.72
Hồ Chí Minh,,2,1.51,Xe Máy,Mưa Bão,0.63121,0.674325,9,0,97.48,Đêm,1.32
Đà Nẵng,,1,11.39,Ô Tô 4 Chỗ,Mưa,0.459817,0.542225,10,0,89.92,Cao điểm Tối,2.02
Cần Thơ,,5,18.98,Xe Máy,Nhiều Mây,0.68427,0.709399,16,1,94.15,Đêm,1
Hà Nội,,3,3.39,Ô Tô 4 Chỗ,Nhiều Mây,0.284604,0.607296,12,0,92.56,Cao điểm Sáng,1.58
Đà Nẵng,,4,2.83,Xe Máy,Mưa,0.292923,0.449325,20,0,86.7,Cao điểm Tối,2.32
Đà Nẵng,,4,13.66,Xe Máy,Nắng,0.882064,0.522916,5,0,85.14,Cao điểm Tối,1.26
Hải Phòng,,1,18.91,Ô Tô 4 Chỗ,Nhiều Mây,0.406418,0.978608,14,0,93,Chiều,1.86
Cần Thơ,,1,17.94,Xe Máy,Mưa,0.558739,0.422729,14,0,89.34,Đêm,1.3
Đà Nẵng,,2,13.9,Xe Máy,Nhiều Mây,0.956499,0.683265,8,0,89.46,Đêm,1
Hà Nội,,4,17.56,Xe ViP,Mưa Bão,0.791181,0.876199,19,0,87.54,Cao điểm Tối,2.47
Hải Phòng,,2,14.11,Ô Tô 4 Chỗ,Nắng,0.479307,0.520219,6,0,99.24,Cao điểm Sáng,1.41
Đà Nẵng,,4,12.85,Ô Tô 4 Chỗ,Mưa Bão,0.351097,0.667441,14,0,95.64,Cao điểm Tối,2.16
Đà Nẵng,,4,5.17,Ô Tô 4 Chỗ,Mưa,0.641418,0.585033,2,0,92.3,Cao điểm Tối,2.33
Hà Nội,,2,7.84,Xe ViP,Nhiều Mây,0.484215,0.569475,21,0,85.94,Chiều,1.13
Hải Phòng,,4,1.8,Xe ViP,Mưa Bão,0.505588,0.827378,0,0,92.12,Cao điểm Tối,2.5
Hồ Chí Minh,,3,18.01,Xe ViP,Nắng,0.372778,0.563047,11,0,89.49,Đêm,1.29
Hải Phòng,,6,14.6,Ô Tô 4 Chỗ,Nhiều Mây,0.821723,0.823153,13,1,96.96,Cao điểm Sáng,1.26
Cần Thơ,,4,8.45,Ô Tô 4 Chỗ,Nắng,0.708356,0.83644,14,0,97.57,Đêm,1.19
Hà Nội,,0,15.22,Xe ViP,Mưa,0.628738,0.566367,7,0,99.04,Cao điểm Tối,2
Hà Nội,,1,2.43,Ô Tô 4 Chỗ,Nhiều Mây,0.465912,0.754845,8,0,93.25,Cao điểm Sáng,1.57
Hải Phòng,,3,18.77,Ô Tô 4 Chỗ,Mưa Bão,0.522452,0.4966,5,0,87.84,Đêm,1.21
Đà Nẵng,,2,11.8,Xe Máy,Mưa,0.270294,0.543125,2,0,91.42,Cao điểm Sáng,2.22
Hải Phòng,,1,15.92,Ô Tô 4 Chỗ,Mưa Bão,0.405574,0.777641,22,0,87.95,Cao điểm Tối,2.24
Hà Nội,,2,1.92,Xe Máy,Nắng,0.373828,0.644292,23,0,86.57,Cao điểm Tối,1.52
Đà Nẵng,,6,11.26,Xe Máy,Nắng,0.640372,0.776556,14,1,88.24,Cao điểm Sáng,1.18
Hải Phòng,,1,7.65,Xe ViP,Mưa Bão,0.317599,0.547456,1,0,96.45,Đêm,1.65
Hồ Chí Minh,,0,8.43,Ô Tô 4 Chỗ,Mưa,0.971204,0.925285,19,0,93.27,Cao điểm Tối,2.07
Hà Nội,,0,10.92,Ô Tô 4 Chỗ,Mưa,0.353468,0.425851,0,0,88.85,Cao điểm Tối,2.39
Hải Phòng,,4,3.17,Xe ViP,Mưa Bão,0.449542,0.679288,5,0,85.62,Cao điểm Sáng,1.96
Cần Thơ,,0,10.29,Ô Tô 4 Chỗ,Nhiều Mây,0.363644,0.421834,10,0,89.03,Cao điểm Sáng,1.24
Đà Nẵng,,6,18.01,Ô Tô 4 Chỗ,Mưa Bão,0.520139,0.585657,14,1,90.82,Chiều,1.23
Hà Nội,,3,12.51,Ô Tô 4 Chỗ,Mưa,0.641474,0.536679,9,0,92.41,Đêm,1.25
Hồ Chí Minh,,0,9.76,Ô Tô 4 Chỗ,Nhiều Mây,0.433146,0.674798,22,0,99.14,Cao điểm Tối,1.61
Cần Thơ,,3,13.62,Ô Tô 4 Chỗ,Nắng,0.212198,0.71695,3,0,88.89,Đêm,1.76
Hải Phòng,,2,7.48,Ô Tô 4 Chỗ,Nắng,0.734593,0.703769,9,0,95.13,Cao điểm Sáng,1.3
Đà Nẵng,,1,17.9,Xe Máy,Mưa,0.866559,0.716662,9,0,87.57,Đêm,1.22
Hải Phòng,,4,14.47,Xe ViP,Mưa,0.303879,0.893872,5,0,93.84,Cao điểm Tối,2.57
Đà Nẵng,,1,6.85,Ô Tô 4 Chỗ,Nhiều Mây,0.597782,0.719956,8,0,95.03,Cao điểm Tối,1.49
Hải Phòng,,5,6.3,Ô Tô 4 Chỗ,Nhiều Mây,0.446695,0.921419,23,1,94.26,Đêm,1.64
Đà Nẵng,,5,15.52,Ô Tô 4 Chỗ,Nhiều Mây,0.447912,0.767589,22,1,86.96,Đêm,1.41
Hải Phòng,,5,13.15,Xe Máy,Nắng,0.430505,0.989166,8,1,94.59,Chiều,1.63
Hải Phòng,,0,8.46,Ô Tô 4 Chỗ,Nắng,0.361022,0.590628,19,0,90.84,Chiều,1.34
Đà Nẵng,,5,7.68,Xe ViP,Nhiều Mây,0.329302,0.737067,7,1,93.68,Đêm,1.33
Đà Nẵng,,0,8.36,Xe Máy,Nắng,0.354172,0.927698,16,0,91.58,Chiều,1.86
Cần Thơ,,5,5.09,Xe ViP,Nhiều Mây,0.681335,0.857428,2,1,85.19,Cao điểm Tối,1.41
Cần Thơ,,1,8.72,Xe Máy,Nắng,0.823008,0.514537,17,0,87.59,Đêm,1
Hồ Chí Minh,,2,1.22,Xe ViP,Mưa,0.300948,0.635694,2,0,95.57,Chiều,1.82
Đà Nẵng,,3,13.58,Ô Tô 4 Chỗ,Mưa,0.267623,0.590863,15,0,91.25,Đêm,1.68
Cần Thơ,,1,2.48,Xe Máy,Mưa Bão,0.320915,0.647328,2,0,88.86,Cao điểm Sáng,2.58
Đà Nẵng,,3,10.77,Xe Máy,Mưa,0.997121,0.886716,13,0,88.32,Cao điểm Tối,1.77
Hồ Chí Minh,,2,1.31,Ô Tô 4 Chỗ,Mưa Bão,0.701279,0.697701,1,0,88.54,Đêm,1.31
Đà Nẵng,,6,8.76,Ô Tô 4 Chỗ,Nắng,0.292619,0.691707,21,1,85.36,Chiều,1.51
Hà Nội,,5,6.66,Xe Máy,Nắng,0.812297,0.918644,8,1,89.23,Cao điểm Sáng,1.37
Cần Thơ,,1,17.04,Xe Máy,Mưa,0.260797,0.909165,17,0,88.16,Cao điểm Sáng,2.8
Hải Phòng,,2,7.12,Xe Máy,Mưa,0.544132,0.459803,16,0,91.05,Cao điểm Tối,2.14
Cần Thơ,,4,5.7,Xe ViP,Mưa,0.801656,0.803405,9,0,86.95,Cao điểm Tối,2.41
Cần Thơ,,3,15.83,Ô Tô 4 Chỗ,Mưa,0.430095,0.852106,14,0,83.55,Cao điểm Tối,3.12
Hà Nội,,3,16.05,Xe ViP,Nhiều Mây,0.384,0.985656,0,0,99.58,Chiều,1.9
Hồ Chí Minh,,4,2.95,Xe ViP,Mưa,0.910114,0.460502,20,0,91.91,Cao điểm Sáng,1.77
Hà Nội,,4,16.95,Xe ViP,Mưa,0.523619,0.547885,16,0,89.57,Chiều,1.29
Hải Phòng,,3,14.96,Ô Tô 4 Chỗ,Nhiều Mây,0.357501,0.892075,2,0,92.77,Cao điểm Tối,2.12
Hải Phòng,,5,13.19,Ô Tô 4 Chỗ,Mưa Bão,0.392349,0.912201,12,1,84.33,Đêm,2.11
Hà Nội,,5,0.71,Xe Máy,Mưa,0.301284,0.608035,6,1,94.37,Cao điểm Sáng,1.97
Đà Nẵng,,1,3.6,Ô Tô 4 Chỗ,Mưa Bão,0.366258,0.469324,13,0,85.81,Chiều,1.32
Hồ Chí Minh,,6,5.64,Xe ViP,Mưa,0.540597,0.790982,14,1,98.94,Cao điểm Sáng,2.54
Hồ Chí Minh,,0,3,Ô Tô 4 Chỗ,Mưa,0.892728,0.443269,12,0,90.29,Cao điểm Sáng,1.8
Hải Phòng,,0,18.56,Ô Tô 4 Chỗ,Mưa Bão,0.513779,0.500135,16,0,86.93,Chiều,1.33
Hải Phòng,,4,19.1,Xe Máy,Nhiều Mây,0.211781,0.770003,11,0,94.2,Đêm,1.84
Cần Thơ,,5,11.78,Xe Máy,Nắng,0.740467,0.731024,3,1,95.36,Chiều,1
Hải Phòng,,3,14.75,Ô Tô 4 Chỗ,Nắng,0.35102,0.758956,0,0,92.83,Cao điểm Tối,1.76
Hà Nội,,2,11.01,Xe Máy,Mưa,0.875007,0.447,13,0,85.64,Đêm,1.32
Cần Thơ,,2,2.11,Ô Tô 4 Chỗ,Nắng,0.480059,0.760941,17,0,87.82,Chiều,1.42
Hồ Chí Minh,,5,18.44,Xe Máy,Nhiều Mây,0.997424,0.703976,14,1,98.48,Cao điểm Tối,1.17
Đà Nẵng,,4,17.4,Xe Máy,Mưa Bão,0.882621,0.946606,3,0,93.29,Chiều,1.46
Cần Thơ,,0,7.83,Ô Tô 4 Chỗ,Mưa,0.289171,0.483752,2,0,97.15,Đêm,1.48
Hải Phòng,,6,12.56,Ô Tô 4 Chỗ,Nhiều Mây,0.673402,0.987958,20,1,92.57,Đêm,1.22
Cần Thơ,,1,18.95,Xe Máy,Nhiều Mây,0.288511,0.966558,21,0,92.86,Cao điểm Sáng,2.29
Đà Nẵng,,6,13.99,Xe Máy,Nhiều Mây,0.980772,0.833463,8,1,91.39,Cao điểm Sáng,1
Hà Nội,,6,12.52,Ô Tô 4 Chỗ,Mưa Bão,0.244226,0.741865,6,1,94.23,Chiều,1.98
Cần Thơ,,0,4.26,Xe Máy,Nắng,0.605191,0.633958,4,0,92.61,Cao điểm Sáng,1.25
Hà Nội,,5,7.49,Xe Máy,Nhiều Mây,0.684025,0.774698,0,1,96.25,Cao điểm Tối,1.3
Cần Thơ,,0,10.58,Ô Tô 4 Chỗ,Nhiều Mây,0.587421,0.732386,7,0,89.35,Chiều,1.22
Hồ Chí Minh,,1,18.91,Ô Tô 4 Chỗ,Mưa Bão,0.380251,0.593364,3,0,96.56,Chiều,1.43
Đà Nẵng,,6,0.77,Ô Tô 4 Chỗ,Mưa Bão,0.507385,0.475598,18,1,96.04,Cao điểm Sáng,1.82
Hồ Chí Minh,,1,15.09,Ô Tô 4 Chỗ,Mưa Bão,0.41257,0.948031,1,0,87.25,Cao điểm Tối,2.87
Hồ Chí Minh,,0,6.94,Xe Máy,Mưa,0.778391,0.675217,18,0,98.7,Chiều,1.15
Đà Nẵng,,2,1.74,Ô Tô 4 Chỗ,Mưa Bão,0.698552,0.473746,5,0,89.65,Đêm,1.31
Hà Nội,,2,6.95,Ô Tô 4 Chỗ,Mưa Bão,0.366622,0.789492,13,0,89.72,Cao điểm Tối,3.07
Hải Phòng,,6,18.22,Xe Máy,Mưa Bão,0.416942,0.858351,22,1,95.2,Đêm,1.88
Đà Nẵng,,5,7.88,Xe ViP,Mưa,0.728153,0.816215,14,1,96.3,Cao điểm Sáng,2.13
Cần Thơ,,0,0.6,Xe ViP,Nhiều Mây,0.419238,0.934212,23,0,96.93,Đêm,1.77
Hải Phòng,,2,10.93,Xe ViP,Mưa,0.840887,0.70557,21,0,91.66,Chiều,1.28
Cần Thơ,,5,8.79,Xe Máy,Nhiều Mây,0.708597,0.798035,11,1,97.37,Đêm,1.07
Đà Nẵng,,6,5.12,Xe ViP,Mưa Bão,0.694404,0.888102,15,1,91.15,Cao điểm Tối,2.26
Đà Nẵng,,2,18.88,Ô Tô 4 Chỗ,Mưa,0.982044,0.675415,1,0,87.61,Chiều,1.29
Hà Nội,,6,17.44,Xe Máy,Nhiều Mây,0.983986,0.848318,5,1,84.72,Cao điểm Tối,1.34
Hải Phòng,,3,2.53,Xe Máy,Mưa Bão,0.915026,0.961812,11,0,99.69,Cao điểm Sáng,2.28
Hải Phòng,,1,19.74,Xe ViP,Nhiều Mây,0.906536,0.9064,16,0,93.2,Đêm,1
Cần Thơ,,5,4.09,Ô Tô 4 Chỗ,Mưa Bão,0.483431,0.489702,15,1,85.24,Đêm,1.36
Hà Nội,,1,6.45,Ô Tô 4 Chỗ,Nhiều Mây,0.713902,0.610414,19,0,89.73,Cao điểm Sáng,1.27
Hồ Chí Minh,,6,11.2,Xe Máy,Mưa,0.644976,0.446304,11,1,95.48,Cao điểm Tối,2.43
Hà Nội,,6,12.05,Ô Tô 4 Chỗ,Mưa Bão,0.91922,0.534596,9,1,96.17,Đêm,1.4
Đà Nẵng,,6,3.67,Ô Tô 4 Chỗ,Mưa,0.385348,0.728721,17,1,97.74,Đêm,1.72
Hồ Chí Minh,,5,11.65,Xe Máy,Mưa Bão,0.994709,0.854332,4,1,92.48,Cao điểm Tối,2.16
Cần Thơ,,4,3.69,Xe Máy,Nắng,0.227232,0.488014,11,0,94.36,Đêm,1.39
Đà Nẵng,,4,18.24,Xe ViP,Mưa Bão,0.727932,0.753391,6,0,90.64,Cao điểm Sáng,2.07
Hà Nội,,3,12.07,Ô Tô 4 Chỗ,Mưa,0.693661,0.625389,10,0,98.45,Chiều,1.27
Hà Nội,,6,16.63,Ô Tô 4 Chỗ,Nắng,0.51564,0.948184,5,1,92.67,Cao điểm Sáng,1.81
Hải Phòng,,5,7.49,Ô Tô 4 Chỗ,Mưa,0.362624,0.442313,6,1,92.94,Chiều,1.34
Hà Nội,,0,5.47,Ô Tô 4 Chỗ,Nắng,0.221291,0.946481,4,0,91.73,Cao điểm Tối,2.37
Hà Nội,,0,13.36,Xe ViP,Nhiều Mây,0.7174,0.857972,15,0,89.57,Cao điểm Sáng,1.45
Hải Phòng,,5,13.68,Ô Tô 4 Chỗ,Mưa Bão,0.421433,0.907769,13,1,94,Cao điểm Sáng,2.81
Hải Phòng,,1,18.79,Ô Tô 4 Chỗ,Nắng,0.835903,0.845567,13,0,97.77,Đêm,1.01
Hà Nội,,2,6.06,Xe Máy,Mưa,0.37749,0.671998,1,0,90.4,Chiều,1.61
Cần Thơ,,3,9.75,Ô Tô 4 Chỗ,Nắng,0.670503,0.662739,20,0,86.1,Chiều,1
Hồ Chí Minh,,6,1.47,Xe ViP,Nắng,0.739645,0.635631,11,1,86.46,Cao điểm Sáng,1.39
Cần Thơ,,0,14.48,Xe ViP,Mưa,0.486839,0.565326,11,0,95.42,Đêm,1.25
Hải Phòng,,1,10.06,Xe ViP,Mưa,0.901101,0.921364,2,0,90.46,Chiều,1.18
Hồ Chí Minh,,0,18.54,Xe ViP,Nắng,0.255078,0.87199,13,0,87.59,Cao điểm Tối,2.2
Đà Nẵng,,6,10.64,Xe ViP,Mưa,0.386046,0.820232,0,1,85.9,Cao điểm Tối,2.78
Đà Nẵng,,2,11.37,Ô Tô 4 Chỗ,Mưa Bão,0.406959,0.429211,16,0,88.1,Chiều,1.3
Hải Phòng,,2,11.03,Xe Máy,Nắng,0.350985,0.501757,3,0,92.59,Cao điểm Sáng,1.62
Hồ Chí Minh,,0,2.11,Xe Máy,Mưa Bão,0.970291,0.627653,21,0,93.6,Cao điểm Tối,1.67
Đà Nẵng,,6,1.56,Ô Tô 4 Chỗ,Nắng,0.608448,0.490402,3,1,91.81,Cao điểm Sáng,1.02
Đà Nẵng,,4,1.33,Xe ViP,Mưa Bão,0.675566,0.60036,3,0,85.54,Cao điểm Sáng,1.69
Hồ Chí Minh,,1,7.6,Xe ViP,Nhiều Mây,0.660046,0.717981,16,0,89.04,Cao điểm Sáng,1.34
Đà Nẵng,,3,11.79,Ô Tô 4 Chỗ,Mưa,0.89453,0.684572,21,0,85.22,Chiều,1.22
Đà Nẵng,,0,19.81,Xe ViP,Nhiều Mây,0.809458,0.913018,13,0,91.5,Chiều,1.16
Hải Phòng,,1,3.3,Xe Máy,Mưa,0.804984,0.479871,19,0,94.2,Chiều,1.32
Hà Nội,,0,11.57,Xe Máy,Nhiều Mây,0.755155,0.973668,14,0,92.11,Cao điểm Sáng,1.5
Hồ Chí Minh,,1,10.83,Xe ViP,Nắng,0.557546,0.848888,12,0,95.99,Cao điểm Tối,1.72
Hồ Chí Minh,,5,10.96,Xe Máy,Mưa,0.914413,0.551724,12,1,98.19,Cao điểm Sáng,2.24
Hải Phòng,,5,13.92,Xe Máy,Nhiều Mây,0.638584,0.532563,12,1,88.53,Chiều,1
Hải Phòng,,2,12.28,Xe Máy,Mưa Bão,0.83198,0.680127,23,0,88.85,Cao điểm Tối,2.3
Hà Nội,,1,17.64,Xe ViP,Mưa Bão,0.817635,0.897021,3,0,87.06,Cao điểm Tối,2.07
Hồ Chí Minh,,5,6.1,Ô Tô 4 Chỗ,Nắng,0.847453,0.639745,20,1,86.45,Chiều,1
Cần Thơ,,4,14.55,Xe ViP,Mưa,0.505129,0.669967,13,0,84.05,Cao điểm Sáng,2.29
Hải Phòng,,2,11.79,Xe ViP,Nhiều Mây,0.542106,0.95175,22,0,98.19,Chiều,1.61
Hồ Chí Minh,,5,2.24,Ô Tô 4 Chỗ,Mưa,0.593151,0.477633,7,1,86.95,Chiều,1.13
Hà Nội,,0,13.17,Ô Tô 4 Chỗ,Mưa Bão,0.866254,0.889374,23,0,95.65,Cao điểm Sáng,1.75
Cần Thơ,,5,3.86,Xe ViP,Nhiều Mây,0.786686,0.511718,22,1,88.41,Cao điểm Tối,1.26
Hải Phòng,,6,11.64,Xe ViP,Mưa Bão,0.457927,0.518873,7,1,91.85,Đêm,1.36
Hải Phòng,,1,12.86,Xe ViP,Nhiều Mây,0.331363,0.408091,3,0,94.95,Cao điểm Sáng,1.42
Đà Nẵng,,5,11.25,Xe ViP,Mưa,0.305735,0.892749,16,1,86.3,Cao điểm Tối,2.38
Hải Phòng,,4,11.2,Xe Máy,Nhiều Mây,0.74963,0.975435,22,0,88.48,Chiều,1.34
Hà Nội,,3,17.04,Xe Máy,Mưa Bão,0.310781,0.895269,3,0,92.55,Cao điểm Sáng,2.44
Đà Nẵng,,1,17.9,Xe ViP,Nắng,0.339561,0.600599,4,0,89.16,Chiều,1.39
Cần Thơ,,2,5.18,Xe Máy,Nắng,0.604195,0.669405,21,0,88.04,Cao điểm Sáng,1.33
Cần Thơ,,2,2.67,Xe Máy,Mưa,0.587405,0.986296,18,0,95.48,Cao điểm Sáng,2.96
Hải Phòng,,5,18.4,Xe Máy,Mưa Bão,0.287357,0.974783,15,1,95.23,Cao điểm Tối,3.14
Hà Nội,,0,15.9,Ô Tô 4 Chỗ,Mưa,0.752106,0.936422,10,0,87.8,Cao điểm Sáng,2.28
Cần Thơ,,3,9.58,Xe Máy,Mưa Bão,0.487319,0.848716,0,0,85.34,Cao điểm Sáng,2.29
Hà Nội,,3,9.78,Xe Máy,Nắng,0.616925,0.650904,19,0,86.32,Cao điểm Sáng,1.21
Hải Phòng,,5,0.67,Ô Tô 4 Chỗ,Nắng,0.560811,0.694745,22,1,95.83,Đêm,1.09
Hà Nội,,0,18.77,Ô Tô 4 Chỗ,Mưa,0.698839,0.755047,18,0,84.33,Chiều,1.45
Đà Nẵng,,6,15.41,Xe ViP,Nắng,0.217831,0.523688,22,1,89.89,Đêm,1.45
Đà Nẵng,,4,17.86,Ô Tô 4 Chỗ,Mưa Bão,0.6452,0.861457,22,0,91.57,Cao điểm Sáng,2.74
Hồ Chí Minh,,2,9.92,Xe ViP,Mưa,0.882117,0.43428,20,0,97.03,Đêm,1.38
Cần Thơ,,0,6.23,Ô Tô 4 Chỗ,Mưa,0.855713,0.407712,5,0,86.48,Chiều,1.27
Hải Phòng,,6,5.19,Xe ViP,Nhiều Mây,0.289184,0.83509,3,1,95.1,Đêm,1.69
Hồ Chí Minh,,6,15.36,Xe ViP,Nắng,0.49795,0.513855,7,1,92.44,Chiều,1.02
Đà Nẵng,,5,17.78,Xe Máy,Mưa,0.456972,0.711438,12,1,97.41,Cao điểm Tối,2.23
Cần Thơ,,3,15.06,Ô Tô 4 Chỗ,Mưa,0.634987,0.608992,18,0,89.49,Cao điểm Sáng,1.62
Đà Nẵng,,3,4.72,Xe Máy,Nắng,0.976297,0.791738,5,0,97.86,Chiều,1
Hà Nội,,4,19.83,Xe Máy,Mưa Bão,0.278998,0.584174,19,0,93.36,Cao điểm Sáng,2.37
Hải Phòng,,2,0.94,Ô Tô 4 Chỗ,Mưa Bão,0.460168,0.569053,1,0,92.27,Đêm,1.37
Hải Phòng,,0,15.29,Xe Máy,Mưa Bão,0.849808,0.865101,3,0,96.9,Đêm,1.29
Hà Nội,,2,2.08,Xe Máy,Nắng,0.400958,0.599811,20,0,90.64,Cao điểm Sáng,1.53
Hà Nội,,5,8.74,Ô Tô 4 Chỗ,Mưa,0.937075,0.915272,23,1,96.28,Chiều,1.22
Hải Phòng,,3,19.47,Ô Tô 4 Chỗ,Mưa,0.415933,0.950741,6,0,88.36,Chiều,2.16
Hải Phòng,,6,10.65,Ô Tô 4 Chỗ,Nắng,0.637054,0.749319,5,1,85.82,Đêm,1
Cần Thơ,,2,14.1,Ô Tô 4 Chỗ,Mưa Bão,0.783225,0.844657,17,0,92.25,Chiều,1.39
Đà Nẵng,,0,16.63,Xe Máy,Mưa,0.502355,0.641889,4,0,94.9,Chiều,1.49
Hải Phòng,,4,18.02,Ô Tô 4 Chỗ,Mưa Bão,0.690737,0.729699,2,0,89.27,Cao điểm Tối,2.08
Cần Thơ,,5,13.11,Xe ViP,Nhiều Mây,0.483835,0.640059,13,1,92.21,Cao điểm Tối,1.15
Hải Phòng,,3,6.95,Xe ViP,Mưa Bão,0.729663,0.500334,9,0,87.56,Cao điểm Tối,2.48
Cần Thơ,,3,17.66,Xe ViP,Nắng,0.388712,0.989599,16,0,89.69,Cao điểm Sáng,2.17
Đà Nẵng,,2,10.18,Ô Tô 4 Chỗ,Mưa Bão,0.44127,0.471543,12,0,84.73,Đêm,1.15
Hồ Chí Minh,,5,4.25,Ô Tô 4 Chỗ,Nhiều Mây,0.8508,0.544418,14,1,94.84,Chiều,1
Hà Nội,,5,15.26,Xe Máy,Mưa Bão,0.908848,0.886849,4,1,98.73,Cao điểm Sáng,1.51
Hà Nội,,0,2.24,Xe ViP,Nhiều Mây,0.831137,0.476139,8,0,98.06,Đêm,1
Đà Nẵng,,2,16.17,Xe Máy,Nắng,0.472736,0.82893,17,0,94.23,Cao điểm Sáng,1.67
Hồ Chí Minh,,6,14.66,Xe ViP,Mưa,0.954807,0.522905,21,1,88.96,Chiều,1.14
Cần Thơ,,3,1.37,Ô Tô 4 Chỗ,Mưa,0.368485,0.462726,22,0,96.74,Chiều,1.35
Cần Thơ,,5,14.88,Ô Tô 4 Chỗ,Mưa,0.694957,0.68367,4,1,95.81,Chiều,1.32
Hà Nội,,3,16.51,Ô Tô 4 Chỗ,Nắng,0.242676,0.653885,3,0,94.42,Chiều,1.62
Hồ Chí Minh,,5,1.34,Xe ViP,Nắng,0.531465,0.621679,7,1,86.32,Cao điểm Tối,1.49
Cần Thơ,,6,16.07,Xe ViP,Nắng,0.618387,0.905986,16,1,97.96,Chiều,1.19
Hồ Chí Minh,,4,15.02,Xe ViP,Mưa Bão,0.967144,0.862867,18,0,92.54,Cao điểm Tối,1.5
Hải Phòng,,3,4.39,Ô Tô 4 Chỗ,Mưa,0.906704,0.696363,3,0,97.77,Cao điểm Sáng,2.39
Hà Nội,,0,1.83,Ô Tô 4 Chỗ,Mưa Bão,0.71349,0.757779,4,0,91.48,Cao điểm Tối,1.6
Hà Nội,,0,15.6,Xe ViP,Mưa Bão,0.614588,0.475965,17,0,98.14,Cao điểm Tối,2.02
Đà Nẵng,,1,0.51,Xe ViP,Nắng,0.50564,0.968436,22,0,97.12,Cao điểm Tối,1.84
Hà Nội,,0,6.3,Xe ViP,Nắng,0.317561,0.820337,17,0,92.81,Đêm,1.75
Hải Phòng,,0,3.94,Xe Máy,Nhiều Mây,0.555852,0.938562,10,0,95.02,Cao điểm Tối,1.76
Hải Phòng,,6,4.77,Ô Tô 4 Chỗ,Nắng,0.729236,0.640313,3,1,84.94,Cao điểm Tối,1.28
Cần Thơ,,5,10.15,Xe ViP,Nhiều Mây,0.822569,0.55872,1,1,90.02,Cao điểm Sáng,1.3
Cần Thơ,,1,2.61,Ô Tô 4 Chỗ,Mưa Bão,0.953833,0.437047,16,0,85.32,Cao điểm Sáng,2.44
Đà Nẵng,,0,19.06,Xe ViP,Mưa,0.265203,0.799826,6,0,87.16,Cao điểm Sáng,2.82
Cần Thơ,,2,0.95,Xe Máy,Mưa,0.429527,0.784797,10,0,84.76,Cao điểm Sáng,2.87
Cần Thơ,,2,15.43,Xe ViP,Nhiều Mây,0.327634,0.78086,14,0,92.33,Cao điểm Sáng,1.87
Hải Phòng,,1,11.78,Xe ViP,Mưa Bão,0.335194,0.706796,15,0,95.78,Đêm,1.93
Cần Thơ,,4,19.38,Xe ViP,Nắng,0.695008,0.562921,16,0,85.85,Cao điểm Tối,1.35
Cần Thơ,,5,17.07,Xe ViP,Nhiều Mây,0.964182,0.880492,12,1,86.81,Đêm,1
Hà Nội,,4,16.84,Ô Tô 4 Chỗ,Mưa,0.808762,0.522574,16,0,90.99,Cao điểm Sáng,1.94
Hải Phòng,,3,3.93,Xe ViP,Mưa Bão,0.617043,0.578483,2,0,93.58,Đêm,1.19
Đà Nẵng,,0,1.12,Xe Máy,Nắng,0.648359,0.440709,11,0,83.5,Chiều,1
Cần Thơ,,2,16.58,Ô Tô 4 Chỗ,Nhiều Mây,0.810825,0.9195,16,0,93.79,Chiều,1.16
Đà Nẵng,,5,17.08,Xe ViP,Nắng,0.441162,0.5858,9,1,96.9,Cao điểm Sáng,1.32
Hồ Chí Minh,,4,0.6,Xe ViP,Mưa Bão,0.813846,0.819365,23,0,95.72,Cao điểm Tối,2.41
Hà Nội,,3,6.33,Ô Tô 4 Chỗ,Nhiều Mây,0.318987,0.753866,6,0,96.59,Đêm,1.65
Đà Nẵng,,2,17.48,Xe ViP,Mưa Bão,0.651311,0.473487,3,0,98.48,Cao điểm Sáng,1.56
Hải Phòng,,5,2.45,Ô Tô 4 Chỗ,Nhiều Mây,0.846544,0.537073,13,1,91.35,Chiều,1
Hồ Chí Minh,,4,7.11,Xe ViP,Nắng,0.360488,0.737843,11,0,84.3,Chiều,1.57
Hà Nội,,4,8.2,Xe Máy,Nhiều Mây,0.642026,0.826483,19,0,88.86,Cao điểm Sáng,1.48
Cần Thơ,,3,7.49,Xe ViP,Nhiều Mây,0.858136,0.734211,3,0,87.24,Cao điểm Sáng,1.14
Hải Phòng,,5,19.51,Xe Máy,Nhiều Mây,0.419083,0.982057,5,1,98.04,Cao điểm Tối,1.86
Cần Thơ,,0,12.21,Ô Tô 4 Chỗ,Mưa Bão,0.878981,0.967903,3,0,88.76,Cao điểm Sáng,2.39
Cần Thơ,,2,8.48,Xe Máy,Nhiều Mây,0.20134,0.827155,7,0,92.88,Chiều,1.94
Cần Thơ,,3,18.71,Xe ViP,Nắng,0.37999,0.49822,7,0,96.27,Cao điểm Tối,1.49
Đà Nẵng,,0,14.76,Ô Tô 4 Chỗ,Nhiều Mây,0.946255,0.705403,5,0,84.46,Cao điểm Tối,1.16
Hà Nội,,4,2.33,Xe Máy,Nắng,0.566386,0.632427,3,0,86.76,Cao điểm Tối,1.37
Hải Phòng,,0,18.66,Xe ViP,Nắng,0.56444,0.885901,3,0,96.12,Cao điểm Tối,1.73
Hồ Chí Minh,,2,7.46,Xe Máy,Nhiều Mây,0.831031,0.924314,1,0,89.19,Cao điểm Sáng,1.53
Hải Phòng,,3,2.08,Xe ViP,Mưa Bão,0.288508,0.771984,6,0,86.33,Đêm,2.07
Hải Phòng,,0,9.74,Xe ViP,Mưa Bão,0.260727,0.455274,14,0,91.73,Đêm,1.43
Hải Phòng,,1,15.67,Ô Tô 4 Chỗ,Nắng,0.290928,0.881132,9,0,86.91,Cao điểm Sáng,2.04
Hải Phòng,,0,6.82,Xe ViP,Mưa Bão,0.884942,0.485681,17,0,98.81,Cao điểm Tối,1.84
Hà Nội,,3,3.22,Xe ViP,Nắng,0.811606,0.590435,15,0,86.24,Chiều,1
Đà Nẵng,,5,16.66,Ô Tô 4 Chỗ,Mưa Bão,0.836033,0.885956,15,1,98.15,Đêm,1.42
Hải Phòng,,6,12.12,Ô Tô 4 Chỗ,Nhiều Mây,0.775327,0.829589,11,1,93.49,Cao điểm Sáng,1.23
Cần Thơ,,2,9.03,Xe ViP,Mưa,0.214536,0.602308,18,0,96.66,Cao điểm Tối,2.91
Đà Nẵng,,5,2.73,Ô Tô 4 Chỗ,Mưa,0.907563,0.596826,1,1,96.01,Cao điểm Sáng,1.71
Cần Thơ,,1,15.51,Xe ViP,Mưa Bão,0.890572,0.530619,8,0,93.95,Chiều,1.38
Hải Phòng,,5,17.66,Xe Máy,Mưa,0.911297,0.749766,21,1,97.25,Cao điểm Sáng,2.22
Hồ Chí Minh,,4,19.33,Xe ViP,Nắng,0.771442,0.901906,12,0,94.67,Chiều,1.2
Hải Phòng,,1,4.48,Ô Tô 4 Chỗ,Nhiều Mây,0.404369,0.868964,17,0,93.64,Cao điểm Tối,2.08
Cần Thơ,,5,10.7,Xe Máy,Mưa Bão,0.991463,0.574388,23,1,94.83,Cao điểm Sáng,2.31
Hồ Chí Minh,,1,11.52,Ô Tô 4 Chỗ,Mưa Bão,0.633812,0.769257,6,0,93.58,Cao điểm Tối,2.3
Cần Thơ,,3,11.41,Xe Máy,Mưa Bão,0.870042,0.860318,20,0,89.1,Cao điểm Tối,1.97
Hà Nội,,4,6.21,Ô Tô 4 Chỗ,Nhiều Mây,0.418267,0.588717,11,0,86.86,Cao điểm Tối,1.53
Hà Nội,,1,3.66,Xe ViP,Mưa Bão,0.50087,0.889505,19,0,94.63,Cao điểm Sáng,2.98
Hồ Chí Minh,,6,4.32,Xe ViP,Nhiều Mây,0.262938,0.776745,19,1,86.68,Đêm,1.77
Hải Phòng,,6,19.73,Ô Tô 4 Chỗ,Mưa Bão,0.871291,0.734253,14,1,85.2,Đêm,1.36
Cần Thơ,,3,14.08,Xe ViP,Nắng,0.927228,0.721008,18,0,92.82,Chiều,1
Hải Phòng,,3,4.6,Xe ViP,Mưa Bão,0.680253,0.545794,17,0,97.48,Cao điểm Sáng,2.24
Hồ Chí Minh,,1,13.74,Xe ViP,Mưa,0.88939,0.907087,17,0,89.34,Cao điểm Sáng,2.36
Hồ Chí Minh,,5,7.63,Ô Tô 4 Chỗ,Mưa Bão,0.739868,0.416508,0,1,91.44,Cao điểm Tối,1.73
Đà Nẵng,,6,4.84,Xe ViP,Nắng,0.412729,0.695932,11,1,96.2,Đêm,1.3
Hồ Chí Minh,,6,9.88,Xe ViP,Nắng,0.772526,0.402615,7,1,88.05,Cao điểm Tối,1.29
Hà Nội,,6,19.6,Xe Máy,Nhiều Mây,0.718352,0.887063,1,1,90.02,Chiều,1.25
Hà Nội,,3,1.72,Xe Máy,Nắng,0.534279,0.968676,22,0,93.28,Đêm,1.65
Đà Nẵng,,5,15.76,Xe ViP,Mưa Bão,0.777985,0.402729,15,1,95.9,Cao điểm Tối,1.97
Cần Thơ,,4,12.69,Xe Máy,Nhiều Mây,0.211301,0.811766,3,0,90.29,Đêm,1.9
Hà Nội,,3,7.38,Ô Tô 4 Chỗ,Mưa Bão,0.817651,0.793661,2,0,96.61,Đêm,1.23
Hải Phòng,,5,10.44,Xe Máy,Nắng,0.779446,0.894232,15,1,95.42,Cao điểm Tối,1.31
Cần Thơ,,5,12.89,Ô Tô 4 Chỗ,Nhiều Mây,0.671175,0.615114,20,1,92,Đêm,1
Hồ Chí Minh,,1,8.05,Xe Máy,Mưa,0.526043,0.894943,15,0,95.08,Cao điểm Tối,2.82
Đà Nẵng,,3,6.68,Xe Máy,Mưa Bão,0.498972,0.59786,21,0,85.88,Cao điểm Tối,2.24
Đà Nẵng,,1,17.81,Xe Máy,Mưa Bão,0.286409,0.406814,0,0,88.86,Chiều,1.43
Hà Nội,,3,1.69,Xe ViP,Mưa,0.673002,0.824201,10,0,97,Cao điểm Tối,2.63
Cần Thơ,,4,9.77,Xe Máy,Mưa Bão,0.43271,0.777158,14,0,93.97,Đêm,1.83
Hà Nội,,1,1.74,Xe Máy,Mưa Bão,0.296991,0.490145,22,0,87.74,Đêm,1.48
Đà Nẵng,,0,2.43,Ô Tô 4 Chỗ,Nhiều Mây,0.559225,0.878096,11,0,89.97,Cao điểm Tối,1.77
Hồ Chí Minh,,4,6.46,Xe Máy,Mưa,0.844217,0.720637,22,0,93.46,Cao điểm Sáng,2.37
Hà Nội,,6,16.79,Xe ViP,Mưa,0.838126,0.444224,21,1,88.83,Đêm,1.25
Hà Nội,,4,2.12,Xe ViP,Mưa Bão,0.602973,0.431076,3,0,92.11,Cao điểm Tối,1.88
Hải Phòng,,4,12.52,Xe ViP,Nắng,0.984266,0.697385,20,0,97.79,Đêm,1
Hải Phòng,,3,12.51,Xe Máy,Nắng,0.208967,0.466295,11,0,91.67,Đêm,1.39
Hà Nội,,5,18.47,Xe Máy,Mưa Bão,0.606241,0.43283,20,1,93.89,Cao điểm Sáng,1.74
Đà Nẵng,,3,18.51,Xe ViP,Nắng,0.647677,0.750457,7,0,87.83,Chiều,1.15
Hà Nội,,2,14.04,Ô Tô 4 Chỗ,Nắng,0.919201,0.712963,9,0,88.18,Chiều,1
Hà Nội,,3,5.8,Xe ViP,Mưa,0.649445,0.992355,5,0,86.74,Cao điểm Sáng,2.46
Hải Phòng,,5,4.26,Xe ViP,Nhiều Mây,0.377752,0.5667,5,1,96.67,Chiều,1.27
Hải Phòng,,0,19.98,Xe Máy,Mưa,0.45276,0.562533,6,0,92.12,Chiều,1.3
Hải Phòng,,6,4.23,Xe ViP,Mưa Bão,0.566315,0.942269,8,1,84.36,Cao điểm Sáng,2.29
Hải Phòng,,0,13.32,Xe Máy,Mưa Bão,0.682465,0.495731,5,0,93.86,Chiều,1.2
Cần Thơ,,0,13.24,Xe ViP,Nhiều Mây,0.541718,0.506453,8,0,86.37,Chiều,1
Hồ Chí Minh,,3,19.44,Ô Tô 4 Chỗ,Nhiều Mây,0.841569,0.823136,20,0,91.03,Cao điểm Tối,1.25
Hồ Chí Minh,,1,6.99,Xe Máy,Nhiều Mây,0.469634,0.889072,3,0,94.33,Cao điểm Tối,2
Hà Nội,,1,11.75,Xe Máy,Nhiều Mây,0.737613,0.407871,7,0,91.28,Cao điểm Sáng,1.38
Hà Nội,,4,3.34,Xe Máy,Mưa Bão,0.864815,0.655397,6,0,87.31,Chiều,1.27
Hà Nội,,6,10.03,Xe ViP,Nắng,0.235054,0.923015,18,1,92.08,Cao điểm Tối,2.39
Cần Thơ,,2,11.12,Xe Máy,Nắng,0.900744,0.600214,12,0,88.82,Cao điểm Tối,1.31
Hải Phòng,,1,13.68,Ô Tô 4 Chỗ,Mưa Bão,0.397309,0.818313,13,0,96.87,Cao điểm Tối,2.49
Hà Nội,,1,5.93,Xe ViP,Nhiều Mây,0.364412,0.887762,4,0,96.09,Chiều,1.79
Hải Phòng,,0,17.22,Ô Tô 4 Chỗ,Nhiều Mây,0.969771,0.757896,14,0,93.31,Đêm,1
Hải Phòng,,6,2.92,Xe ViP,Nhiều Mây,0.609438,0.703443,23,1,95.97,Cao điểm Tối,1.28
Hà Nội,,6,2.9,Xe Máy,Nhiều Mây,0.641488,0.791261,2,1,89,Cao điểm Sáng,1.51
Hà Nội,,6,12.54,Ô Tô 4 Chỗ,Mưa Bão,0.28801,0.804715,0,1,97.71,Chiều,1.92
Hải Phòng,,6,2.64,Ô Tô 4 Chỗ,Mưa,0.812234,0.884106,23,1,90.22,Cao điểm Tối,1.74
Đà Nẵng,,5,15.68,Ô Tô 4 Chỗ,Mưa Bão,0.22039,0.477851,2,1,92.2,Đêm,1.78
Hà Nội,,2,0.89,Xe ViP,Nhiều Mây,0.440856,0.931641,11,0,92,Chiều,1.74
Hồ Chí Minh,,1,2.93,Xe Máy,Mưa,0.219737,0.687441,6,0,90.32,Chiều,1.9
Hồ Chí Minh,,6,15.3,Xe Máy,Mưa Bão,0.555201,0.961833,5,1,96.32,Cao điểm Sáng,3.01
Cần Thơ,,5,15.22,Xe ViP,Nhiều Mây,0.466939,0.592313,2,1,94.25,Đêm,1.18
Hồ Chí Minh,,0,9.69,Ô Tô 4 Chỗ,Nắng,0.281268,0.913843,11,0,83.49,Cao điểm Sáng,2.25
Hải Phòng,,5,18.59,Xe ViP,Nắng,0.336337,0.977887,19,1,85.6,Chiều,1.84
Hải Phòng,,4,4.9,Xe ViP,Mưa,0.65443,0.877041,3,0,89.51,Cao điểm Sáng,2.41
Đà Nẵng,,4,9.51,Xe Máy,Nắng,0.899514,0.812596,13,0,96.92,Chiều,1
Hà Nội,,1,8.25,Xe Máy,Nhiều Mây,0.490816,0.773603,0,0,89.76,Cao điểm Sáng,1.61
Hà Nội,,6,14.65,Xe ViP,Mưa,0.828641,0.969896,17,1,84.63,Đêm,1.46
Cần Thơ,,2,17.03,Xe Máy,Mưa Bão,0.654021,0.83746,14,0,90.31,Cao điểm Tối,2.11
Hà Nội,,4,14.78,Ô Tô 4 Chỗ,Mưa Bão,0.205401,0.918622,4,0,94.72,Cao điểm Tối,2.88
Đà Nẵng,,0,8.5,Xe ViP,Mưa,0.341852,0.913518,9,0,86.09,Chiều,2.25
Hà Nội,,0,7.22,Xe ViP,Nhiều Mây,0.859543,0.950431,19,0,95.34,Chiều,1.14
Hải Phòng,,4,6.1,Xe ViP,Mưa,0.381147,0.469883,20,0,99.41,Đêm,1.45
Đà Nẵng,,1,17.24,Xe Máy,Mưa Bão,0.300656,0.745833,12,0,94.73,Đêm,2.03
Đà Nẵng,,0,12.37,Ô Tô 4 Chỗ,Mưa Bão,0.982551,0.812852,0,0,89.89,Chiều,1.12
Cần Thơ,,6,1.82,Ô Tô 4 Chỗ,Nắng,0.565201,0.43289,13,1,94.42,Cao điểm Sáng,1.12
Đà Nẵng,,3,16.67,Xe Máy,Mưa Bão,0.490665,0.958879,5,0,87.12,Cao điểm Sáng,2.2
Hà Nội,,4,7.05,Xe ViP,Nắng,0.589074,0.462845,18,0,87.2,Đêm,1
Hà Nội,,1,11.8,Xe ViP,Nắng,0.698294,0.834911,7,0,92.36,Đêm,1.2
Đà Nẵng,,2,4.57,Xe ViP,Mưa,0.835808,0.956417,19,0,94.78,Cao điểm Tối,2.65
Hồ Chí Minh,,2,12.4,Ô Tô 4 Chỗ,Nắng,0.834312,0.634523,0,0,90.69,Cao điểm Tối,1.16
Hải Phòng,,0,18.44,Xe ViP,Mưa,0.342066,0.644367,0,0,91.71,Cao điểm Tối,2.38
Hải Phòng,,3,0.51,Xe Máy,Nắng,0.843567,0.997204,3,0,91.72,Cao điểm Sáng,1.38
Hải Phòng,,2,2.87,Xe Máy,Nhiều Mây,0.41361,0.678433,6,0,85.4,Cao điểm Tối,1.62
Hải Phòng,,3,3.03,Ô Tô 4 Chỗ,Nhiều Mây,0.717565,0.536399,23,0,84.95,Đêm,1
Đà Nẵng,,5,15,Ô Tô 4 Chỗ,Nắng,0.278613,0.417678,14,1,87.63,Cao điểm Tối,1.31
Đà Nẵng,,3,16.72,Xe Máy,Nắng,0.393452,0.855699,8,0,97.67,Cao điểm Sáng,1.83
Hải Phòng,,5,1.81,Ô Tô 4 Chỗ,Nắng,0.847011,0.858118,0,1,88.64,Cao điểm Sáng,1
Đà Nẵng,,4,0.67,Xe ViP,Mưa,0.371874,0.810144,23,0,98.49,Cao điểm Tối,2.63
Cần Thơ,,5,17.53,Xe ViP,Mưa,0.939629,0.836554,20,1,90.65,Cao điểm Sáng,1.79
Cần Thơ,,2,19.19,Xe ViP,Mưa,0.367626,0.575485,7,0,85.13,Đêm,1.55
Cần Thơ,,0,8.55,Xe Máy,Nhiều Mây,0.712616,0.906334,11,0,90.93,Cao điểm Sáng,1.48
Hà Nội,,2,10.38,Ô Tô 4 Chỗ,Mưa,0.830903,0.425608,18,0,86.25,Cao điểm Sáng,1.75
Hà Nội,,3,14.35,Xe Máy,Nhiều Mây,0.90959,0.609058,23,0,88.63,Cao điểm Tối,1.26
Hồ Chí Minh,,2,3.3,Ô Tô 4 Chỗ,Mưa,0.771462,0.409351,16,0,94.48,Chiều,1.19
Hồ Chí Minh,,3,19.07,Xe ViP,Mưa Bão,0.934903,0.553527,12,0,86.66,Cao điểm Tối,1.78
Cần Thơ,,4,3.31,Xe ViP,Mưa Bão,0.509843,0.789921,14,0,94.88,Cao điểm Tối,2.79
Hải Phòng,,2,18.42,Xe ViP,Mưa,0.791145,0.771022,22,0,85.74,Cao điểm Tối,1.81
Hải Phòng,,3,7.42,Ô Tô 4 Chỗ,Mưa,0.535869,0.888199,15,0,92.95,Chiều,1.78
Đà Nẵng,,1,5.48,Xe ViP,Nắng,0.92861,0.989456,2,0,85.78,Cao điểm Sáng,1.31
Đà Nẵng,,2,3.78,Xe Máy,Nhiều Mây,0.431482,0.774987,10,0,93.39,Đêm,1.52
Hải Phòng,,5,7.91,Ô Tô 4 Chỗ,Mưa,0.279404,0.521299,18,1,97.77,Chiều,1.55
Hải Phòng,,1,8.87,Ô Tô 4 Chỗ,Mưa Bão,0.569619,0.89122,4,0,92.35,Cao điểm Tối,2.21
Đà Nẵng,,0,2.28,Ô Tô 4 Chỗ,Nhiều Mây,0.788867,0.799908,1,0,96.69,Cao điểm Sáng,1.35
Cần Thơ,,3,7.6,Xe ViP,Nhiều Mây,0.570236,0.963375,21,0,87.06,Đêm,1.59
Hồ Chí Minh,,0,6.21,Xe Máy,Mưa,0.962382,0.984836,5,0,91.16,Cao điểm Tối,2.01
Đà Nẵng,,1,17.81,Xe ViP,Mưa Bão,0.373209,0.545075,1,0,89.55,Cao điểm Tối,2.09
Hồ Chí Minh,,2,13.73,Ô Tô 4 Chỗ,Mưa Bão,0.494727,0.601702,15,0,90.21,Cao điểm Sáng,2.61
Hà Nội,,3,6.58,Xe Máy,Nhiều Mây,0.286794,0.815873,13,0,84.09,Chiều,1.79
Cần Thơ,,3,1.79,Ô Tô 4 Chỗ,Nhiều Mây,0.619362,0.53358,12,0,95.18,Đêm,1
Hồ Chí Minh,,3,16.01,Ô Tô 4 Chỗ,Nắng,0.695871,0.540437,9,0,91.95,Đêm,1
Hà Nội,,3,13.69,Xe ViP,Mưa,0.256529,0.553555,18,0,93.01,Cao điểm Sáng,2.76
Đà Nẵng,,4,7.22,Xe Máy,Mưa,0.725602,0.930655,19,0,85.75,Chiều,1.7
Hải Phòng,,2,9.16,Ô Tô 4 Chỗ,Mưa,0.926496,0.828016,20,0,86.96,Cao điểm Sáng,2.22
Hà Nội,,2,11.87,Xe ViP,Nắng,0.403274,0.420225,7,0,89.02,Chiều,1.03
Đà Nẵng,,4,12.81,Ô Tô 4 Chỗ,Mưa,0.319719,0.596331,0,0,85.48,Đêm,1.64
Hải Phòng,,3,19.67,Xe Máy,Mưa,0.887253,0.410123,5,0,89.41,Chiều,1.15
Đà Nẵng,,6,5.73,Ô Tô 4 Chỗ,Nắng,0.452431,0.817469,16,1,95.52,Cao điểm Tối,1.62
Hà Nội,,3,3.34,Xe ViP,Mưa Bão,0.764018,0.462057,0,0,99.03,Chiều,1.14
Đà Nẵng,,0,12,Ô Tô 4 Chỗ,Mưa,0.432432,0.859066,19,0,87.61,Cao điểm Sáng,2.88
Đà Nẵng,,5,2.18,Ô Tô 4 Chỗ,Nắng,0.441827,0.585883,18,1,92.04,Cao điểm Sáng,1.52
Cần Thơ,,1,1.4,Xe ViP,Mưa,0.988159,0.922171,6,0,96.23,Cao điểm Sáng,2.38
Hải Phòng,,3,19.43,Xe Máy,Nhiều Mây,0.542303,0.525333,12,0,88.62,Đêm,1
Đà Nẵng,,3,12.97,Xe Máy,Nhiều Mây,0.863912,0.6605,1,0,89.36,Chiều,1
Cần Thơ,,3,9.03,Ô Tô 4 Chỗ,Mưa Bão,0.697481,0.741938,18,0,95.11,Chiều,1.28
Cần Thơ,,2,1.99,Xe Máy,Mưa Bão,0.535646,0.727619,12,0,95.9,Chiều,1.55
Hồ Chí Minh,,0,13.98,Ô Tô 4 Chỗ,Nắng,0.313552,0.743861,13,0,96.5,Đêm,1.65
Đà Nẵng,,1,9.46,Xe ViP,Mưa Bão,0.438792,0.937594,18,0,96.32,Chiều,2.05
Đà Nẵng,,1,1.95,Xe ViP,Nắng,0.416055,0.407244,22,0,88.16,Cao điểm Tối,1.35
Hải Phòng,,0,3.6,Ô Tô 4 Chỗ,Mưa Bão,0.735474,0.471945,13,0,90.26,Chiều,1.26
Hồ Chí Minh,,3,19.34,Ô Tô 4 Chỗ,Nắng,0.348628,0.662414,19,0,94.72,Cao điểm Tối,1.63
Hải Phòng,,1,19.08,Xe Máy,Mưa Bão,0.671972,0.850522,14,0,88.89,Cao điểm Sáng,2.23
Hồ Chí Minh,,3,0.51,Ô Tô 4 Chỗ,Mưa Bão,0.609947,0.682141,17,0,85.78,Đêm,1.48
Hải Phòng,,1,7.95,Xe Máy,Nhiều Mây,0.699003,0.506887,11,0,87.73,Cao điểm Sáng,1.11
Cần Thơ,,1,9.5,Ô Tô 4 Chỗ,Mưa,0.459613,0.801268,12,0,86.49,Đêm,1.65
Hà Nội,,6,1.47,Xe Máy,Nắng,0.400122,0.90458,17,1,91.91,Cao điểm Tối,1.94
Đà Nẵng,,1,4.55,Xe Máy,Nhiều Mây,0.260737,0.741267,1,0,92.92,Cao điểm Tối,1.84
Hà Nội,,1,8.63,Xe ViP,Nhiều Mây,0.709149,0.761613,0,0,97.94,Cao điểm Sáng,1.2
Hồ Chí Minh,,3,14.94,Xe Máy,Nắng,0.632344,0.860545,18,0,96.84,Đêm,1.34
Cần Thơ,,2,8.69,Xe ViP,Mưa,0.625007,0.904312,2,0,86.44,Cao điểm Sáng,2.21
Hải Phòng,,2,7.04,Xe ViP,Mưa Bão,0.97546,0.92624,6,0,96.88,Cao điểm Sáng,2.38
Hải Phòng,,4,18.22,Ô Tô 4 Chỗ,Nhiều Mây,0.224376,0.678618,8,0,87.35,Cao điểm Sáng,1.92
Cần Thơ,,0,6.04,Ô Tô 4 Chỗ,Nắng,0.544465,0.405359,13,0,85.57,Chiều,1
Cần Thơ,,0,15.92,Ô Tô 4 Chỗ,Nhiều Mây,0.256883,0.888407,16,0,87.44,Cao điểm Sáng,2.3
Hải Phòng,,4,5.38,Xe ViP,Mưa Bão,0.345156,0.515994,13,0,92.76,Đêm,1.53
Đà Nẵng,,4,2.52,Xe Máy,Mưa Bão,0.391043,0.988619,19,0,95.33,Cao điểm Tối,3.15
Cần Thơ,,4,3.28,Xe Máy,Nhiều Mây,0.693741,0.980777,7,0,87.34,Đêm,1.43
Cần Thơ,,2,18.46,Ô Tô 4 Chỗ,Nắng,0.286274,0.406261,5,0,87.48,Cao điểm Sáng,1.49
Hồ Chí Minh,,0,17.57,Xe ViP,Mưa Bão,0.50107,0.477834,9,0,88.84,Đêm,1.38
Hà Nội,,0,11.64,Ô Tô 4 Chỗ,Nhiều Mây,0.736318,0.494638,22,0,86.08,Cao điểm Tối,1.15
Hà Nội,,6,4.65,Ô Tô 4 Chỗ,Mưa Bão,0.919634,0.804252,1,1,84.85,Cao điểm Tối,1.74
Hà Nội,,5,0.95,Xe ViP,Mưa,0.459451,0.482829,19,1,96.18,Đêm,1.24
Hồ Chí Minh,,0,5.9,Xe ViP,Nắng,0.878706,0.418171,20,0,88.35,Cao điểm Sáng,1.29
Hà Nội,,4,19.25,Xe ViP,Nắng,0.36504,0.68919,20,0,95.4,Đêm,1.49
Đà Nẵng,,6,16.41,Xe Máy,Mưa Bão,0.269173,0.850508,6,1,96.73,Chiều,2.09
Cần Thơ,,5,14.54,Xe ViP,Nắng,0.617724,0.726149,9,1,84.51,Chiều,1.1
Đà Nẵng,,1,12.66,Xe ViP,Nắng,0.271559,0.660764,23,0,93.11,Cao điểm Tối,1.74
Hải Phòng,,2,1.79,Xe Máy,Nắng,0.760733,0.549681,5,0,92.52,Cao điểm Tối,1.17
Hải Phòng,,1,3.81,Ô Tô 4 Chỗ,Mưa,0.506161,0.925693,13,0,86.22,Chiều,1.86
Cần Thơ,,6,1.18,Xe ViP,Nhiều Mây,0.32615,0.608723,21,1,88.49,Chiều,1.24
Đà Nẵng,,2,17.08,Xe Máy,Nhiều Mây,0.279539,0.487403,4,0,92.19,Đêm,1.31
Hồ Chí Minh,,2,5.56,Ô Tô 4 Chỗ,Mưa,0.535724,0.880445,6,0,94.56,Cao điểm Sáng,2.49
Hà Nội,,3,13.47,Xe Máy,Mưa Bão,0.725849,0.712276,8,0,90.72,Cao điểm Sáng,1.73
Hải Phòng,,6,6.95,Ô Tô 4 Chỗ,Nắng,0.264184,0.844573,11,1,88.86,Cao điểm Sáng,2.07
Hải Phòng,,5,13.36,Xe ViP,Nhiều Mây,0.844129,0.850202,20,1,87.53,Cao điểm Tối,1
Cần Thơ,,1,11.18,Xe ViP,Nhiều Mây,0.67008,0.54747,15,0,89.93,Cao điểm Sáng,1.3
Đà Nẵng,,4,5.96,Xe ViP,Nhiều Mây,0.329494,0.701087,9,0,93.31,Đêm,1.56
Cần Thơ,,3,18.09,Xe Máy,Nhiều Mây,0.876228,0.502347,1,0,86.13,Cao điểm Sáng,1.26
Đà Nẵng,,6,4.06,Xe ViP,Mưa Bão,0.958268,0.459668,19,1,87.77,Cao điểm Sáng,2.39
Hồ Chí Minh,,2,11.24,Xe Máy,Nắng,0.873489,0.706913,18,0,99.34,Chiều,1
Hải Phòng,,5,6.43,Xe ViP,Mưa Bão,0.898755,0.82762,14,1,98.36,Cao điểm Sáng,1.91
Hà Nội,,4,12.8,Ô Tô 4 Chỗ,Nhiều Mây,0.802638,0.562809,10,0,95.76,Cao điểm Tối,1.36
Hà Nội,,2,12.23,Ô Tô 4 Chỗ,Mưa,0.913136,0.662865,2,0,93.94,Cao điểm Tối,2.39
Hà Nội,,1,14.75,Xe Máy,Mưa,0.261223,0.939177,3,0,94.97,Chiều,2.32
Hồ Chí Minh,,6,8.78,Ô Tô 4 Chỗ,Nhiều Mây,0.681549,0.936953,19,1,96.97,Chiều,1.38
Hà Nội,,1,8.77,Xe Máy,Nắng,0.697065,0.628133,6,0,91.69,Cao điểm Tối,1.27
Hồ Chí Minh,,1,7.81,Xe ViP,Mưa,0.323465,0.95604,22,0,97.11,Chiều,2.26
Hồ Chí Minh,,0,3.64,Xe ViP,Mưa,0.388461,0.707559,6,0,89.4,Cao điểm Sáng,2.04
Hồ Chí Minh,,1,14.12,Ô Tô 4 Chỗ,Nắng,0.327755,0.746682,23,0,93.67,Chiều,1.63
Hải Phòng,,3,5.86,Xe Máy,Mưa Bão,0.917357,0.916336,20,0,98.03,Đêm,1.37
Cần Thơ,,3,3.21,Ô Tô 4 Chỗ,Mưa Bão,0.422225,0.758875,22,0,89.29,Cao điểm Tối,2.76
Hải Phòng,,3,12.52,Xe ViP,Mưa,0.937012,0.575981,17,0,90.29,Đêm,1.21
Đà Nẵng,,3,11.17,Xe ViP,Mưa,0.658285,0.677345,16,0,89.95,Cao điểm Tối,1.87
Hồ Chí Minh,,1,6.38,Xe ViP,Mưa Bão,0.769176,0.502801,12,0,95.44,Đêm,1.38
Hải Phòng,,6,5.22,Xe ViP,Mưa,0.295205,0.490826,21,1,98.76,Đêm,1.39
Hà Nội,,0,18.11,Ô Tô 4 Chỗ,Nhiều Mây,0.248692,0.671553,5,0,94.71,Cao điểm Tối,1.87
Hồ Chí Minh,,2,8.03,Xe Máy,Nhiều Mây,0.535152,0.561757,17,0,87.13,Cao điểm Sáng,1.25
Đà Nẵng,,6,9.11,Ô Tô 4 Chỗ,Mưa Bão,0.413599,0.677854,22,1,91.44,Đêm,1.57
Hải Phòng,,0,3.3,Ô Tô 4 Chỗ,Mưa,0.606429,0.425864,10,0,90.19,Đêm,1.2
Hồ Chí Minh,,1,5.9,Xe Máy,Mưa Bão,0.586444,0.534224,19,0,92.39,Đêm,1.22
Hà Nội,,0,14.38,Ô Tô 4 Chỗ,Mưa,0.9659,0.424412,11,0,83.73,Cao điểm Sáng,1.99
Hải Phòng,,4,11.53,Xe Máy,Nhiều Mây,0.301537,0.707579,2,0,95,Đêm,1.61
Hà Nội,,3,10.92,Xe ViP,Mưa,0.713446,0.74409,23,0,92.72,Cao điểm Sáng,2.29
Đà Nẵng,,1,2.12,Xe Máy,Mưa,0.43137,0.652003,2,0,95.27,Đêm,1.45
Hà Nội,,0,17.91,Ô Tô 4 Chỗ,Nhiều Mây,0.34997,0.792131,11,0,90.24,Cao điểm Tối,1.87
Đà Nẵng,,1,9.87,Xe ViP,Mưa Bão,0.903399,0.729923,20,0,92.19,Chiều,1.13
Đà Nẵng,,2,3.74,Ô Tô 4 Chỗ,Nắng,0.23528,0.883395,3,0,93.79,Cao điểm Sáng,2.18
Hà Nội,,3,11.12,Xe Máy,Mưa Bão,0.362624,0.556761,22,0,92.09,Cao điểm Tối,2.44
Hà Nội,,4,17.59,Xe Máy,Mưa Bão,0.374941,0.465105,21,0,92.11,Đêm,1.32
Hồ Chí Minh,,6,15.9,Xe ViP,Nhiều Mây,0.905984,0.640678,22,1,89.38,Đêm,1
Hải Phòng,,1,7.44,Xe ViP,Nắng,0.566726,0.970887,20,0,94.41,Đêm,1.61
Hải Phòng,,1,18.4,Xe Máy,Nhiều Mây,0.954424,0.75476,18,0,87.26,Cao điểm Sáng,1.22
Hà Nội,,4,8.6,Xe Máy,Mưa Bão,0.884908,0.739294,0,0,90.08,Cao điểm Sáng,1.56
Hồ Chí Minh,,5,15.61,Xe Máy,Mưa,0.576427,0.492013,2,1,90.41,Cao điểm Sáng,2.38
Hồ Chí Minh,,0,5.72,Xe ViP,Nắng,0.915276,0.734014,1,0,93.71,Cao điểm Tối,1.12
Cần Thơ,,6,16.35,Xe Máy,Nhiều Mây,0.649189,0.639945,4,1,97.67,Cao điểm Sáng,1.18
Hải Phòng,,0,13.3,Ô Tô 4 Chỗ,Nhiều Mây,0.865856,0.581943,5,0,94.25,Chiều,1
Hà Nội,,6,0.56,Ô Tô 4 Chỗ,Mưa Bão,0.868034,0.714391,14,1,84.63,Cao điểm Sáng,1.73
Cần Thơ,,1,17.83,Ô Tô 4 Chỗ,Nắng,0.439965,0.71309,5,0,91.11,Cao điểm Sáng,1.65
Hồ Chí Minh,,1,8.01,Xe Máy,Mưa,0.69229,0.447363,12,0,87.95,Cao điểm Tối,2.4
Hải Phòng,,1,2.26,Ô Tô 4 Chỗ,Mưa,0.567568,0.604896,15,0,93.38,Cao điểm Sáng,1.57
Hồ Chí Minh,,6,16.52,Xe ViP,Nắng,0.733414,0.731982,19,1,95.17,Đêm,1
Hà Nội,,2,11.73,Ô Tô 4 Chỗ,Mưa,0.5728,0.573368,12,0,93.98,Đêm,1.33
Hà Nội,,1,19.52,Xe ViP,Mưa,0.271937,0.987064,12,0,95.9,Đêm,2.34
Hồ Chí Minh,,2,9.42,Ô Tô 4 Chỗ,Mưa,0.716825,0.699451,15,0,92.76,Cao điểm Sáng,2.48
Đà Nẵng,,0,0.85,Xe ViP,Nắng,0.83299,0.789421,4,0,91.5,Chiều,1
Hồ Chí Minh,,0,17.77,Xe ViP,Nhiều Mây,0.743644,0.512109,0,0,83.77,Cao điểm Sáng,1.32
Hải Phòng,,4,6.15,Xe ViP,Nắng,0.881443,0.963412,1,0,98.96,Chiều,1.12
Đà Nẵng,,4,3.94,Xe ViP,Mưa,0.689175,0.641898,7,0,97.63,Cao điểm Tối,2.14
Hải Phòng,,2,18.7,Xe Máy,Nắng,0.870959,0.670451,5,0,94.02,Cao điểm Tối,1.14
Cần Thơ,,4,11.45,Xe Máy,Nhiều Mây,0.95925,0.73831,13,0,89.02,Cao điểm Sáng,1.17
Hà Nội,,2,14.38,Ô Tô 4 Chỗ,Mưa,0.763232,0.97264,14,0,89.56,Cao điểm Tối,2.59
Hà Nội,,4,12.63,Xe ViP,Nắng,0.482634,0.470431,14,0,86.46,Đêm,1
Đà Nẵng,,5,15.87,Xe ViP,Nhiều Mây,0.247117,0.911081,17,1,89.18,Đêm,1.87
Cần Thơ,,3,15.39,Ô Tô 4 Chỗ,Nắng,0.734144,0.421257,14,0,92.09,Cao điểm Tối,1.36
Hải Phòng,,3,1,Xe ViP,Mưa,0.994854,0.692145,0,0,98.36,Cao điểm Tối,1.95
Cần Thơ,,6,7.66,Xe Máy,Mưa,0.755303,0.582684,7,1,89.38,Chiều,1.14
Cần Thơ,,4,14.2,Xe ViP,Nắng,0.915265,0.840926,21,0,93.06,Cao điểm Tối,1.35
Đà Nẵng,,5,10.26,Xe Máy,Nắng,0.588332,0.740621,2,1,95.1,Đêm,1.16
Hải Phòng,,1,13.12,Ô Tô 4 Chỗ,Nắng,0.994808,0.648933,1,0,97.27,Đêm,1
Đà Nẵng,,3,2.6,Ô Tô 4 Chỗ,Nhiều Mây,0.409612,0.790004,13,0,90.64,Cao điểm Sáng,1.86
Cần Thơ,,4,15.32,Xe Máy,Mưa,0.468602,0.45282,9,0,86.2,Chiều,1.35
Cần Thơ,,6,1.34,Xe ViP,Nắng,0.292652,0.755116,3,1,94.84,Chiều,1.47
Cần Thơ,,5,11.49,Ô Tô 4 Chỗ,Nắng,0.351048,0.779002,7,1,86.36,Cao điểm Tối,1.52
Cần Thơ,,6,15.01,Xe Máy,Nắng,0.922068,0.516536,17,1,93.89,Cao điểm Tối,1
Hồ Chí Minh,,3,3.31,Xe Máy,Nắng,0.257576,0.670109,2,0,95.43,Đêm,1.62
Hải Phòng,,1,17.43,Xe ViP,Mưa Bão,0.208515,0.74492,15,0,99.38,Cao điểm Sáng,3.24
Đà Nẵng,,1,7.13,Xe Máy,Mưa,0.439717,0.783591,8,0,84.94,Cao điểm Sáng,2.98
Hà Nội,,3,7.26,Xe Máy,Nhiều Mây,0.945431,0.673651,5,0,83.22,Chiều,1
Hà Nội,,0,1.51,Xe Máy,Nhiều Mây,0.630206,0.445888,10,0,95.28,Cao điểm Sáng,1.38
Hải Phòng,,3,3.92,Xe ViP,Nắng,0.433718,0.596838,11,0,91.64,Đêm,1.24
Cần Thơ,,1,18.08,Xe ViP,Nhiều Mây,0.674732,0.702617,4,0,93.39,Chiều,1.04
Đà Nẵng,,2,8.14,Ô Tô 4 Chỗ,Mưa Bão,0.302993,0.893406,4,0,94.83,Cao điểm Tối,3.32
Hải Phòng,,4,18.58,Xe ViP,Mưa Bão,0.636905,0.744211,17,0,86.25,Chiều,1.28
Hải Phòng,,6,11.68,Ô Tô 4 Chỗ,Mưa Bão,0.627914,0.899909,9,1,95.88,Chiều,1.67
Hải Phòng,,6,18.15,Ô Tô 4 Chỗ,Nhiều Mây,0.45413,0.877843,9,1,86.68,Đêm,1.62
Hải Phòng,,2,19.19,Xe Máy,Nhiều Mây,0.392337,0.756548,1,0,85.05,Cao điểm Sáng,1.67
Đà Nẵng,,2,12.83,Ô Tô 4 Chỗ,Nhiều Mây,0.837794,0.981577,18,0,94.23,Cao điểm Tối,1.51
Đà Nẵng,,3,19.97,Xe Máy,Nắng,0.905028,0.871349,18,0,86.11,Cao điểm Sáng,1.19
Hải Phòng,,5,9.93,Ô Tô 4 Chỗ,Mưa Bão,0.411412,0.738215,8,1,96.57,Cao điểm Tối,2.18
Cần Thơ,,2,2.36,Xe ViP,Nắng,0.947804,0.4161,19,0,89.75,Chiều,1
Hồ Chí Minh,,0,7.7,Xe Máy,Mưa,0.529835,0.993377,16,0,97.35,Cao điểm Sáng,2.75
Cần Thơ,,4,15.27,Ô Tô 4 Chỗ,Nắng,0.542144,0.947595,23,0,88.53,Cao điểm Tối,1.96
Đà Nẵng,,0,7.63,Xe Máy,Nắng,0.789191,0.700554,12,0,90.16,Cao điểm Tối,1.39
Hồ Chí Minh,,0,14.22,Xe Máy,Mưa,0.988246,0.587435,22,0,90.52,Chiều,1.2
Hà Nội,,2,10.08,Xe ViP,Nắng,0.869288,0.582848,21,0,91.01,Đêm,1
Cần Thơ,,4,9.6,Xe ViP,Nhiều Mây,0.697736,0.716673,4,0,95.55,Chiều,1.03
Cần Thơ,,1,19.37,Ô Tô 4 Chỗ,Mưa Bão,0.4351,0.826275,7,0,95.68,Cao điểm Tối,2.75
Cần Thơ,,6,19.66,Xe Máy,Nắng,0.641371,0.668453,10,1,92.1,Chiều,1
Cần Thơ,,6,17.53,Xe ViP,Mưa Bão,0.488579,0.892914,15,1,94.62,Đêm,1.95
Hồ Chí Minh,,5,14.72,Xe ViP,Nắng,0.379259,0.828636,2,1,97.45,Chiều,1.67
Hải Phòng,,3,6.88,Xe Máy,Nhiều Mây,0.755806,0.937211,2,0,87.41,Chiều,1.27
Hà Nội,,2,7.43,Xe ViP,Mưa Bão,0.470937,0.567171,11,0,88.68,Đêm,1.45
Cần Thơ,,1,1.01,Xe ViP,Mưa,0.729094,0.606539,0,0,88.85,Cao điểm Tối,1.92
Cần Thơ,,6,14.61,Ô Tô 4 Chỗ,Nắng,0.889862,0.948275,7,1,88.02,Chiều,1
Hà Nội,,4,17.66,Ô Tô 4 Chỗ,Mưa,0.947476,0.76459,2,0,87.91,Đêm,1.29
Hồ Chí Minh,,3,0.67,Xe Máy,Nhiều Mây,0.284572,0.799203,6,0,94.42,Đêm,1.77
Cần Thơ,,4,16.97,Xe Máy,Nhiều Mây,0.912992,0.979207,21,0,97.49,Chiều,1.1
Hà Nội,,3,12.62,Xe Máy,Nhiều Mây,0.886919,0.814247,1,0,87.81,Chiều,1
Hà Nội,,3,16.89,Xe ViP,Mưa Bão,0.991541,0.828018,1,0,87.17,Cao điểm Sáng,2.08
Cần Thơ,,0,14.08,Xe ViP,Mưa,0.575785,0.552959,9,0,97.03,Chiều,1.12
Cần Thơ,,3,17.81,Ô Tô 4 Chỗ,Nhiều Mây,0.852737,0.878443,16,0,91.7,Cao điểm Sáng,1.18
Hải Phòng,,0,6.41,Ô Tô 4 Chỗ,Nắng,0.358182,0.970327,17,0,92.36,Chiều,1.92
Hồ Chí Minh,,1,15.1,Ô Tô 4 Chỗ,Mưa,0.374933,0.737453,3,0,92.67,Cao điểm Sáng,2.94
Hồ Chí Minh,,6,9.47,Xe ViP,Mưa Bão,0.368042,0.54195,19,1,97.67,Cao điểm Tối,1.85
Đà Nẵng,,2,0.67,Ô Tô 4 Chỗ,Nắng,0.836264,0.967406,10,0,90.51,Chiều,1.2
Đà Nẵng,,0,1.21,Xe Máy,Nắng,0.316682,0.716575,20,0,93.91,Chiều,1.6
Hải Phòng,,5,12.7,Ô Tô 4 Chỗ,Mưa,0.600899,0.59993,3,1,87.51,Cao điểm Sáng,2.28
Hà Nội,,0,12.28,Xe ViP,Mưa,0.50457,0.99058,22,0,91.48,Cao điểm Tối,2.51
Hồ Chí Minh,,2,5.23,Xe ViP,Mưa Bão,0.856675,0.528937,1,0,96.17,Chiều,1.38
Hồ Chí Minh,,3,18.45,Xe ViP,Mưa Bão,0.91848,0.401593,9,0,86.9,Đêm,1.12
Cần Thơ,,5,0.77,Xe Máy,Nhiều Mây,0.771046,0.657488,8,1,87.55,Đêm,1
Đà Nẵng,,5,18.66,Xe ViP,Nhiều Mây,0.387162,0.987262,0,1,88.77,Đêm,1.62
Hải Phòng,,6,1.95,Xe Máy,Nắng,0.925308,0.700002,10,1,89.96,Chiều,1
Đà Nẵng,,5,16.48,Ô Tô 4 Chỗ,Nắng,0.992563,0.739388,15,1,85.39,Cao điểm Sáng,1.06
Hà Nội,,2,9.84,Xe Máy,Mưa Bão,0.230971,0.683178,20,0,95.66,Cao điểm Sáng,2.6
Hà Nội,,2,16.61,Ô Tô 4 Chỗ,Mưa Bão,0.547715,0.427368,19,0,95,Cao điểm Tối,2.02
Hà Nội,,3,13.23,Ô Tô 4 Chỗ,Nhiều Mây,0.688496,0.991196,21,0,90.06,Cao điểm Tối,1.77
Hà Nội,,3,2.21,Xe ViP,Mưa,0.914304,0.455142,23,0,89.76,Chiều,1.14
Hải Phòng,,5,19.62,Xe Máy,Nhiều Mây,0.429689,0.490083,4,1,87.66,Cao điểm Sáng,1.18
Hồ Chí Minh,,3,7.83,Xe Máy,Mưa,0.968993,0.535497,4,0,85.8,Cao điểm Tối,2.38
Hồ Chí Minh,,3,10.65,Xe Máy,Nắng,0.850296,0.550502,10,0,87.51,Chiều,1
Hà Nội,,1,0.89,Ô Tô 4 Chỗ,Mưa,0.469145,0.668646,8,0,98.72,Chiều,1.42
Hải Phòng,,6,0.74,Xe Máy,Mưa Bão,0.758962,0.881498,10,1,96.81,Đêm,1.4
Cần Thơ,,5,4.05,Xe ViP,Nhiều Mây,0.2385,0.960672,13,1,95.1,Chiều,1.93
Hải Phòng,,1,9.16,Ô Tô 4 Chỗ,Mưa,0.646682,0.581058,9,0,95.53,Cao điểm Sáng,2.22
Cần Thơ,,5,19.74,Ô Tô 4 Chỗ,Mưa Bão,0.328986,0.602122,11,1,94.68,Chiều,1.76
Hải Phòng,,2,13.44,Xe Máy,Mưa Bão,0.26688,0.777128,5,0,86.19,Đêm,2
Hà Nội,,0,4.42,Xe Máy,Nắng,0.256212,0.57497,1,0,84.26,Cao điểm Sáng,1.83
Đà Nẵng,,2,16.64,Xe Máy,Nắng,0.353729,0.984246,17,0,92.96,Cao điểm Tối,2.2
Đà Nẵng,,0,12.92,Xe ViP,Mưa,0.434618,0.820785,19,0,91.96,Chiều,1.71
Cần Thơ,,2,10.45,Xe ViP,Mưa,0.940143,0.657125,22,0,96.51,Đêm,1.25
Hà Nội,,4,11.82,Ô Tô 4 Chỗ,Nhiều Mây,0.413834,0.935328,5,0,93.69,Chiều,1.78
Cần Thơ,,3,12.04,Xe ViP,Nắng,0.766445,0.722218,5,0,97.09,Chiều,1
Hồ Chí Minh,,6,6.28,Xe ViP,Nhiều Mây,0.259784,0.987773,8,1,92.46,Cao điểm Sáng,2.36
Hà Nội,,6,6.98,Xe Máy,Mưa Bão,0.712359,0.480168,19,1,91.27,Cao điểm Sáng,2.11
Hồ Chí Minh,,6,8.17,Xe ViP,Mưa Bão,0.424256,0.818084,21,1,83.78,Chiều,1.76
Hà Nội,,4,18.95,Xe ViP,Nắng,0.264105,0.89741,22,0,94,Đêm,1.95
Hồ Chí Minh,,0,1.57,Xe Máy,Nắng,0.904371,0.820257,12,0,97.68,Đêm,1
Cần Thơ,,2,19.68,Xe Máy,Nhiều Mây,0.652334,0.692086,4,0,94.42,Cao điểm Tối,1.22
Đà Nẵng,,4,17.69,Xe Máy,Nắng,0.426137,0.618028,16,0,95.83,Cao điểm Sáng,1.63
Hải Phòng,,4,14.67,Xe ViP,Mưa,0.729616,0.746909,20,0,95.76,Cao điểm Sáng,2.14
Hải Phòng,,2,12,Xe Máy,Mưa Bão,0.632964,0.915564,17,0,91.36,Cao điểm Sáng,2.68
Cần Thơ,,5,5.5,Xe ViP,Nhiều Mây,0.84802,0.75903,2,1,88.35,Cao điểm Tối,1
Hải Phòng,,5,15.18,Xe ViP,Nắng,0.631254,0.750935,0,1,87.2,Đêm,1.09
Hồ Chí Minh,,2,11.44,Xe Máy,Mưa Bão,0.742373,0.945224,13,0,85.41,Cao điểm Sáng,2.36
Hà Nội,,1,14.12,Ô Tô 4 Chỗ,Mưa,0.853661,0.475161,17,0,96.42,Cao điểm Sáng,2.01
Hồ Chí Minh,,4,7.46,Ô Tô 4 Chỗ,Nắng,0.637015,0.741268,11,0,89.58,Cao điểm Sáng,1.44
Hà Nội,,6,13.6,Xe ViP,Mưa Bão,0.640636,0.96949,16,1,89.15,Cao điểm Tối,1.99
Hồ Chí Minh,,4,18.29,Xe ViP,Nắng,0.760621,0.959673,11,0,92.2,Chiều,1.3
Hà Nội,,5,3.11,Xe Máy,Mưa,0.911652,0.922426,0,1,88.96,Cao điểm Tối,2.45
Cần Thơ,,6,4.34,Ô Tô 4 Chỗ,Mưa,0.68876,0.528499,4,1,92.89,Cao điểm Sáng,1.6
Hải Phòng,,2,18.26,Xe Máy,Nhiều Mây,0.628238,0.861127,7,0,91.4,Cao điểm Sáng,1.48
Cần Thơ,,4,5.06,Xe Máy,Mưa Bão,0.265715,0.919858,5,0,95.63,Cao điểm Tối,2.69
Đà Nẵng,,0,11.25,Xe Máy,Mưa,0.335444,0.61214,20,0,96.47,Cao điểm Sáng,2.71
Hà Nội,,5,14.96,Xe Máy,Mưa Bão,0.24745,0.980188,21,1,96.26,Đêm,2.3
Cần Thơ,,5,19.24,Xe ViP,Mưa,0.590839,0.800406,14,1,85.34,Đêm,1.51
Hồ Chí Minh,,2,10.5,Xe ViP,Mưa Bão,0.250712,0.638429,13,0,95.04,Chiều,1.77
Hồ Chí Minh,,4,19.9,Ô Tô 4 Chỗ,Mưa Bão,0.805459,0.686337,18,0,88.9,Cao điểm Sáng,2.49
Hà Nội,,0,19.02,Ô Tô 4 Chỗ,Nhiều Mây,0.570482,0.751316,21,0,93.8,Cao điểm Tối,1.38
Hà Nội,,3,11.76,Xe ViP,Nhiều Mây,0.940415,0.501604,21,0,93.99,Chiều,1
Cần Thơ,,0,11.74,Xe ViP,Nắng,0.713995,0.606712,14,0,97.84,Chiều,1
Hà Nội,,3,10.66,Xe Máy,Nhiều Mây,0.608815,0.432756,19,0,96.39,Cao điểm Tối,1.28
Cần Thơ,,5,19.37,Xe Máy,Mưa,0.986244,0.427608,16,1,92.29,Cao điểm Sáng,2.37
Hải Phòng,,0,1.45,Xe ViP,Mưa,0.835256,0.634833,9,0,98.65,Cao điểm Sáng,2.17
Cần Thơ,,4,16.07,Xe ViP,Mưa Bão,0.995864,0.662583,9,0,95.24,Chiều,1.3
Hồ Chí Minh,,2,10.15,Xe ViP,Mưa,0.316914,0.471047,0,0,95.83,Cao điểm Sáng,2.08
Cần Thơ,,0,19.57,Ô Tô 4 Chỗ,Nhiều Mây,0.244658,0.688403,8,0,91.15,Chiều,1.67
Cần Thơ,,5,14.2,Xe Máy,Mưa Bão,0.472532,0.489589,9,1,95.54,Cao điểm Tối,1.99
Đà Nẵng,,0,16.62,Xe ViP,Nhiều Mây,0.533257,0.941638,19,0,85.42,Cao điểm Sáng,1.86
Cần Thơ,,5,4.74,Xe ViP,Nhiều Mây,0.374971,0.493578,4,1,97.32,Đêm,1.17
Hồ Chí Minh,,0,18.5,Xe ViP,Mưa,0.211612,0.487837,7,0,85.31,Cao điểm Tối,2.19
Đà Nẵng,,3,2.52,Ô Tô 4 Chỗ,Nhiều Mây,0.757549,0.702971,13,0,95.29,Cao điểm Tối,1.28
Hồ Chí Minh,,0,8.76,Xe ViP,Mưa,0.579863,0.714361,19,0,87.75,Cao điểm Tối,2.55
Cần Thơ,,5,12.75,Xe ViP,Mưa,0.301837,0.958694,15,1,86.65,Đêm,2.24
Đà Nẵng,,1,13.36,Xe ViP,Nhiều Mây,0.616958,0.984836,17,0,88.01,Cao điểm Sáng,1.87
Hà Nội,,3,14.74,Ô Tô 4 Chỗ,Nhiều Mây,0.788671,0.67181,21,0,87.19,Chiều,1
Cần Thơ,,6,17.16,Xe Máy,Nắng,0.657745,0.45071,2,1,86.62,Đêm,1
Hà Nội,,1,9.59,Xe Máy,Mưa,0.735279,0.439511,15,0,87.03,Chiều,1.39
Hồ Chí Minh,,6,7.05,Ô Tô 4 Chỗ,Nắng,0.826904,0.544569,15,1,87.88,Cao điểm Tối,1.21
Hải Phòng,,6,4.1,Xe ViP,Nắng,0.519488,0.668771,0,1,88.1,Đêm,1
Đà Nẵng,,4,17.42,Ô Tô 4 Chỗ,Nhiều Mây,0.976941,0.913172,15,0,98.78,Đêm,1
Cần Thơ,,1,15.01,Xe ViP,Mưa Bão,0.597047,0.530134,23,0,97.9,Chiều,1.17
Hồ Chí Minh,,1,14.55,Ô Tô 4 Chỗ,Mưa Bão,0.901783,0.858317,21,0,98.89,Cao điểm Tối,1.59
Đà Nẵng,,1,18.08,Xe Máy,Mưa,0.978869,0.918511,10,0,97.27,Cao điểm Tối,2.22
Hồ Chí Minh,,5,13.31,Ô Tô 4 Chỗ,Mưa,0.285812,0.731998,5,1,92.31,Chiều,1.88
Hà Nội,,0,0.76,Ô Tô 4 Chỗ,Mưa,0.562103,0.429838,22,0,91.12,Chiều,1.28
Cần Thơ,,3,17.71,Xe ViP,Mưa Bão,0.307519,0.924441,1,0,98.66,Cao điểm Sáng,3.21
Cần Thơ,,2,18.26,Xe ViP,Nắng,0.826933,0.504641,13,0,91.88,Đêm,1
Cần Thơ,,2,12.34,Xe ViP,Mưa,0.330979,0.929562,9,0,83.68,Cao điểm Sáng,3.13
Hải Phòng,,4,2.54,Xe ViP,Mưa Bão,0.821078,0.883549,3,0,89.31,Cao điểm Sáng,1.99
Đà Nẵng,,2,12.37,Xe ViP,Nắng,0.211501,0.908046,6,0,83.65,Chiều,2.04
Hải Phòng,,6,19.3,Xe Máy,Mưa Bão,0.895031,0.723258,13,1,84.77,Cao điểm Tối,2.44
Đà Nẵng,,1,19.99,Xe ViP,Nhiều Mây,0.312978,0.753103,7,0,97.02,Cao điểm Sáng,1.97
Hà Nội,,3,12.23,Xe ViP,Mưa Bão,0.205984,0.771064,2,0,94.39,Cao điểm Tối,2.83
Đà Nẵng,,1,13.35,Xe Máy,Nắng,0.884988,0.711981,5,0,93.58,Cao điểm Tối,1.25
Hải Phòng,,3,17.38,Ô Tô 4 Chỗ,Nắng,0.854262,0.556585,19,0,90.81,Đêm,1
Hà Nội,,1,6.84,Ô Tô 4 Chỗ,Nhiều Mây,0.218745,0.778647,22,0,97.5,Cao điểm Sáng,2.19
Đà Nẵng,,5,4.37,Xe ViP,Nắng,0.456718,0.835757,10,1,91.07,Cao điểm Tối,1.66
Hà Nội,,0,3.65,Ô Tô 4 Chỗ,Nhiều Mây,0.703073,0.447022,0,0,94.74,Cao điểm Tối,1.19
Hồ Chí Minh,,5,2.57,Xe ViP,Mưa,0.611709,0.590257,14,1,90.99,Chiều,1.36
Cần Thơ,,3,9.84,Ô Tô 4 Chỗ,Nhiều Mây,0.235272,0.953921,1,0,86.84,Đêm,2.08
Đà Nẵng,,5,14.06,Ô Tô 4 Chỗ,Nhiều Mây,0.399068,0.483966,19,1,88.89,Cao điểm Tối,1.25
Hà Nội,,0,7,Xe Máy,Mưa Bão,0.444122,0.727954,4,0,86.49,Chiều,1.57
Hà Nội,,0,19.27,Xe Máy,Nhiều Mây,0.332969,0.512855,11,0,90.55,Đêm,1.27
Cần Thơ,,2,16.5,Ô Tô 4 Chỗ,Nhiều Mây,0.475626,0.674921,19,0,97.53,Chiều,1.3
Cần Thơ,,1,1.27,Xe Máy,Mưa Bão,0.276061,0.594985,4,0,87.96,Cao điểm Sáng,2.65
Đà Nẵng,,4,12.38,Xe Máy,Nhiều Mây,0.462373,0.547609,5,0,90.13,Chiều,1.13
Hà Nội,,6,10.79,Ô Tô 4 Chỗ,Nhiều Mây,0.997425,0.544,11,1,87.47,Đêm,1
Đà Nẵng,,4,12.99,Xe ViP,Nhiều Mây,0.273123,0.92931,17,0,88.57,Đêm,1.98
Đà Nẵng,,3,14.38,Ô Tô 4 Chỗ,Nhiều Mây,0.347679,0.679327,20,0,86.55,Đêm,1.5
Cần Thơ,,0,10.15,Xe ViP,Nhiều Mây,0.971896,0.401322,19,0,89.62,Cao điểm Sáng,1.36
Hải Phòng,,0,6.75,Ô Tô 4 Chỗ,Nhiều Mây,0.439529,0.510778,5,0,95,Cao điểm Sáng,1.5
Hà Nội,,0,3.77,Xe Máy,Nhiều Mây,0.382308,0.695293,11,0,94.69,Đêm,1.47
Hải Phòng,,6,0.98,Ô Tô 4 Chỗ,Mưa,0.610218,0.43535,6,1,97.48,Đêm,1.16
Cần Thơ,,0,5.65,Ô Tô 4 Chỗ,Nắng,0.373231,0.464126,23,0,98.5,Đêm,1.14
Đà Nẵng,,1,9.67,Ô Tô 4 Chỗ,Nhiều Mây,0.588192,0.853549,14,0,97.19,Cao điểm Tối,1.6
Cần Thơ,,6,6.09,Xe Máy,Nắng,0.963872,0.616982,11,1,91.59,Cao điểm Sáng,1.08
Hải Phòng,,5,13.69,Xe Máy,Nắng,0.617854,0.705852,21,1,90.44,Đêm,1
Hải Phòng,,4,7.87,Xe Máy,Nhiều Mây,0.462663,0.901147,8,0,94.34,Chiều,1.66
Đà Nẵng,,0,1.45,Ô Tô 4 Chỗ,Mưa Bão,0.341376,0.430555,12,0,98.02,Chiều,1.25
Hải Phòng,,1,17.6,Ô Tô 4 Chỗ,Mưa,0.552258,0.49608,12,0,84.32,Đêm,1.32
Hồ Chí Minh,,2,6.01,Xe ViP,Mưa Bão,0.722426,0.800612,3,0,96.91,Chiều,1.49
Hải Phòng,,4,12.44,Ô Tô 4 Chỗ,Mưa,0.271801,0.658356,2,0,94.9,Đêm,1.96
Hà Nội,,4,4.86,Ô Tô 4 Chỗ,Nhiều Mây,0.908584,0.975403,19,0,89.33,Cao điểm Sáng,1.24
Cần Thơ,,1,15.46,Xe ViP,Nhiều Mây,0.594275,0.823122,1,0,87.95,Chiều,1.34
Cần Thơ,,2,3.76,Ô Tô 4 Chỗ,Mưa Bão,0.686541,0.747978,17,0,97.2,Chiều,1.43
Đà Nẵng,,3,14.33,Xe Máy,Mưa Bão,0.885347,0.636923,1,0,93.27,Đêm,1.11
Hải Phòng,,5,16.89,Ô Tô 4 Chỗ,Mưa,0.544225,0.866287,19,1,92.69,Cao điểm Tối,2.92
Hồ Chí Minh,,4,7.58,Ô Tô 4 Chỗ,Nhiều Mây,0.619844,0.963039,4,0,96.17,Đêm,1.51
Hải Phòng,,6,19.23,Xe Máy,Mưa Bão,0.650329,0.535125,4,1,92.31,Cao điểm Tối,1.62
Đà Nẵng,,2,11,Ô Tô 4 Chỗ,Nhiều Mây,0.272867,0.662087,22,0,99.33,Cao điểm Sáng,1.96
Hồ Chí Minh,,4,19.4,Ô Tô 4 Chỗ,Mưa Bão,0.233448,0.49278,11,0,92.08,Cao điểm Tối,2.25
Hải Phòng,,0,2.73,Ô Tô 4 Chỗ,Nắng,0.302268,0.780351,5,0,83.78,Cao điểm Tối,1.91
Cần Thơ,,4,17.64,Ô Tô 4 Chỗ,Nhiều Mây,0.594381,0.400019,5,0,89.38,Cao điểm Sáng,1.28
Hải Phòng,,3,8.45,Xe ViP,Mưa Bão,0.31133,0.939731,13,0,92.92,Cao điểm Tối,3.14
Hồ Chí Minh,,6,10.49,Xe ViP,Nhiều Mây,0.790429,0.646821,23,1,85.74,Cao điểm Sáng,1.23
Hồ Chí Minh,,2,13.31,Xe Máy,Nắng,0.372323,0.858408,2,0,92.07,Chiều,1.73
Cần Thơ,,4,5.28,Xe Máy,Mưa,0.823918,0.678434,7,0,94.96,Cao điểm Tối,2.47
Hồ Chí Minh,,0,17.98,Xe ViP,Nhiều Mây,0.532615,0.597033,17,0,88.17,Chiều,1.1
Đà Nẵng,,2,4.8,Xe ViP,Nhiều Mây,0.548924,0.642135,18,0,89.31,Cao điểm Tối,1.31
Đà Nẵng,,5,2.08,Ô Tô 4 Chỗ,Nhiều Mây,0.585556,0.464482,2,1,95.04,Cao điểm Tối,1.03
Đà Nẵng,,1,0.51,Xe ViP,Nắng,0.775817,0.861664,3,0,89.62,Chiều,1.13
Hải Phòng,,0,10.72,Ô Tô 4 Chỗ,Mưa,0.909066,0.594803,23,0,85.58,Đêm,1.2
Hồ Chí Minh,,1,14.07,Xe Máy,Nắng,0.269736,0.521966,19,0,90.82,Đêm,1.38
Đà Nẵng,,5,11.75,Ô Tô 4 Chỗ,Nắng,0.343131,0.912831,9,1,94.64,Đêm,1.69
Hà Nội,,3,6.17,Ô Tô 4 Chỗ,Nhiều Mây,0.454065,0.790705,12,0,92.41,Cao điểm Tối,1.87
Hải Phòng,,1,10.05,Xe Máy,Nắng,0.478057,0.628904,16,0,87.56,Đêm,1.23
Đà Nẵng,,6,7.92,Ô Tô 4 Chỗ,Nhiều Mây,0.603145,0.802995,22,1,88.32,Đêm,1.3
Hồ Chí Minh,,6,3.65,Ô Tô 4 Chỗ,Mưa,0.257228,0.98694,15,1,93.03,Cao điểm Tối,3.45
Đà Nẵng,,3,4.63,Xe Máy,Mưa Bão,0.482222,0.435647,0,0,95.81,Chiều,1.29
Hồ Chí Minh,,2,17.86,Xe Máy,Nhiều Mây,0.287392,0.866953,2,0,90.13,Cao điểm Sáng,2.08
Cần Thơ,,2,15.82,Xe Máy,Nhiều Mây,0.893636,0.707057,1,0,92.05,Cao điểm Sáng,1.33
Hồ Chí Minh,,6,10.7,Xe ViP,Mưa Bão,0.817367,0.443655,6,1,85.46,Chiều,1.32
Hải Phòng,,3,16.96,Xe Máy,Mưa Bão,0.259524,0.738094,4,0,93.57,Đêm,1.85
Cần Thơ,,4,14.78,Ô Tô 4 Chỗ,Mưa,0.498018,0.759824,19,0,92.92,Cao điểm Tối,2.54
Cần Thơ,,0,16.94,Xe Máy,Mưa,0.873015,0.745604,18,0,96.86,Cao điểm Tối,2.09
Cần Thơ,,6,4.48,Xe Máy,Nắng,0.776654,0.793798,22,1,93.17,Cao điểm Tối,1.36
Hải Phòng,,2,17.02,Ô Tô 4 Chỗ,Mưa,0.882706,0.739116,7,0,94.05,Đêm,1.11
Cần Thơ,,3,9.41,Xe ViP,Mưa Bão,0.587208,0.411123,15,0,83.33,Cao điểm Tối,2.09
Hải Phòng,,5,5.28,Xe Máy,Mưa Bão,0.244802,0.847413,3,1,99.32,Chiều,2.27
Đà Nẵng,,6,8.98,Xe ViP,Mưa,0.229116,0.727469,1,1,93.5,Cao điểm Tối,3.04
Hải Phòng,,5,4.78,Ô Tô 4 Chỗ,Nhiều Mây,0.95304,0.902642,1,1,92.8,Cao điểm Sáng,1
Hà Nội,,4,19.76,Ô Tô 4 Chỗ,Mưa,0.521013,0.730932,6,0,86.43,Cao điểm Sáng,2.22
Hồ Chí Minh,,3,8.33,Xe ViP,Mưa Bão,0.261964,0.674837,0,0,96.61,Cao điểm Sáng,2.84
Hà Nội,,5,8.14,Xe ViP,Mưa Bão,0.341083,0.832392,17,1,90.18,Chiều,2
Hải Phòng,,3,11.4,Xe Máy,Mưa Bão,0.234368,0.464273,7,0,86.12,Chiều,1.45
Hà Nội,,6,0.67,Ô Tô 4 Chỗ,Nắng,0.852009,0.926265,22,1,93.26,Đêm,1.11
Hồ Chí Minh,,3,19,Ô Tô 4 Chỗ,Mưa Bão,0.548086,0.758549,11,0,98.65,Chiều,1.6
Hà Nội,,3,15.49,Xe ViP,Nhiều Mây,0.390507,0.490038,11,0,97.91,Cao điểm Tối,1.33
Đà Nẵng,,4,2.45,Xe Máy,Mưa,0.460345,0.751338,6,0,92.14,Cao điểm Sáng,1.97
Đà Nẵng,,6,17.6,Xe Máy,Nắng,0.809928,0.640859,18,1,97.6,Cao điểm Sáng,1.12
Cần Thơ,,4,12.02,Xe Máy,Mưa Bão,0.598241,0.46441,9,0,97.95,Cao điểm Tối,2.18
Hồ Chí Minh,,5,6.91,Xe Máy,Nhiều Mây,0.221317,0.495684,8,1,92.05,Cao điểm Tối,1.78
Hải Phòng,,3,1.2,Ô Tô 4 Chỗ,Nắng,0.490086,0.487502,22,0,98.46,Đêm,1
Hà Nội,,1,2.56,Xe ViP,Mưa Bão,0.78072,0.670894,22,0,84.8,Cao điểm Sáng,1.5
Hồ Chí Minh,,6,16.42,Xe ViP,Nắng,0.562312,0.662614,16,1,85.8,Cao điểm Sáng,1.34
Hồ Chí Minh,,4,10.31,Ô Tô 4 Chỗ,Nhiều Mây,0.811395,0.615104,1,0,88.35,Chiều,1
Cần Thơ,,0,5.07,Xe ViP,Nắng,0.832465,0.932654,22,0,93.77,Cao điểm Sáng,1.35
Đà Nẵng,,6,9.53,Xe ViP,Mưa,0.531661,0.550493,0,1,86.47,Cao điểm Sáng,2.25
Đà Nẵng,,3,9.06,Xe Máy,Nắng,0.973308,0.586704,4,0,96.81,Cao điểm Sáng,1.29
Cần Thơ,,4,1.26,Xe ViP,Nhiều Mây,0.425496,0.41974,12,0,84.71,Cao điểm Sáng,1.11
Đà Nẵng,,0,17.62,Ô Tô 4 Chỗ,Mưa,0.470206,0.624656,7,0,84,Đêm,1.55
Hải Phòng,,5,8.18,Xe ViP,Nắng,0.346669,0.909627,15,1,87.9,Cao điểm Tối,1.93
Đà Nẵng,,6,15.05,Xe ViP,Nhiều Mây,0.338451,0.73003,3,1,97.73,Cao điểm Tối,1.53
Cần Thơ,,6,1.3,Ô Tô 4 Chỗ,Mưa,0.301374,0.757219,16,1,86.11,Đêm,1.97
Hồ Chí Minh,,3,12.43,Xe ViP,Nhiều Mây,0.529689,0.511092,0,0,91.42,Cao điểm Sáng,1.18
Hải Phòng,,2,10.77,Xe Máy,Nhiều Mây,0.211363,0.408911,0,0,97.5,Cao điểm Tối,1.57
Cần Thơ,,0,2.26,Xe ViP,Mưa Bão,0.380004,0.885656,0,0,93.65,Cao điểm Sáng,2.71
Đà Nẵng,,2,4.91,Ô Tô 4 Chỗ,Mưa,0.234582,0.86681,5,0,93.48,Cao điểm Sáng,2.73
Hồ Chí Minh,,3,17.2,Ô Tô 4 Chỗ,Mưa,0.942147,0.645049,18,0,86.07,Cao điểm Tối,2.27
Hồ Chí Minh,,4,13.3,Ô Tô 4 Chỗ,Mưa,0.965038,0.534732,3,0,87.62,Chiều,1.37
Hà Nội,,1,14.56,Xe ViP,Nhiều Mây,0.363335,0.731278,1,0,96.28,Cao điểm Tối,1.73
Hà Nội,,1,14.76,Xe ViP,Mưa Bão,0.25916,0.590886,0,0,99.11,Chiều,1.65
Cần Thơ,,5,8.34,Ô Tô 4 Chỗ,Nắng,0.429502,0.465917,18,1,95.31,Đêm,1
Đà Nẵng,,1,8.11,Xe Máy,Nắng,0.649215,0.922711,18,0,88.23,Chiều,1.41
Cần Thơ,,0,7.74,Ô Tô 4 Chỗ,Mưa Bão,0.750491,0.824736,12,0,97.69,Cao điểm Tối,1.71
Cần Thơ,,6,18.82,Xe ViP,Mưa,0.496552,0.977585,13,1,96.18,Cao điểm Sáng,2.71
Đà Nẵng,,6,14.92,Xe Máy,Nhiều Mây,0.477607,0.671919,17,1,86.06,Cao điểm Tối,1.53
Đà Nẵng,,2,12.64,Ô Tô 4 Chỗ,Nhiều Mây,0.462006,0.659691,1,0,91.59,Cao điểm Tối,1.41
Hải Phòng,,4,15.03,Xe ViP,Mưa,0.265802,0.567347,2,0,96.18,Cao điểm Tối,2.12
Cần Thơ,,5,15.93,Ô Tô 4 Chỗ,Mưa,0.657506,0.483,7,1,91.82,Chiều,1.24
Cần Thơ,,3,12.12,Xe ViP,Nắng,0.868059,0.435885,0,0,85.99,Cao điểm Sáng,1.17
Đà Nẵng,,6,10.35,Xe ViP,Mưa,0.563606,0.609505,20,1,96.1,Đêm,1.34
Cần Thơ,,5,18.59,Xe Máy,Mưa,0.721562,0.602922,6,1,93.24,Chiều,1.21
Hà Nội,,0,15.02,Xe Máy,Mưa Bão,0.839298,0.573746,7,0,88.83,Chiều,1.25
Hồ Chí Minh,,3,2.68,Xe ViP,Nhiều Mây,0.848452,0.851891,16,0,92.23,Cao điểm Tối,1.25
Đà Nẵng,,1,5.02,Xe ViP,Nắng,0.212945,0.411425,17,0,87.91,Cao điểm Tối,1.7
Hải Phòng,,6,13.37,Xe ViP,Mưa Bão,0.386176,0.41176,0,1,95.89,Chiều,1.27
Cần Thơ,,0,19.14,Xe ViP,Nắng,0.363696,0.827566,17,0,95.51,Chiều,1.7
Cần Thơ,,6,1.14,Xe ViP,Nhiều Mây,0.56351,0.686929,17,1,93.37,Cao điểm Sáng,1.3
Hồ Chí Minh,,2,13.49,Ô Tô 4 Chỗ,Mưa Bão,0.233011,0.905403,8,0,90.52,Đêm,2.32
Hải Phòng,,6,2.56,Xe Máy,Mưa Bão,0.28729,0.960334,21,1,92.71,Đêm,2.19
Hà Nội,,1,8.84,Ô Tô 4 Chỗ,Nắng,0.529147,0.61386,21,0,92.79,Cao điểm Tối,1.3
Hải Phòng,,1,14.94,Xe ViP,Nhiều Mây,0.939489,0.767356,16,0,89.44,Cao điểm Sáng,1.22
Hồ Chí Minh,,6,4.98,Xe ViP,Mưa Bão,0.901415,0.572639,22,1,91.2,Đêm,1.34
Đà Nẵng,,3,14.73,Ô Tô 4 Chỗ,Nhiều Mây,0.512514,0.996394,6,0,95.72,Chiều,1.73
Hà Nội,,5,2.39,Ô Tô 4 Chỗ,Mưa Bão,0.87957,0.755479,14,1,96.52,Cao điểm Tối,2.3
Đà Nẵng,,2,15.33,Ô Tô 4 Chỗ,Nắng,0.793228,0.965994,11,0,91.51,Chiều,1.26
Hải Phòng,,5,7.8,Ô Tô 4 Chỗ,Mưa,0.745285,0.609659,6,1,93,Đêm,1.29
Đà Nẵng,,3,12.13,Ô Tô 4 Chỗ,Nắng,0.44314,0.634861,2,0,89.5,Cao điểm Sáng,1.57
Hà Nội,,6,11.99,Xe Máy,Mưa Bão,0.265922,0.522523,3,1,96.45,Đêm,1.56
Đà Nẵng,,3,18.69,Xe ViP,Mưa,0.537884,0.796798,11,0,98.92,Cao điểm Tối,2.23
Hà Nội,,5,11.63,Xe Máy,Nhiều Mây,0.45537,0.751984,23,1,88.91,Cao điểm Tối,1.65
Hà Nội,,6,6.61,Xe ViP,Mưa Bão,0.200949,0.876003,0,1,87.24,Đêm,2.15
Đà Nẵng,,3,12.75,Xe ViP,Mưa Bão,0.951722,0.618419,1,0,87.16,Đêm,1.13
Cần Thơ,,6,14.23,Xe Máy,Nhiều Mây,0.463239,0.638892,2,1,92.42,Cao điểm Sáng,1.3
Hà Nội,,6,12.06,Ô Tô 4 Chỗ,Nhiều Mây,0.414072,0.856827,9,1,89.89,Đêm,1.66
Hải Phòng,,5,10.61,Ô Tô 4 Chỗ,Nhiều Mây,0.843502,0.934094,3,1,95.53,Cao điểm Sáng,1.39
Hải Phòng,,0,4.49,Xe ViP,Mưa Bão,0.657446,0.520418,14,0,93.28,Cao điểm Tối,2.48
Cần Thơ,,3,18.98,Xe Máy,Mưa Bão,0.252606,0.7205,8,0,95.69,Cao điểm Sáng,2.37
Hải Phòng,,0,18.25,Xe ViP,Nắng,0.846782,0.782427,10,0,85.22,Cao điểm Sáng,1.17
Hải Phòng,,5,16.72,Ô Tô 4 Chỗ,Nắng,0.825601,0.689257,0,1,97.79,Đêm,1
Đà Nẵng,,5,6.28,Xe ViP,Nắng,0.604096,0.991535,1,1,92.87,Cao điểm Sáng,1.67
Hà Nội,,1,4.54,Xe ViP,Mưa,0.779515,0.836269,21,0,90.41,Cao điểm Sáng,1.8
Đà Nẵng,,6,17.59,Xe ViP,Mưa Bão,0.659037,0.988692,9,1,94.05,Cao điểm Tối,2.73
Hà Nội,,1,5.99,Ô Tô 4 Chỗ,Mưa,0.886628,0.750538,12,0,83.96,Chiều,1.19
Hải Phòng,,5,11.7,Xe Máy,Mưa,0.512242,0.747285,12,1,91.23,Cao điểm Tối,1.99
Hà Nội,,2,14.47,Xe Máy,Mưa Bão,0.520328,0.473483,22,0,85.34,Cao điểm Sáng,1.85
Hồ Chí Minh,,3,13.01,Xe ViP,Mưa,0.980089,0.570691,18,0,89.76,Cao điểm Sáng,2.09
Hải Phòng,,3,8.73,Xe ViP,Nhiều Mây,0.902243,0.973333,5,0,95.3,Chiều,1.11
Hải Phòng,,1,0.53,Xe Máy,Mưa Bão,0.659583,0.932326,6,0,94.15,Cao điểm Sáng,2.83
Cần Thơ,,4,8.42,Xe ViP,Mưa,0.886035,0.820782,15,0,90.58,Cao điểm Tối,2
Cần Thơ,,5,15.07,Ô Tô 4 Chỗ,Nắng,0.57029,0.962652,9,1,90.42,Cao điểm Sáng,1.54
Cần Thơ,,3,12.83,Ô Tô 4 Chỗ,Nhiều Mây,0.733182,0.545548,18,0,95.52,Chiều,1
Hà Nội,,3,19.96,Xe ViP,Mưa,0.851124,0.562589,20,0,88.33,Chiều,1.27
Hồ Chí Minh,,3,3.75,Xe ViP,Nắng,0.332817,0.832653,19,0,87.94,Cao điểm Sáng,1.99
Cần Thơ,,6,13.48,Xe ViP,Mưa,0.317861,0.523534,9,1,90.65,Cao điểm Sáng,2.08
Hải Phòng,,3,8.01,Xe Máy,Nhiều Mây,0.896891,0.568221,13,0,93.97,Chiều,1
Cần Thơ,,6,13.94,Xe ViP,Nhiều Mây,0.360328,0.496093,19,1,89.93,Cao điểm Tối,1.32
Cần Thơ,,6,19.21,Ô Tô 4 Chỗ,Mưa,0.647648,0.704399,15,1,85.52,Chiều,1.39
Cần Thơ,,3,2.6,Ô Tô 4 Chỗ,Nhiều Mây,0.80078,0.914879,13,0,94.44,Chiều,1.17
Cần Thơ,,4,6.92,Ô Tô 4 Chỗ,Nắng,0.637013,0.940495,5,0,96.39,Cao điểm Tối,1.67
Đà Nẵng,,0,18.98,Ô Tô 4 Chỗ,Nhiều Mây,0.299976,0.420938,20,0,87.18,Cao điểm Sáng,1.4
Đà Nẵng,,3,6.93,Xe ViP,Mưa,0.442215,0.659561,6,0,87.16,Đêm,1.48
Hồ Chí Minh,,1,7.77,Xe ViP,Nhiều Mây,0.676882,0.539318,15,0,98.06,Chiều,1
Cần Thơ,,5,15.28,Ô Tô 4 Chỗ,Mưa Bão,0.491437,0.920278,6,1,92.5,Cao điểm Sáng,3.05
Hà Nội,,6,12.7,Xe ViP,Mưa Bão,0.642261,0.90001,14,1,92.47,Chiều,1.57
Hà Nội,,0,7.46,Ô Tô 4 Chỗ,Mưa Bão,0.478734,0.441526,7,0,94.08,Cao điểm Tối,1.75
Hải Phòng,,6,12.09,Xe ViP,Mưa Bão,0.661259,0.580211,5,1,87.22,Đêm,1.17
Hồ Chí Minh,,1,1.16,Xe ViP,Nắng,0.877968,0.440183,20,0,90.67,Chiều,1
Hà Nội,,2,19.5,Xe Máy,Mưa Bão,0.950869,0.786079,14,0,96.65,Đêm,1.14
Hải Phòng,,0,2.98,Xe ViP,Nhiều Mây,0.61806,0.81888,10,0,90.04,Cao điểm Sáng,1.55
Hải Phòng,,4,11.42,Xe Máy,Nhiều Mây,0.802345,0.60543,2,0,86.09,Chiều,1
Hà Nội,,3,6.96,Xe Máy,Nắng,0.591802,0.775534,22,0,92.72,Cao điểm Sáng,1.46
Hà Nội,,5,6.44,Xe Máy,Nắng,0.398817,0.417561,17,1,92.29,Cao điểm Tối,1.2
Hà Nội,,6,8.34,Ô Tô 4 Chỗ,Nắng,0.44849,0.431174,7,1,88.58,Chiều,1
Hải Phòng,,4,13.54,Xe ViP,Mưa,0.455662,0.983395,6,0,86.32,Chiều,2.15
Hồ Chí Minh,,6,2.42,Xe Máy,Nắng,0.562376,0.886086,5,1,88.3,Đêm,1.49
Đà Nẵng,,4,2.13,Xe Máy,Nhiều Mây,0.429039,0.788293,7,0,87.18,Cao điểm Sáng,1.88
Cần Thơ,,3,5.03,Xe ViP,Mưa Bão,0.493233,0.666211,10,0,86.15,Chiều,1.41
Cần Thơ,,6,16.25,Ô Tô 4 Chỗ,Mưa Bão,0.745956,0.616108,9,1,86.9,Cao điểm Sáng,2.08
Đà Nẵng,,0,6.99,Ô Tô 4 Chỗ,Mưa,0.870012,0.537779,23,0,87.3,Đêm,1.11
Hải Phòng,,1,8.31,Ô Tô 4 Chỗ,Mưa Bão,0.985642,0.962909,21,0,90.72,Đêm,1.32
Hồ Chí Minh,,3,16.53,Xe Máy,Mưa,0.921495,0.516074,23,0,93.18,Cao điểm Sáng,1.64
Đà Nẵng,,5,4.17,Ô Tô 4 Chỗ,Nắng,0.673373,0.842022,0,1,87.08,Cao điểm Sáng,1.25
Hà Nội,,6,3.53,Xe Máy,Nắng,0.902525,0.994487,3,1,93.79,Chiều,1.14
Cần Thơ,,4,4.11,Xe Máy,Nắng,0.66757,0.809851,17,0,92.46,Cao điểm Sáng,1.37
Cần Thơ,,4,7.22,Xe ViP,Mưa Bão,0.490266,0.504075,22,0,93.01,Cao điểm Tối,1.71
Hải Phòng,,2,3.26,Xe ViP,Mưa Bão,0.356482,0.962048,19,0,97.22,Đêm,2.07
Cần Thơ,,1,4.18,Ô Tô 4 Chỗ,Mưa Bão,0.596629,0.915868,3,0,88.28,Cao điểm Tối,2.46
Hải Phòng,,4,1.97,Xe Máy,Nắng,0.348462,0.851671,22,0,90.21,Cao điểm Tối,1.86
Hà Nội,,3,18.17,Ô Tô 4 Chỗ,Mưa,0.99515,0.976165,23,0,96.08,Cao điểm Tối,2.34
Cần Thơ,,2,6.45,Xe ViP,Mưa,0.28816,0.800332,23,0,95.52,Đêm,2.08
Hồ Chí Minh,,4,10.24,Ô Tô 4 Chỗ,Nắng,0.373614,0.438451,0,0,92.88,Cao điểm Sáng,1.43
Cần Thơ,,4,4.68,Xe Máy,Nắng,0.413891,0.446842,4,0,97.68,Cao điểm Tối,1.4
Đà Nẵng,,6,7.82,Xe Máy,Mưa Bão,0.447335,0.684588,16,1,84.59,Đêm,1.53
Hà Nội,,6,13.51,Xe ViP,Mưa,0.590297,0.991427,19,1,85.96,Chiều,1.89
Đà Nẵng,,0,16.83,Ô Tô 4 Chỗ,Nắng,0.591826,0.644325,22,0,97,Chiều,1.08
Đà Nẵng,,4,11.31,Xe Máy,Nhiều Mây,0.789365,0.798795,8,0,94.65,Chiều,1.01
Cần Thơ,,2,17.45,Ô Tô 4 Chỗ,Nắng,0.343449,0.512745,23,0,88.29,Cao điểm Tối,1.54
Hà Nội,,3,4.47,Ô Tô 4 Chỗ,Mưa Bão,0.878135,0.899163,15,0,89.27,Chiều,1.35
Hải Phòng,,6,11.78,Xe ViP,Mưa Bão,0.274826,0.460504,11,1,83.35,Cao điểm Tối,1.83
Hà Nội,,0,10.11,Xe ViP,Mưa,0.535185,0.90157,21,0,89.44,Cao điểm Sáng,2.67
Hồ Chí Minh,,6,10.39,Ô Tô 4 Chỗ,Nắng,0.905241,0.920981,2,1,91.35,Cao điểm Tối,1.37
Đà Nẵng,,4,18.25,Xe ViP,Mưa,0.483309,0.971808,13,0,84.83,Đêm,2.02
Hồ Chí Minh,,3,18.08,Ô Tô 4 Chỗ,Nắng,0.400224,0.828855,0,0,98.88,Cao điểm Sáng,2.03
Đà Nẵng,,6,4.46,Ô Tô 4 Chỗ,Nắng,0.933889,0.672064,12,1,93.74,Chiều,1
Đà Nẵng,,5,15.91,Ô Tô 4 Chỗ,Mưa,0.279145,0.75686,3,1,89.09,Chiều,2.01
Hồ Chí Minh,,0,16.33,Xe ViP,Mưa,0.670389,0.765117,21,0,91.96,Cao điểm Sáng,2.39
Hải Phòng,,6,15.97,Ô Tô 4 Chỗ,Nhiều Mây,0.231184,0.432502,9,1,89.13,Chiều,1.04
Hải Phòng,,6,6.04,Ô Tô 4 Chỗ,Mưa,0.982964,0.422439,12,1,95.11,Đêm,1.21
Hải Phòng,,0,5.92,Ô Tô 4 Chỗ,Nắng,0.697385,0.754825,1,0,84.4,Cao điểm Tối,1.48
Cần Thơ,,0,3.87,Xe ViP,Nhiều Mây,0.446892,0.881533,1,0,89.25,Chiều,1.65
Đà Nẵng,,3,17.74,Xe ViP,Mưa Bão,0.4547,0.909182,10,0,90.39,Cao điểm Sáng,2.89
Hồ Chí Minh,,0,19.34,Xe ViP,Mưa,0.22427,0.948385,2,0,97.88,Cao điểm Tối,2.98
Hồ Chí Minh,,2,3.57,Ô Tô 4 Chỗ,Mưa Bão,0.348756,0.80731,16,0,89.04,Chiều,1.97
Hải Phòng,,6,18.5,Xe Máy,Mưa,0.410699,0.688702,1,1,84.28,Đêm,1.74
Hà Nội,,3,6.42,Ô Tô 4 Chỗ,Nắng,0.930476,0.690898,22,0,89.56,Chiều,1
Hà Nội,,2,18.89,Xe ViP,Nhiều Mây,0.236272,0.405659,1,0,92.71,Đêm,1.25
Hải Phòng,,0,3.55,Xe ViP,Mưa Bão,0.701003,0.435332,12,0,96.01,Cao điểm Tối,2.34
Hồ Chí Minh,,6,13.79,Xe Máy,Mưa Bão,0.637857,0.561215,17,1,87.98,Cao điểm Sáng,1.93
Hà Nội,,5,16.47,Xe Máy,Mưa Bão,0.200225,0.582457,6,1,97.62,Chiều,1.85
Hồ Chí Minh,,6,8.81,Xe ViP,Mưa,0.832998,0.952399,3,1,96.23,Đêm,1.29
Cần Thơ,,3,7.64,Xe Máy,Nhiều Mây,0.950488,0.757273,2,0,87.37,Cao điểm Tối,1.12
Hải Phòng,,3,0.72,Xe ViP,Mưa Bão,0.769713,0.548553,19,0,95.7,Đêm,1.22
Đà Nẵng,,4,16.99,Xe ViP,Nhiều Mây,0.749442,0.709815,23,0,97.31,Cao điểm Sáng,1.13
Hải Phòng,,6,6.97,Ô Tô 4 Chỗ,Nhiều Mây,0.887486,0.602621,2,1,97.82,Chiều,1
Đà Nẵng,,6,19.18,Xe ViP,Mưa Bão,0.499874,0.479868,23,1,89.75,Cao điểm Tối,2.12
Cần Thơ,,6,2.32,Xe Máy,Nhiều Mây,0.408853,0.661917,9,1,87.64,Chiều,1.3
Hải Phòng,,0,16.19,Ô Tô 4 Chỗ,Nhiều Mây,0.653352,0.877291,7,0,91.01,Cao điểm Sáng,1.61
Hải Phòng,,3,5.01,Xe Máy,Mưa Bão,0.75763,0.823619,14,0,90.21,Cao điểm Tối,2.21
Hồ Chí Minh,,5,13.55,Ô Tô 4 Chỗ,Mưa Bão,0.288892,0.636006,20,1,88.5,Chiều,1.86
Hải Phòng,,4,5.43,Xe ViP,Mưa Bão,0.93657,0.409513,9,0,89.21,Cao điểm Sáng,2.47
Hải Phòng,,4,12.82,Xe ViP,Nắng,0.565414,0.405211,12,0,89.85,Đêm,1
Hà Nội,,3,1.47,Ô Tô 4 Chỗ,Nhiều Mây,0.64313,0.759475,5,0,93.08,Cao điểm Sáng,1.48
Hà Nội,,1,7.22,Xe Máy,Mưa Bão,0.915052,0.824698,17,0,89.35,Cao điểm Tối,2.4
Hà Nội,,6,15.82,Xe ViP,Nắng,0.412635,0.648522,18,1,88.13,Cao điểm Tối,1.47
Đà Nẵng,,3,6.5,Xe Máy,Mưa,0.466737,0.517327,19,0,86.23,Chiều,1.29
Hải Phòng,,4,6.33,Xe ViP,Mưa,0.494113,0.810498,8,0,87.81,Cao điểm Sáng,2.09
Hồ Chí Minh,,4,16.11,Xe Máy,Nhiều Mây,0.229054,0.534204,1,0,90.72,Cao điểm Tối,1.74
Hải Phòng,,4,7.85,Xe Máy,Mưa Bão,0.212188,0.422914,7,0,83.52,Cao điểm Sáng,2.08
Cần Thơ,,6,4.18,Xe ViP,Nắng,0.325556,0.789735,22,1,86.44,Chiều,1.44
Cần Thơ,,3,19.24,Xe Máy,Mưa Bão,0.449411,0.957001,14,0,84.01,Cao điểm Tối,2.3
Hồ Chí Minh,,6,19.06,Ô Tô 4 Chỗ,Nắng,0.890765,0.698843,1,1,94.03,Đêm,1
Hồ Chí Minh,,2,13.13,Xe Máy,Nhiều Mây,0.944321,0.976436,12,0,92.98,Chiều,1.05
Cần Thơ,,3,19.49,Ô Tô 4 Chỗ,Mưa Bão,0.88942,0.682036,0,0,96.22,Đêm,1.24
Hải Phòng,,5,15.01,Xe ViP,Mưa,0.810618,0.812633,11,1,96.5,Đêm,1.13
Hải Phòng,,6,3.28,Xe ViP,Nắng,0.392757,0.987061,4,1,86.18,Đêm,1.82
Cần Thơ,,4,10.02,Ô Tô 4 Chỗ,Nhiều Mây,0.556567,0.573038,20,0,98.01,Cao điểm Tối,1.39
Hà Nội,,6,3.58,Xe ViP,Mưa,0.602274,0.870388,13,1,93.81,Chiều,1.55
Hà Nội,,5,18.01,Xe Máy,Mưa,0.73465,0.919007,14,1,89.36,Cao điểm Sáng,2.44
Cần Thơ,,2,3.47,Xe ViP,Nhiều Mây,0.906481,0.560441,9,0,86.2,Cao điểm Tối,1.4
Đà Nẵng,,3,2.6,Ô Tô 4 Chỗ,Nắng,0.428071,0.546222,20,0,91.26,Cao điểm Sáng,1.54
Cần Thơ,,0,12.94,Xe ViP,Nhiều Mây,0.864706,0.923404,20,0,91.87,Cao điểm Sáng,1.24
Hồ Chí Minh,,0,15.45,Ô Tô 4 Chỗ,Mưa Bão,0.495574,0.466308,9,0,83.54,Chiều,1.12
Đà Nẵng,,5,10.76,Xe Máy,Mưa Bão,0.418748,0.633526,15,1,97.21,Chiều,1.53
Hồ Chí Minh,,4,8.34,Xe Máy,Mưa Bão,0.456334,0.94256,20,0,86.55,Đêm,2.01
Cần Thơ,,3,7.34,Xe Máy,Mưa,0.825064,0.505347,15,0,94.23,Cao điểm Sáng,2.41
Cần Thơ,,0,3.52,Xe Máy,Mưa,0.984367,0.668063,15,0,84.65,Chiều,1.31
Hà Nội,,1,15.36,Xe ViP,Mưa Bão,0.858754,0.683386,16,0,94.02,Chiều,1.1
Hà Nội,,3,7.38,Xe ViP,Nhiều Mây,0.872975,0.704959,3,0,94.03,Cao điểm Sáng,1.29
Cần Thơ,,1,14.59,Xe Máy,Mưa Bão,0.321355,0.49527,7,0,96.73,Cao điểm Tối,1.9
Hà Nội,,0,10.27,Ô Tô 4 Chỗ,Mưa Bão,0.617168,0.460096,10,0,89.53,Cao điểm Tối,2.16
Hải Phòng,,1,11.66,Ô Tô 4 Chỗ,Mưa,0.67097,0.640317,3,0,92.27,Cao điểm Sáng,2.26
Đà Nẵng,,5,7.56,Xe ViP,Mưa Bão,0.868955,0.566453,20,1,95.62,Cao điểm Tối,2.22
Hồ Chí Minh,,2,3,Xe ViP,Nhiều Mây,0.862906,0.535061,1,0,97.28,Cao điểm Sáng,1.16
Hà Nội,,2,11.28,Xe Máy,Nhiều Mây,0.23859,0.407106,23,0,95.99,Đêm,1.25
Hà Nội,,4,4.43,Ô Tô 4 Chỗ,Nhiều Mây,0.70665,0.882133,4,0,89.84,Đêm,1.26
Hồ Chí Minh,,0,1.9,Ô Tô 4 Chỗ,Mưa Bão,0.212705,0.436189,14,0,84.72,Cao điểm Sáng,1.85
Cần Thơ,,6,10.12,Xe ViP,Mưa,0.837807,0.861466,15,1,95.06,Chiều,1.43
Hà Nội,,3,11.45,Xe ViP,Nhiều Mây,0.613883,0.886657,19,0,92.72,Chiều,1.41
Đà Nẵng,,3,8.3,Xe ViP,Mưa,0.838098,0.935183,18,0,86.67,Cao điểm Tối,2.58
Hồ Chí Minh,,1,17.29,Xe ViP,Mưa,0.985373,0.693194,20,0,90.3,Cao điểm Tối,2.35
Đà Nẵng,,0,0.65,Xe Máy,Mưa Bão,0.623794,0.672944,20,0,89.01,Đêm,1.32
Hà Nội,,5,13.66,Xe ViP,Nhiều Mây,0.49403,0.624415,14,1,90.34,Đêm,1.2
Cần Thơ,,1,9.84,Xe Máy,Mưa,0.533172,0.485993,1,0,92.93,Đêm,1.1
Hà Nội,,0,12.94,Xe Máy,Mưa Bão,0.303688,0.915636,1,0,88.05,Cao điểm Tối,2.88
Hồ Chí Minh,,0,10.2,Xe Máy,Mưa,0.859207,0.809577,1,0,87.47,Cao điểm Tối,2.36
Hải Phòng,,6,3.7,Ô Tô 4 Chỗ,Nắng,0.968592,0.760981,21,1,96.07,Chiều,1
Đà Nẵng,,5,19.21,Xe ViP,Nhiều Mây,0.983788,0.684809,14,1,96.23,Cao điểm Tối,1.06
Hải Phòng,,2,19.31,Xe ViP,Mưa Bão,0.391103,0.548215,21,0,85.4,Đêm,1.37
Cần Thơ,,2,15.9,Xe ViP,Nhiều Mây,0.538173,0.874801,20,0,88.93,Cao điểm Tối,1.7
Cần Thơ,,1,12.66,Xe ViP,Mưa Bão,0.256358,0.877418,8,0,93.27,Cao điểm Sáng,2.59
Cần Thơ,,4,9.5,Ô Tô 4 Chỗ,Nhiều Mây,0.339828,0.605097,7,0,96.57,Đêm,1.4
Cần Thơ,,4,17.19,Xe ViP,Mưa,0.317725,0.416533,16,0,86.69,Đêm,1.36
Cần Thơ,,6,12.21,Xe ViP,Mưa Bão,0.29239,0.485894,21,1,87.58,Cao điểm Sáng,2.45
Hà Nội,,1,11.26,Xe ViP,Nắng,0.41613,0.812,21,0,85.63,Chiều,1.59
Đà Nẵng,,3,17.92,Xe Máy,Mưa,0.221788,0.67016,8,0,91.73,Đêm,1.96
Hà Nội,,6,17.27,Ô Tô 4 Chỗ,Mưa,0.580809,0.854966,17,1,87.07,Cao điểm Sáng,2.89
Hồ Chí Minh,,4,18.74,Ô Tô 4 Chỗ,Nhiều Mây,0.841358,0.759061,11,0,94.77,Cao điểm Tối,1.27
Hải Phòng,,5,6.93,Xe Máy,Nhiều Mây,0.796471,0.875029,14,1,97.31,Cao điểm Tối,1
Cần Thơ,,5,4.17,Ô Tô 4 Chỗ,Nhiều Mây,0.772164,0.451183,12,1,91.54,Chiều,1
Hồ Chí Minh,,1,5.73,Ô Tô 4 Chỗ,Mưa,0.542831,0.823087,0,0,97.86,Cao điểm Sáng,2.04
Hải Phòng,,1,13.86,Ô Tô 4 Chỗ,Nhiều Mây,0.495691,0.433872,7,0,92.97,Đêm,1
Cần Thơ,,5,15.04,Ô Tô 4 Chỗ,Mưa,0.839073,0.582186,0,1,91.54,Cao điểm Tối,2.29
Cần Thơ,,2,5.44,Xe ViP,Nắng,0.570136,0.993218,1,0,89.13,Cao điểm Tối,1.77
Hải Phòng,,1,14.77,Xe ViP,Nắng,0.301473,0.886684,20,0,89.4,Chiều,1.88
Hà Nội,,5,1.11,Xe ViP,Mưa,0.355788,0.777854,9,1,94.02,Đêm,1.91
Hà Nội,,5,7.7,Xe Máy,Mưa,0.883573,0.811625,14,1,97.09,Cao điểm Tối,2.32
Cần Thơ,,6,3.09,Xe ViP,Mưa Bão,0.707082,0.769238,16,1,95.46,Cao điểm Tối,2.14
Hồ Chí Minh,,0,12.22,Ô Tô 4 Chỗ,Mưa,0.376334,0.568083,15,0,87,Đêm,1.67
Hà Nội,,4,16.28,Ô Tô 4 Chỗ,Mưa,0.636966,0.89962,19,0,90.88,Cao điểm Tối,2.32
Hải Phòng,,4,19.08,Xe ViP,Mưa,0.762417,0.987334,6,0,88.53,Cao điểm Tối,2.74
Hải Phòng,,2,13.85,Xe Máy,Nắng,0.723412,0.945583,9,0,99.06,Cao điểm Tối,1.69
Cần Thơ,,2,7.73,Xe Máy,Mưa,0.775358,0.820121,17,0,92.48,Đêm,1.21
Đà Nẵng,,6,14.51,Ô Tô 4 Chỗ,Mưa Bão,0.537289,0.445958,15,1,88.64,Cao điểm Sáng,1.75
Đà Nẵng,,2,2.11,Ô Tô 4 Chỗ,Mưa Bão,0.431808,0.562816,13,0,91.39,Cao điểm Sáng,2.63
Đà Nẵng,,5,15.27,Xe ViP,Mưa,0.958726,0.65682,2,1,86.22,Cao điểm Sáng,2.25
Cần Thơ,,4,12.47,Xe ViP,Nắng,0.413924,0.497329,12,0,90.45,Đêm,1.13
Hồ Chí Minh,,5,10.54,Ô Tô 4 Chỗ,Nắng,0.777634,0.798115,3,1,86.93,Cao điểm Tối,1.13
Hồ Chí Minh,,3,16.41,Xe ViP,Mưa,0.763753,0.64209,7,0,95.47,Chiều,1.17
Hà Nội,,3,4.38,Ô Tô 4 Chỗ,Mưa Bão,0.999884,0.867271,10,0,85.99,Cao điểm Tối,2.02
Đà Nẵng,,0,3.8,Xe Máy,Mưa,0.845003,0.498842,9,0,91.97,Cao điểm Tối,1.65
Hồ Chí Minh,,4,8.91,Xe Máy,Mưa,0.691487,0.753592,22,0,89.45,Cao điểm Sáng,2.41
Hải Phòng,,6,12.24,Xe ViP,Mưa,0.449903,0.969858,8,1,85.39,Cao điểm Tối,2.93
Đà Nẵng,,4,17.32,Xe ViP,Nắng,0.393154,0.54614,23,0,83.32,Cao điểm Tối,1.51
Hồ Chí Minh,,2,12.59,Ô Tô 4 Chỗ,Nhiều Mây,0.702765,0.524589,1,0,88.35,Chiều,1
Cần Thơ,,3,19.67,Xe ViP,Nhiều Mây,0.285783,0.523981,2,0,87.93,Chiều,1.36
Hồ Chí Minh,,4,1.95,Xe ViP,Mưa Bão,0.390904,0.711588,3,0,95.41,Cao điểm Sáng,2.08
Đà Nẵng,,1,2.73,Ô Tô 4 Chỗ,Nắng,0.898855,0.726009,18,0,85.75,Cao điểm Sáng,1.29
Đà Nẵng,,6,6.86,Xe ViP,Mưa,0.316831,0.464284,18,1,89.97,Đêm,1.6
Hải Phòng,,2,18.83,Ô Tô 4 Chỗ,Mưa Bão,0.429362,0.53463,3,0,87.37,Cao điểm Tối,1.95
Hà Nội,,0,9.66,Ô Tô 4 Chỗ,Nắng,0.986426,0.437588,7,0,94.23,Cao điểm Tối,1.11
Hồ Chí Minh,,6,11.88,Xe Máy,Nhiều Mây,0.468172,0.911631,9,1,90.63,Đêm,1.67
Hải Phòng,,4,4.59,Xe ViP,Nắng,0.869439,0.756794,12,0,95.8,Chiều,1
Cần Thơ,,2,9.19,Ô Tô 4 Chỗ,Nhiều Mây,0.839189,0.633952,14,0,84.21,Cao điểm Sáng,1.35
Hà Nội,,1,8.84,Xe ViP,Mưa,0.289157,0.924939,6,0,87.53,Chiều,2.16
Hà Nội,,3,6.05,Xe ViP,Mưa Bão,0.467619,0.694001,18,0,94.77,Cao điểm Tối,2.66
Đà Nẵng,,6,13.01,Xe Máy,Mưa Bão,0.374611,0.969388,20,1,98.1,Cao điểm Sáng,2.76
Hải Phòng,,4,6.18,Xe Máy,Nhiều Mây,0.400607,0.875211,4,0,86.13,Chiều,1.71
Hà Nội,,1,19.39,Ô Tô 4 Chỗ,Nắng,0.272722,0.92205,14,0,91.47,Cao điểm Tối,2.24
Hà Nội,,0,13.39,Xe Máy,Nhiều Mây,0.212206,0.573494,10,0,94.52,Chiều,1.54
Hải Phòng,,4,12.74,Ô Tô 4 Chỗ,Mưa,0.309429,0.904482,9,0,95.98,Chiều,2.11
Hải Phòng,,2,13.04,Ô Tô 4 Chỗ,Nắng,0.59458,0.762255,1,0,98.22,Đêm,1.25
Hồ Chí Minh,,1,5.98,Xe Máy,Mưa,0.933683,0.854136,4,0,90.67,Đêm,1.17
Đà Nẵng,,2,16.42,Xe Máy,Mưa Bão,0.417192,0.96042,3,0,94.1,Đêm,2.02
Hà Nội,,3,2.29,Xe Máy,Mưa,0.854121,0.967324,12,0,85.94,Cao điểm Tối,2.5
Hải Phòng,,4,7.87,Xe Máy,Nắng,0.351868,0.771403,17,0,89.75,Chiều,1.63
Hồ Chí Minh,,4,12.71,Xe Máy,Mưa Bão,0.715867,0.846287,5,0,94.29,Cao điểm Sáng,2.03
Cần Thơ,,0,13.2,Xe ViP,Mưa Bão,0.20467,0.543462,13,0,98.31,Đêm,1.66
Cần Thơ,,1,6.13,Xe Máy,Nhiều Mây,0.430985,0.806893,4,0,95.64,Đêm,1.56
Hồ Chí Minh,,5,1.97,Xe Máy,Mưa Bão,0.728836,0.481556,18,1,85.07,Đêm,1.16
Cần Thơ,,5,8.01,Xe Máy,Nắng,0.713423,0.430225,1,1,93.67,Chiều,1
Hồ Chí Minh,,2,2.99,Xe Máy,Nắng,0.22619,0.735083,12,0,89.07,Cao điểm Sáng,2.13
Hà Nội,,4,7.35,Ô Tô 4 Chỗ,Nắng,0.797852,0.973848,3,0,92.7,Chiều,1.26
Hồ Chí Minh,,1,11.33,Xe ViP,Mưa,0.918596,0.829767,8,0,91.18,Chiều,1.15
Hà Nội,,6,5.78,Ô Tô 4 Chỗ,Nắng,0.697927,0.869382,6,1,84.36,Chiều,1.26
Hải Phòng,,5,4.21,Xe ViP,Mưa Bão,0.24926,0.422443,2,1,90.13,Chiều,1.43
Hồ Chí Minh,,4,11.5,Xe ViP,Nhiều Mây,0.712234,0.540151,7,0,96.4,Cao điểm Tối,1.38
Hải Phòng,,6,8.68,Xe ViP,Nhiều Mây,0.52131,0.863334,5,1,87.77,Cao điểm Sáng,1.45
Hồ Chí Minh,,2,17.64,Xe ViP,Nhiều Mây,0.477069,0.743007,2,0,89.2,Cao điểm Sáng,1.69
Hải Phòng,,1,14.95,Ô Tô 4 Chỗ,Nắng,0.234424,0.51055,2,0,89.2,Cao điểm Tối,1.61
Hải Phòng,,6,6.26,Xe Máy,Mưa,0.255519,0.702255,8,1,93.07,Cao điểm Tối,2.32
Hà Nội,,5,1.85,Ô Tô 4 Chỗ,Nắng,0.510049,0.694183,10,1,86.25,Đêm,1.28
Hồ Chí Minh,,3,13.84,Ô Tô 4 Chỗ,Nắng,0.361952,0.625185,12,0,86.29,Cao điểm Tối,1.55
Hải Phòng,,5,13.05,Xe ViP,Nhiều Mây,0.50111,0.662819,8,1,93.88,Cao điểm Sáng,1.54
Hải Phòng,,4,18.14,Ô Tô 4 Chỗ,Mưa,0.783447,0.796329,23,0,91.38,Cao điểm Tối,1.61
Hồ Chí Minh,,1,6.35,Ô Tô 4 Chỗ,Mưa,0.706753,0.484405,8,0,97.75,Chiều,1.23
Cần Thơ,,3,19.19,Ô Tô 4 Chỗ,Nhiều Mây,0.331746,0.653896,1,0,95.73,Cao điểm Tối,1.61
Hồ Chí Minh,,1,19.42,Xe Máy,Mưa,0.924394,0.88139,18,0,94.43,Chiều,1.13
Hà Nội,,2,7.49,Xe Máy,Mưa,0.938745,0.531669,12,0,96.41,Chiều,1.35
Hải Phòng,,4,14.6,Xe ViP,Nhiều Mây,0.550883,0.944062,20,0,95.45,Đêm,1.59
Hà Nội,,3,13.07,Xe Máy,Nhiều Mây,0.405093,0.655576,6,0,94.14,Đêm,1.38
Hải Phòng,,5,16.33,Xe Máy,Nhiều Mây,0.558293,0.822016,22,1,94.19,Cao điểm Tối,1.66
Đà Nẵng,,1,11.73,Ô Tô 4 Chỗ,Mưa,0.700871,0.993514,12,0,88.17,Cao điểm Tối,2.08
Hải Phòng,,1,6.76,Xe ViP,Nắng,0.673857,0.881539,3,0,97.41,Cao điểm Tối,1.49
Hải Phòng,,2,7.23,Xe ViP,Nhiều Mây,0.736077,0.557422,21,0,93.94,Chiều,1
Hồ Chí Minh,,0,7.91,Xe ViP,Nhiều Mây,0.209024,0.443743,15,0,88.42,Cao điểm Tối,1.58
Đà Nẵng,,4,4.11,Ô Tô 4 Chỗ,Mưa Bão,0.615774,0.710824,12,0,95.08,Đêm,1.48
Đà Nẵng,,1,11.63,Xe Máy,Mưa Bão,0.251651,0.869657,4,0,88.22,Đêm,2.11
Hồ Chí Minh,,5,18.05,Xe ViP,Nắng,0.34431,0.460245,0,1,93.9,Đêm,1.17
Hải Phòng,,6,10.08,Ô Tô 4 Chỗ,Mưa Bão,0.957295,0.828651,3,1,88.83,Cao điểm Tối,1.76
Cần Thơ,,6,7.56,Xe ViP,Nhiều Mây,0.853371,0.626927,0,1,97.3,Cao điểm Sáng,1.38
Hồ Chí Minh,,2,2.89,Xe ViP,Mưa,0.864493,0.410824,22,0,96.14,Cao điểm Sáng,2.16
Hồ Chí Minh,,0,13.74,Ô Tô 4 Chỗ,Mưa Bão,0.865486,0.980789,1,0,95.28,Cao điểm Sáng,2.06
Hà Nội,,2,13.6,Ô Tô 4 Chỗ,Nắng,0.684466,0.969219,15,0,97.63,Chiều,1.43
Hà Nội,,1,7.09,Xe Máy,Nhiều Mây,0.566916,0.67378,14,0,91.24,Đêm,1.16
Hồ Chí Minh,,5,3.32,Xe Máy,Mưa,0.939854,0.949919,4,1,86.39,Cao điểm Tối,1.59
Hà Nội,,1,5.11,Ô Tô 4 Chỗ,Mưa,0.215346,0.59107,11,0,96.26,Cao điểm Sáng,2.75
Hồ Chí Minh,,2,12.54,Ô Tô 4 Chỗ,Nắng,0.433236,0.431102,19,0,88.02,Chiều,1
Đà Nẵng,,1,3.93,Xe ViP,Mưa Bão,0.38812,0.815454,3,0,92.16,Đêm,1.8
Hà Nội,,5,16.98,Xe ViP,Nắng,0.454846,0.792747,1,1,89.89,Cao điểm Tối,1.72
Hồ Chí Minh,,6,10.56,Ô Tô 4 Chỗ,Nhiều Mây,0.787593,0.406545,7,1,89.28,Đêm,1
Đà Nẵng,,1,2.99,Xe ViP,Nhiều Mây,0.804244,0.729818,18,0,88.91,Đêm,1
Hồ Chí Minh,,0,0.79,Ô Tô 4 Chỗ,Mưa,0.284017,0.736551,8,0,93.87,Cao điểm Sáng,2.79
Cần Thơ,,2,16.43,Ô Tô 4 Chỗ,Nắng,0.221451,0.888926,20,0,88.95,Chiều,2
Hải Phòng,,3,10.07,Xe ViP,Mưa Bão,0.964473,0.565034,21,0,93.96,Chiều,1.36
Đà Nẵng,,0,4.29,Xe ViP,Mưa,0.55683,0.884454,21,0,84.74,Chiều,1.6
Cần Thơ,,2,18.97,Xe ViP,Mưa,0.514474,0.7175,12,0,85.88,Đêm,1.6
Hồ Chí Minh,,1,5.42,Ô Tô 4 Chỗ,Nhiều Mây,0.675669,0.986826,13,0,98.56,Chiều,1.47
Cần Thơ,,6,12.43,Xe Máy,Nắng,0.369089,0.773097,11,1,91.59,Chiều,1.44
Hà Nội,,1,14.24,Xe Máy,Nắng,0.936715,0.860192,2,0,86.21,Cao điểm Sáng,1.19
Cần Thơ,,6,3.25,Xe ViP,Nhiều Mây,0.842755,0.625933,9,1,86.06,Đêm,1
Hà Nội,,3,6.88,Xe ViP,Mưa,0.312174,0.772625,21,0,88.42,Đêm,2.02
Cần Thơ,,3,14.3,Xe ViP,Nắng,0.770174,0.938591,14,0,93.3,Đêm,1.25
Hải Phòng,,5,14.51,Ô Tô 4 Chỗ,Nắng,0.205714,0.859731,21,1,83.83,Đêm,1.75
Hồ Chí Minh,,1,14.17,Xe Máy,Nhiều Mây,0.81045,0.419466,7,0,88.32,Chiều,1
Đà Nẵng,,2,7.62,Ô Tô 4 Chỗ,Nhiều Mây,0.698397,0.435311,7,0,93.71,Cao điểm Sáng,1.31
Hải Phòng,,4,8.05,Xe ViP,Mưa Bão,0.709915,0.969434,8,0,95.79,Chiều,1.71
Cần Thơ,,3,13.83,Xe ViP,Nắng,0.622203,0.559272,12,0,90.54,Chiều,1
Hà Nội,,3,17.99,Ô Tô 4 Chỗ,Mưa,0.917344,0.707216,20,0,91.06,Đêm,1.14
Cần Thơ,,4,2.12,Xe ViP,Mưa Bão,0.221341,0.829376,11,0,88.15,Cao điểm Tối,2.49
Hồ Chí Minh,,6,2.6,Ô Tô 4 Chỗ,Mưa Bão,0.922994,0.665296,11,1,97.93,Chiều,1.35
Hồ Chí Minh,,6,12.64,Xe Máy,Mưa,0.515219,0.881686,17,1,93.46,Cao điểm Tối,2.88
Cần Thơ,,3,17.03,Xe Máy,Nắng,0.514199,0.785251,2,0,97.45,Đêm,1.41
Đà Nẵng,,4,1.08,Ô Tô 4 Chỗ,Mưa Bão,0.733103,0.597744,2,0,88.63,Đêm,1.36
Hải Phòng,,5,11.87,Ô Tô 4 Chỗ,Nhiều Mây,0.511038,0.686992,20,1,90.39,Đêm,1.01
Hồ Chí Minh,,6,12.43,Xe ViP,Nắng,0.586268,0.81646,2,1,87.83,Chiều,1.35
Hà Nội,,6,11.24,Xe Máy,Mưa Bão,0.918709,0.564612,3,1,96.13,Cao điểm Tối,1.83
Hồ Chí Minh,,2,3.75,Ô Tô 4 Chỗ,Nắng,0.950285,0.909967,7,0,91.79,Cao điểm Tối,1.22
Cần Thơ,,6,12.12,Xe Máy,Nhiều Mây,0.704569,0.536748,0,1,92.5,Đêm,1
Hải Phòng,,5,16.95,Xe ViP,Nhiều Mây,0.904227,0.471335,7,1,91.42,Chiều,1
Hà Nội,,6,13.07,Xe Máy,Mưa,0.45756,0.961291,5,1,97.14,Đêm,2.13
Hà Nội,,3,9.59,Xe Máy,Nắng,0.695856,0.534802,9,0,94.75,Cao điểm Sáng,1.2
Hồ Chí Minh,,5,10.54,Xe Máy,Mưa Bão,0.77417,0.611731,6,1,95.6,Cao điểm Tối,2.34
Hà Nội,,2,15.94,Ô Tô 4 Chỗ,Nhiều Mây,0.69422,0.440225,1,0,97.01,Đêm,1
Hải Phòng,,3,18.56,Xe ViP,Nắng,0.29562,0.969513,0,0,91.42,Cao điểm Sáng,2.31
Hà Nội,,6,13.94,Xe Máy,Mưa,0.248758,0.585384,11,1,93.27,Cao điểm Sáng,2.02
Hà Nội,,2,3.29,Ô Tô 4 Chỗ,Mưa,0.576471,0.549437,23,0,92.02,Chiều,1.33
Hà Nội,,3,11.22,Xe Máy,Mưa Bão,0.242062,0.849981,7,0,90.29,Cao điểm Sáng,2.79
Hà Nội,,5,13.22,Ô Tô 4 Chỗ,Nhiều Mây,0.379047,0.825237,12,1,91.67,Cao điểm Sáng,1.95
Hà Nội,,3,15.3,Ô Tô 4 Chỗ,Mưa Bão,0.934302,0.69109,11,0,86.08,Đêm,1.14
Hồ Chí Minh,,0,15.71,Xe Máy,Nhiều Mây,0.903621,0.598306,2,0,85.23,Cao điểm Tối,1.39
Hải Phòng,,6,8.58,Xe Máy,Nhiều Mây,0.205281,0.80377,17,1,88.76,Đêm,1.7
Hải Phòng,,6,3.04,Xe ViP,Mưa Bão,0.936376,0.571628,18,1,89.75,Cao điểm Sáng,2.5
Hồ Chí Minh,,1,11.37,Ô Tô 4 Chỗ,Nắng,0.926387,0.886625,13,0,97.66,Cao điểm Tối,1.21
Cần Thơ,,0,3.64,Ô Tô 4 Chỗ,Mưa Bão,0.215589,0.492239,6,0,96.79,Chiều,1.64
Cần Thơ,,1,16.47,Xe Máy,Nhiều Mây,0.359241,0.649551,1,0,98.23,Chiều,1.44
Hải Phòng,,3,18.95,Xe Máy,Mưa Bão,0.461441,0.719351,5,0,96.96,Chiều,1.7
Hải Phòng,,4,17.48,Xe ViP,Nắng,0.929573,0.759072,7,0,94.36,Cao điểm Sáng,1.27
Hải Phòng,,1,0.56,Xe Máy,Nắng,0.228398,0.824397,23,0,90.34,Chiều,1.89
Hải Phòng,,2,17.77,Xe Máy,Mưa,0.559901,0.887297,8,0,88.33,Chiều,1.67
Cần Thơ,,3,19.37,Xe Máy,Mưa Bão,0.699569,0.462561,1,0,89.55,Đêm,1.29
Hà Nội,,3,11.48,Ô Tô 4 Chỗ,Mưa,0.445002,0.699742,4,0,97.47,Đêm,1.71
Hải Phòng,,2,17.66,Xe ViP,Mưa,0.865014,0.817323,9,0,93.06,Cao điểm Sáng,1.83
Hà Nội,,4,19.26,Ô Tô 4 Chỗ,Nhiều Mây,0.217868,0.734868,21,0,89.83,Cao điểm Sáng,1.9
Đà Nẵng,,4,4.09,Xe Máy,Mưa,0.899804,0.588964,12,0,98.92,Đêm,1.17
Cần Thơ,,5,3.33,Xe Máy,Nhiều Mây,0.400543,0.481258,2,1,92.69,Cao điểm Tối,1.34
Hồ Chí Minh,,4,19.92,Xe ViP,Nhiều Mây,0.412838,0.925475,7,0,93.27,Cao điểm Tối,2
Đà Nẵng,,2,0.94,Ô Tô 4 Chỗ,Mưa,0.463728,0.713759,16,0,87.17,Cao điểm Sáng,2.22
Hải Phòng,,0,1.29,Ô Tô 4 Chỗ,Mưa Bão,0.34894,0.952723,20,0,87,Cao điểm Sáng,2.71
Hồ Chí Minh,,1,8.27,Xe Máy,Nắng,0.932161,0.926546,6,0,95.75,Cao điểm Tối,1.35
Đà Nẵng,,6,2.32,Xe ViP,Nhiều Mây,0.728538,0.948013,2,1,91.89,Cao điểm Tối,1.43
Đà Nẵng,,2,7.7,Xe Máy,Nhiều Mây,0.811378,0.584615,1,0,88.66,Cao điểm Sáng,1.28
Hồ Chí Minh,,1,2.5,Xe Máy,Nắng,0.491608,0.925144,22,0,96.62,Chiều,1.65
Cần Thơ,,6,11.51,Ô Tô 4 Chỗ,Mưa Bão,0.211723,0.735678,10,1,93.52,Cao điểm Tối,2.53
Đà Nẵng,,4,5.18,Xe ViP,Mưa Bão,0.983141,0.579336,0,0,86.33,Đêm,1.24
Cần Thơ,,2,12.79,Xe Máy,Mưa Bão,0.808899,0.678678,2,0,94.13,Đêm,1.28
Hải Phòng,,2,6.97,Ô Tô 4 Chỗ,Nắng,0.507184,0.609819,2,0,89.9,Cao điểm Sáng,1.27
Cần Thơ,,0,5.8,Xe Máy,Mưa,0.267284,0.665085,18,0,83.06,Đêm,1.95
Hà Nội,,4,12.47,Xe Máy,Nắng,0.922296,0.576053,7,0,94.77,Đêm,1
Đà Nẵng,,2,6.94,Xe Máy,Mưa Bão,0.503194,0.762501,21,0,96.86,Cao điểm Tối,2.64
Cần Thơ,,0,18.67,Ô Tô 4 Chỗ,Nhiều Mây,0.627842,0.804841,6,0,91.85,Cao điểm Sáng,1.65
Hải Phòng,,3,17.03,Xe ViP,Mưa Bão,0.357239,0.5761,5,0,88.2,Chiều,1.52
Đà Nẵng,,3,3.87,Xe Máy,Mưa Bão,0.540157,0.757457,9,0,97.17,Cao điểm Sáng,2.58
Đà Nẵng,,4,6.59,Ô Tô 4 Chỗ,Mưa Bão,0.261417,0.553607,16,0,85.29,Đêm,1.72
Đà Nẵng,,4,4.66,Ô Tô 4 Chỗ,Mưa Bão,0.627427,0.655528,4,0,91.61,Chiều,1.34
Đà Nẵng,,2,1.74,Xe ViP,Mưa Bão,0.85824,0.570314,1,0,94.14,Chiều,1.38
Đà Nẵng,,6,16.94,Ô Tô 4 Chỗ,Mưa Bão,0.701487,0.654343,15,1,83.61,Cao điểm Sáng,1.87
Hà Nội,,5,18.67,Ô Tô 4 Chỗ,Nắng,0.214266,0.500783,11,1,93.84,Cao điểm Tối,1.77
Hồ Chí Minh,,3,19.38,Xe ViP,Mưa Bão,0.850702,0.819157,20,0,93.65,Chiều,1.28
Hà Nội,,5,9.83,Xe ViP,Nhiều Mây,0.297192,0.873626,15,1,88.22,Cao điểm Tối,2.19
Hải Phòng,,4,17.49,Ô Tô 4 Chỗ,Nhiều Mây,0.631624,0.904162,10,0,91.23,Đêm,1.41
Hà Nội,,6,4.84,Ô Tô 4 Chỗ,Mưa,0.717541,0.795723,5,1,92.71,Chiều,1.37
Đà Nẵng,,6,9.24,Xe ViP,Nhiều Mây,0.899604,0.747721,3,1,96.49,Cao điểm Tối,1.24
Hồ Chí Minh,,1,7.17,Xe Máy,Nắng,0.502595,0.600653,1,0,88.81,Đêm,1.15
Hải Phòng,,0,12.64,Xe ViP,Nắng,0.849152,0.903134,1,0,94.86,Cao điểm Sáng,1.41
Hải Phòng,,3,13.97,Xe ViP,Mưa,0.250451,0.570268,12,0,97.93,Đêm,1.65
Hồ Chí Minh,,3,10.67,Ô Tô 4 Chỗ,Nhiều Mây,0.375198,0.470743,5,0,89.42,Cao điểm Tối,1.31
Đà Nẵng,,4,4.89,Xe ViP,Mưa,0.307132,0.865796,7,0,92.75,Cao điểm Sáng,3.25
Cần Thơ,,2,10.73,Xe Máy,Mưa Bão,0.425382,0.7757,19,0,91.7,Đêm,1.67
Hồ Chí Minh,,0,15.35,Xe Máy,Nắng,0.694629,0.937121,10,0,93.92,Cao điểm Tối,1.52
Hải Phòng,,5,12.63,Ô Tô 4 Chỗ,Mưa Bão,0.993782,0.908954,4,1,87.29,Chiều,1.11
Cần Thơ,,5,3.46,Xe ViP,Mưa Bão,0.741629,0.559485,23,1,93.33,Cao điểm Tối,2.32
Cần Thơ,,6,15.67,Xe Máy,Nhiều Mây,0.290465,0.587704,13,1,97.47,Cao điểm Sáng,1.64
Hà Nội,,3,5.17,Xe ViP,Nhiều Mây,0.74764,0.908106,9,0,89.48,Cao điểm Tối,1.47
Đà Nẵng,,2,7.87,Ô Tô 4 Chỗ,Nắng,0.766398,0.467227,14,0,97.3,Cao điểm Tối,1.23
Hà Nội,,6,12.69,Ô Tô 4 Chỗ,Mưa,0.880022,0.836628,17,1,89.07,Đêm,1.33
Hồ Chí Minh,,5,8.99,Ô Tô 4 Chỗ,Mưa,0.414341,0.419815,18,1,86.9,Đêm,1.29
Cần Thơ,,4,19.76,Xe ViP,Nhiều Mây,0.729384,0.866166,23,0,97.92,Chiều,1.21
Cần Thơ,,1,3.92,Xe ViP,Nắng,0.618869,0.512384,10,0,97.69,Chiều,1
Cần Thơ,,3,10.02,Ô Tô 4 Chỗ,Mưa,0.400258,0.56031,6,0,85.96,Đêm,1.51
Hồ Chí Minh,,4,6.17,Xe Máy,Mưa Bão,0.956497,0.889508,19,0,98.35,Đêm,1.35
Hà Nội,,0,10.91,Ô Tô 4 Chỗ,Mưa,0.991387,0.968131,4,0,90.95,Chiều,1.16
Hồ Chí Minh,,1,14.53,Xe Máy,Mưa Bão,0.34308,0.908022,3,0,95.48,Đêm,2
Cần Thơ,,6,10.97,Xe Máy,Nắng,0.869049,0.479937,1,1,86.86,Đêm,1
Đà Nẵng,,6,0.78,Ô Tô 4 Chỗ,Nhiều Mây,0.972508,0.724754,10,1,96.67,Cao điểm Sáng,1.22
Cần Thơ,,3,0.59,Ô Tô 4 Chỗ,Mưa,0.548052,0.671948,23,0,98.62,Chiều,1.44
Hồ Chí Minh,,6,13.26,Ô Tô 4 Chỗ,Mưa,0.461734,0.457869,8,1,92.04,Chiều,1.18
Hồ Chí Minh,,2,19.26,Xe ViP,Nhiều Mây,0.994932,0.471262,1,0,93.04,Cao điểm Sáng,1.13
Hải Phòng,,0,19.11,Ô Tô 4 Chỗ,Nắng,0.92902,0.755548,18,0,99.73,Chiều,1
Hồ Chí Minh,,5,9.1,Xe Máy,Nắng,0.559673,0.902209,9,1,89.87,Chiều,1.51
Đà Nẵng,,5,11.68,Xe ViP,Mưa Bão,0.373419,0.772083,11,1,94.21,Đêm,1.84
Đà Nẵng,,6,19.63,Ô Tô 4 Chỗ,Mưa,0.969561,0.690904,13,1,89.45,Đêm,1.32
Cần Thơ,,4,3.49,Xe Máy,Nắng,0.566956,0.906702,22,0,93.37,Cao điểm Sáng,1.65
Cần Thơ,,0,13.25,Xe ViP,Nắng,0.617154,0.439553,14,0,94.8,Đêm,1
Đà Nẵng,,1,2.93,Xe ViP,Mưa Bão,0.995338,0.869646,5,0,86.86,Chiều,1.37
Hải Phòng,,5,15.9,Ô Tô 4 Chỗ,Nắng,0.92448,0.866962,16,1,92.39,Chiều,1
Hải Phòng,,6,9.48,Ô Tô 4 Chỗ,Mưa Bão,0.79141,0.505375,7,1,91.63,Đêm,1.3
Hà Nội,,5,3.64,Ô Tô 4 Chỗ,Nắng,0.559922,0.564858,5,1,84.34,Chiều,1.01
Đà Nẵng,,5,11.3,Xe Máy,Nắng,0.601417,0.58665,11,1,90.09,Cao điểm Tối,1.02
Cần Thơ,,0,8.97,Xe Máy,Nhiều Mây,0.26734,0.988908,4,0,89.25,Chiều,2.08
Đà Nẵng,,6,15.5,Ô Tô 4 Chỗ,Nắng,0.785897,0.483061,3,1,85.92,Đêm,1
Hồ Chí Minh,,3,2.04,Ô Tô 4 Chỗ,Mưa,0.726586,0.829868,15,0,96.21,Cao điểm Sáng,2.25
Hồ Chí Minh,,2,13.91,Ô Tô 4 Chỗ,Nhiều Mây,0.969759,0.492201,3,0,95.76,Cao điểm Sáng,1.35
Hải Phòng,,3,14,Xe ViP,Nắng,0.585179,0.433095,23,0,87.76,Cao điểm Sáng,1.19
Cần Thơ,,3,12.66,Xe Máy,Nắng,0.701998,0.588094,22,0,89.2,Chiều,1
Hồ Chí Minh,,5,5.21,Ô Tô 4 Chỗ,Mưa,0.467318,0.868862,21,1,93.03,Cao điểm Sáng,2.2
Hải Phòng,,6,16.21,Xe Máy,Nắng,0.875998,0.882208,15,1,89.8,Chiều,1
Hồ Chí Minh,,2,6.5,Ô Tô 4 Chỗ,Nhiều Mây,0.755887,0.91859,2,0,94.14,Đêm,1.24
Hồ Chí Minh,,6,9.87,Xe Máy,Nắng,0.424406,0.427995,12,1,93.47,Đêm,1.01
Hải Phòng,,0,7.84,Ô Tô 4 Chỗ,Nắng,0.68424,0.789579,7,0,91.53,Đêm,1.16
Đà Nẵng,,1,1.33,Xe Máy,Mưa,0.312544,0.906905,7,0,93.69,Đêm,2.23
Cần Thơ,,6,17.59,Xe Máy,Nắng,0.302141,0.495051,14,1,87.06,Chiều,1.16
Đà Nẵng,,3,5.19,Xe Máy,Mưa Bão,0.612415,0.942226,0,0,92.13,Cao điểm Tối,2.4
Hải Phòng,,6,13.86,Xe ViP,Nhiều Mây,0.888448,0.778228,13,1,96.66,Cao điểm Tối,1
Đà Nẵng,,6,12.53,Ô Tô 4 Chỗ,Nhiều Mây,0.25734,0.617184,21,1,92.38,Đêm,1.49
Hà Nội,,2,15.95,Ô Tô 4 Chỗ,Mưa Bão,0.66113,0.874862,11,0,85.16,Đêm,1.67
Hồ Chí Minh,,4,8.66,Xe Máy,Nhiều Mây,0.653662,0.449911,21,0,95.23,Chiều,1
Đà Nẵng,,1,10.35,Ô Tô 4 Chỗ,Mưa Bão,0.91535,0.715263,11,0,90.39,Đêm,1.18
Cần Thơ,,3,7.71,Ô Tô 4 Chỗ,Mưa Bão,0.236179,0.671773,15,0,93.82,Cao điểm Sáng,2.93
Hải Phòng,,6,3.33,Xe ViP,Mưa,0.412185,0.952846,11,1,95.41,Cao điểm Tối,3.15
Hải Phòng,,5,19.66,Xe Máy,Nắng,0.750397,0.984745,17,1,85.45,Cao điểm Tối,1.22
Đà Nẵng,,1,8.94,Xe Máy,Nắng,0.81858,0.978111,14,0,88.73,Cao điểm Sáng,1.52
Cần Thơ,,2,16.54,Ô Tô 4 Chỗ,Mưa Bão,0.777145,0.589191,4,0,93.36,Cao điểm Tối,1.65
Hà Nội,,4,19.18,Ô Tô 4 Chỗ,Mưa Bão,0.407014,0.620232,11,0,85.11,Cao điểm Sáng,1.97
Hồ Chí Minh,,6,18.52,Ô Tô 4 Chỗ,Mưa,0.419618,0.737282,20,1,87.86,Cao điểm Sáng,2
Hồ Chí Minh,,3,15.78,Ô Tô 4 Chỗ,Mưa Bão,0.932215,0.972705,19,0,89.66,Đêm,1.4
Hồ Chí Minh,,2,13.97,Xe Máy,Nắng,0.947146,0.751916,9,0,87.13,Đêm,1
Hải Phòng,,6,6.91,Ô Tô 4 Chỗ,Nắng,0.392457,0.789766,19,1,97.23,Chiều,1.41
Hồ Chí Minh,,2,17.08,Ô Tô 4 Chỗ,Mưa Bão,0.820818,0.986921,2,0,88.5,Chiều,1.36
Đà Nẵng,,4,19.87,Ô Tô 4 Chỗ,Nắng,0.512141,0.428316,12,0,91.49,Đêm,1
Đà Nẵng,,3,16.96,Xe ViP,Nắng,0.468428,0.971031,23,0,86.07,Chiều,1.75
Hải Phòng,,2,1.44,Ô Tô 4 Chỗ,Nắng,0.327139,0.456686,4,0,90.25,Cao điểm Sáng,1.33
Đà Nẵng,,0,4.01,Ô Tô 4 Chỗ,Mưa Bão,0.262772,0.775126,18,0,90.41,Cao điểm Tối,2.74
Đà Nẵng,,4,16.93,Xe Máy,Nhiều Mây,0.497356,0.575214,14,0,96.31,Cao điểm Tối,1.52
Hải Phòng,,1,17.97,Ô Tô 4 Chỗ,Nắng,0.589901,0.454666,7,0,95.58,Đêm,1
Cần Thơ,,3,1.21,Ô Tô 4 Chỗ,Mưa,0.579505,0.976169,8,0,95.95,Cao điểm Sáng,2.69
Cần Thơ,,1,7.39,Xe ViP,Mưa Bão,0.856009,0.802609,17,0,86.91,Đêm,1.21
Đà Nẵng,,4,4.08,Xe Máy,Nhiều Mây,0.970871,0.526835,9,0,97.24,Chiều,1
Hồ Chí Minh,,0,14.32,Ô Tô 4 Chỗ,Mưa Bão,0.979911,0.844225,6,0,87.59,Chiều,1.34
Đà Nẵng,,6,4.29,Ô Tô 4 Chỗ,Mưa,0.475929,0.608326,19,1,91.61,Cao điểm Sáng,1.97
Đà Nẵng,,2,1.79,Xe ViP,Mưa,0.966347,0.937547,18,0,88.86,Cao điểm Tối,2.23
Đà Nẵng,,3,17.27,Xe Máy,Nắng,0.827527,0.753682,12,0,85.99,Cao điểm Tối,1.22
Hồ Chí Minh,,3,2.01,Ô Tô 4 Chỗ,Mưa Bão,0.488842,0.944202,9,0,96.47,Cao điểm Tối,2.76
Đà Nẵng,,5,3.06,Ô Tô 4 Chỗ,Nắng,0.466227,0.699951,3,1,97.37,Chiều,1.29
Hà Nội,,3,16.46,Xe ViP,Mưa,0.489725,0.966661,10,0,93.68,Cao điểm Tối,2.48
Hồ Chí Minh,,3,9.91,Xe Máy,Mưa Bão,0.868482,0.462427,8,0,91.88,Chiều,1.13
Hồ Chí Minh,,1,9.6,Xe Máy,Nắng,0.324957,0.767201,2,0,86.25,Đêm,1.66
Hải Phòng,,2,7.16,Xe ViP,Mưa,0.84814,0.737591,17,0,95.43,Chiều,1.14
Cần Thơ,,1,11.16,Ô Tô 4 Chỗ,Nhiều Mây,0.555818,0.574175,15,0,89.08,Chiều,1.03
Hồ Chí Minh,,3,1.29,Ô Tô 4 Chỗ,Mưa Bão,0.200139,0.501072,9,0,93.16,Chiều,1.73
Hồ Chí Minh,,4,5.52,Xe ViP,Nhiều Mây,0.915263,0.795117,7,0,96.16,Đêm,1
Hà Nội,,3,13.14,Xe ViP,Nhiều Mây,0.908484,0.56069,4,0,96.11,Cao điểm Sáng,1.18
Hà Nội,,0,15.39,Xe ViP,Mưa Bão,0.25719,0.473932,14,0,93.01,Cao điểm Sáng,2.2
Đà Nẵng,,2,6.03,Xe ViP,Nhiều Mây,0.358821,0.854867,22,0,95.89,Đêm,1.74
Hồ Chí Minh,,2,5.1,Xe ViP,Nắng,0.439236,0.959841,4,0,96.07,Chiều,1.78
Hồ Chí Minh,,1,19.8,Ô Tô 4 Chỗ,Nắng,0.718175,0.753789,14,0,96.65,Đêm,1.05
Hải Phòng,,5,19.14,Xe Máy,Nắng,0.230885,0.8363,12,1,94.81,Đêm,1.62
Đà Nẵng,,0,15.87,Xe Máy,Mưa,0.9526,0.903015,0,0,93.17,Cao điểm Sáng,1.95
Cần Thơ,,5,17.5,Xe Máy,Nắng,0.302739,0.800418,13,1,86.72,Chiều,1.7
Hải Phòng,,4,7.09,Ô Tô 4 Chỗ,Mưa Bão,0.36526,0.400147,3,0,88.14,Cao điểm Sáng,2.11
Cần Thơ,,2,7.06,Xe Máy,Nắng,0.498934,0.966735,14,0,89.46,Đêm,1.7
Hải Phòng,,5,2.16,Ô Tô 4 Chỗ,Mưa Bão,0.681146,0.546283,8,1,97.78,Đêm,1.17
Hồ Chí Minh,,5,12.77,Xe Máy,Mưa,0.352967,0.998271,8,1,88.17,Cao điểm Tối,2.92
Hà Nội,,2,2.48,Xe Máy,Nhiều Mây,0.520922,0.659199,11,0,95.31,Cao điểm Sáng,1.33
Cần Thơ,,1,18.27,Ô Tô 4 Chỗ,Mưa Bão,0.827101,0.547122,3,0,93.01,Cao điểm Tối,2.21
Hà Nội,,5,7.92,Ô Tô 4 Chỗ,Mưa Bão,0.933539,0.669307,9,1,90.96,Chiều,1.15
Hải Phòng,,0,3.91,Xe Máy,Nắng,0.83057,0.838652,23,0,88.08,Cao điểm Sáng,1.21
Cần Thơ,,3,13.07,Ô Tô 4 Chỗ,Mưa Bão,0.985047,0.812677,18,0,85.75,Chiều,1.31
Hồ Chí Minh,,6,5.79,Xe ViP,Mưa,0.523842,0.783668,0,1,93.25,Đêm,1.74
Hải Phòng,,5,16.34,Xe Máy,Mưa,0.720883,0.842792,23,1,97.25,Cao điểm Tối,2.66
Hải Phòng,,2,17.23,Ô Tô 4 Chỗ,Mưa,0.978256,0.568872,12,0,96.71,Cao điểm Tối,1.79
Cần Thơ,,5,14.54,Xe ViP,Nắng,0.335259,0.423004,23,1,96.45,Cao điểm Tối,1.47
Hà Nội,,5,9.36,Ô Tô 4 Chỗ,Nắng,0.407923,0.613668,20,1,90.98,Đêm,1.31
Cần Thơ,,1,3.92,Xe ViP,Nhiều Mây,0.259413,0.881363,8,0,97.04,Đêm,1.93
Cần Thơ,,4,13.46,Ô Tô 4 Chỗ,Nhiều Mây,0.776392,0.622382,13,0,91.88,Đêm,1
Hồ Chí Minh,,0,9.89,Xe ViP,Mưa Bão,0.709129,0.452978,6,0,86.94,Cao điểm Sáng,1.96
Hải Phòng,,3,11.68,Xe Máy,Nắng,0.877579,0.650633,9,0,95.71,Chiều,1
Hồ Chí Minh,,3,6.99,Xe Máy,Mưa,0.286139,0.810605,18,0,89.78,Chiều,2.07
Hồ Chí Minh,,5,15.58,Xe Máy,Nhiều Mây,0.2569,0.784301,4,1,94.45,Đêm,1.79
Cần Thơ,,3,14.4,Xe ViP,Nắng,0.223239,0.775827,0,0,97.38,Cao điểm Sáng,2.22
Đà Nẵng,,6,19.35,Ô Tô 4 Chỗ,Mưa,0.232806,0.426846,3,1,86.93,Đêm,1.54
Đà Nẵng,,5,10.24,Xe ViP,Nắng,0.27351,0.939857,2,1,85.67,Đêm,1.79
Hải Phòng,,6,1.95,Xe Máy,Nắng,0.517092,0.513499,21,1,86.3,Chiều,1
Hà Nội,,2,5.33,Xe ViP,Mưa,0.472858,0.566025,13,0,90.94,Đêm,1.25
Đà Nẵng,,0,18.97,Xe Máy,Mưa,0.621122,0.615889,10,0,97.11,Đêm,1.33
Hồ Chí Minh,,2,9.82,Xe ViP,Mưa,0.967756,0.747761,22,0,90.19,Chiều,1.4
Đà Nẵng,,4,16.06,Xe ViP,Mưa,0.783307,0.420202,21,0,87.07,Đêm,1.22
Hồ Chí Minh,,6,10.43,Ô Tô 4 Chỗ,Mưa Bão,0.326053,0.939992,21,1,89.8,Cao điểm Tối,3.06
Hải Phòng,,1,2.43,Xe ViP,Nắng,0.953331,0.918424,1,0,91.78,Đêm,1
Đà Nẵng,,3,12.44,Ô Tô 4 Chỗ,Mưa,0.805076,0.847391,21,0,98.04,Cao điểm Tối,2.04
Hải Phòng,,4,1.76,Xe ViP,Nắng,0.625151,0.435848,2,0,87.24,Cao điểm Sáng,1.34
Cần Thơ,,4,12.43,Xe ViP,Mưa Bão,0.55549,0.625096,6,0,86.38,Cao điểm Sáng,2.26
Cần Thơ,,2,10.22,Xe ViP,Nhiều Mây,0.383793,0.430436,12,0,86.33,Cao điểm Tối,1.3
Hải Phòng,,5,2.7,Xe Máy,Mưa,0.878123,0.43197,4,1,93.29,Cao điểm Tối,1.5
Hồ Chí Minh,,6,7.98,Xe ViP,Mưa,0.505227,0.993086,3,1,90.79,Cao điểm Tối,2.25
Đà Nẵng,,5,6.74,Xe Máy,Mưa,0.457353,0.886052,23,1,97.93,Chiều,1.75
Hải Phòng,,4,12.52,Ô Tô 4 Chỗ,Nhiều Mây,0.926196,0.659073,16,0,97.85,Cao điểm Tối,1.11
Cần Thơ,,4,16.18,Xe ViP,Nhiều Mây,0.453417,0.833472,10,0,89.83,Đêm,1.57
Hà Nội,,2,12.76,Xe Máy,Nắng,0.367089,0.880568,22,0,84.7,Chiều,1.77
Hồ Chí Minh,,5,2.17,Ô Tô 4 Chỗ,Nắng,0.29654,0.659964,21,1,89.89,Đêm,1.55
Đà Nẵng,,3,12.09,Xe Máy,Nắng,0.346749,0.842015,5,0,86.15,Cao điểm Tối,2.11
Đà Nẵng,,2,15.99,Xe ViP,Mưa Bão,0.259783,0.901063,19,0,89.31,Cao điểm Sáng,2.62
Hải Phòng,,2,16.74,Xe Máy,Mưa Bão,0.822791,0.521147,2,0,94.94,Chiều,1.39
Hà Nội,,1,11.95,Xe ViP,Nhiều Mây,0.587233,0.510607,17,0,96.75,Chiều,1
Hồ Chí Minh,,4,9.82,Ô Tô 4 Chỗ,Mưa Bão,0.943189,0.519284,9,0,86.2,Chiều,1.23
Cần Thơ,,5,14.39,Xe ViP,Mưa,0.567287,0.772917,10,1,96.55,Đêm,1.46
Hồ Chí Minh,,6,14.78,Ô Tô 4 Chỗ,Nhiều Mây,0.920793,0.419713,7,1,97.23,Chiều,1
Hà Nội,,1,6.12,Xe ViP,Nhiều Mây,0.917921,0.810309,8,0,92.48,Chiều,1
Hải Phòng,,6,17.84,Xe ViP,Mưa,0.997935,0.774601,19,1,86.87,Chiều,1.21
Hà Nội,,5,7.64,Ô Tô 4 Chỗ,Nhiều Mây,0.708981,0.613896,18,1,93.94,Cao điểm Tối,1.32
Đà Nẵng,,5,7.25,Xe ViP,Mưa,0.582598,0.99172,4,1,91.87,Cao điểm Tối,2.8
Cần Thơ,,5,3.58,Xe Máy,Nắng,0.706536,0.660162,23,1,97.86,Đêm,1
Hồ Chí Minh,,1,13.35,Xe Máy,Nhiều Mây,0.66821,0.938036,2,0,93.49,Cao điểm Tối,1.79
Hải Phòng,,0,12.49,Xe ViP,Mưa,0.847037,0.400434,0,0,93.6,Chiều,1.32
Hồ Chí Minh,,6,4.14,Xe ViP,Mưa,0.991936,0.630133,12,1,90.11,Cao điểm Tối,1.54
Hồ Chí Minh,,2,9.47,Xe Máy,Nắng,0.793856,0.896179,9,0,87.62,Cao điểm Sáng,1.47
Đà Nẵng,,6,6.67,Xe Máy,Mưa Bão,0.507088,0.606483,23,1,90.79,Cao điểm Sáng,2.59
Cần Thơ,,5,16.65,Ô Tô 4 Chỗ,Mưa,0.331679,0.474159,19,1,86.13,Chiều,1.34
Hải Phòng,,0,13.97,Ô Tô 4 Chỗ,Mưa,0.57691,0.916401,18,0,87.03,Cao điểm Tối,2.06
Hải Phòng,,4,4.27,Xe ViP,Mưa,0.63033,0.679068,5,0,84.92,Chiều,1.23
Hà Nội,,2,19.73,Xe ViP,Mưa,0.815473,0.887642,5,0,96.58,Đêm,1.33
Hải Phòng,,2,15.87,Ô Tô 4 Chỗ,Nhiều Mây,0.755512,0.717625,12,0,89.76,Cao điểm Tối,1.33
Hà Nội,,6,17.64,Xe ViP,Nhiều Mây,0.299795,0.70186,17,1,92.79,Chiều,1.6
Đà Nẵng,,4,6.78,Ô Tô 4 Chỗ,Mưa Bão,0.27307,0.440173,11,0,92.47,Cao điểm Tối,2.05
Hải Phòng,,5,19.16,Ô Tô 4 Chỗ,Mưa Bão,0.683346,0.453942,15,1,86.74,Cao điểm Tối,1.88
Hà Nội,,3,17.22,Xe ViP,Mưa,0.825127,0.770523,19,0,92.05,Chiều,1.24
Đà Nẵng,,1,6.82,Ô Tô 4 Chỗ,Nhiều Mây,0.845008,0.596867,23,0,93.16,Đêm,1
Hải Phòng,,2,7.78,Xe Máy,Nắng,0.483894,0.846899,4,0,85.53,Đêm,1.54
Hồ Chí Minh,,0,10.18,Xe ViP,Mưa Bão,0.777478,0.497624,4,0,88.38,Cao điểm Sáng,1.58
Hải Phòng,,0,3.01,Xe Máy,Nắng,0.533555,0.834957,21,0,88.06,Đêm,1.45
Cần Thơ,,1,15.84,Xe Máy,Mưa,0.533701,0.470152,4,0,91.18,Cao điểm Sáng,1.56
Cần Thơ,,5,7.09,Xe Máy,Nhiều Mây,0.866274,0.866678,6,1,98.44,Chiều,1
Hải Phòng,,2,3.84,Ô Tô 4 Chỗ,Mưa Bão,0.534183,0.873659,7,0,86.6,Cao điểm Tối,2.7
Đà Nẵng,,0,18.88,Ô Tô 4 Chỗ,Mưa Bão,0.211113,0.958349,6,0,86.49,Chiều,2.31
Hà Nội,,2,17.18,Xe Máy,Nhiều Mây,0.470244,0.408176,7,0,93.57,Chiều,1
Hồ Chí Minh,,0,15.31,Xe Máy,Mưa Bão,0.316623,0.904541,11,0,95.46,Cao điểm Tối,2.98
Hà Nội,,1,7.28,Xe ViP,Mưa,0.525657,0.437053,15,0,96.65,Cao điểm Tối,2.08
Hải Phòng,,1,10.09,Xe ViP,Nhiều Mây,0.796188,0.826883,0,0,97.91,Chiều,1.05
Hồ Chí Minh,,4,2.66,Xe ViP,Mưa Bão,0.224588,0.928911,16,0,92.23,Cao điểm Tối,3.16
Đà Nẵng,,5,8.52,Xe Máy,Nắng,0.80635,0.855988,18,1,94.41,Đêm,1.06
Cần Thơ,,0,1.45,Xe ViP,Nhiều Mây,0.592462,0.935636,5,0,92.32,Đêm,1.51
Đà Nẵng,,0,5.53,Xe ViP,Nắng,0.882471,0.662443,2,0,87.64,Chiều,1
Hải Phòng,,0,6.45,Xe Máy,Mưa Bão,0.368642,0.78325,3,0,90.69,Cao điểm Sáng,2.68
Hồ Chí Minh,,1,3.56,Xe Máy,Mưa Bão,0.693488,0.531205,11,0,93.93,Cao điểm Sáng,1.97
Cần Thơ,,5,3.16,Xe Máy,Mưa Bão,0.358156,0.565741,12,1,94.49,Đêm,1.48
Cần Thơ,,6,4.14,Xe ViP,Mưa Bão,0.824435,0.537841,2,1,96.79,Đêm,1.16
Đà Nẵng,,1,9.62,Xe ViP,Nhiều Mây,0.294178,0.744775,14,0,97.34,Chiều,1.68
Hải Phòng,,6,8.78,Ô Tô 4 Chỗ,Nắng,0.533201,0.557972,6,1,99.12,Đêm,1
Đà Nẵng,,4,16.09,Xe ViP,Nắng,0.468867,0.862571,9,0,90.97,Cao điểm Tối,1.72
Hà Nội,,4,18.03,Ô Tô 4 Chỗ,Nhiều Mây,0.802832,0.889201,15,0,96.24,Cao điểm Sáng,1.48
Hải Phòng,,5,4.15,Xe Máy,Nắng,0.661294,0.507498,23,1,84.87,Cao điểm Tối,1.2
Hà Nội,,0,16.28,Xe ViP,Nhiều Mây,0.433291,0.656727,6,0,93.2,Đêm,1.34
Hồ Chí Minh,,6,17.21,Xe ViP,Nhiều Mây,0.747485,0.75422,19,1,96.13,Đêm,1.01
Hồ Chí Minh,,1,19.09,Xe ViP,Nhiều Mây,0.255001,0.811349,0,0,91.68,Đêm,1.83
Hồ Chí Minh,,2,10.04,Ô Tô 4 Chỗ,Mưa,0.306706,0.71408,10,0,92.47,Cao điểm Sáng,2.71
Hải Phòng,,4,19.3,Ô Tô 4 Chỗ,Mưa Bão,0.349821,0.964314,5,0,97.87,Chiều,2.12
Hồ Chí Minh,,4,7.81,Xe ViP,Mưa,0.682314,0.542036,7,0,97.33,Cao điểm Sáng,2.42
Hà Nội,,5,5.94,Xe ViP,Mưa,0.616681,0.927823,22,1,91.06,Cao điểm Tối,2.54
Cần Thơ,,6,10.6,Ô Tô 4 Chỗ,Nhiều Mây,0.814183,0.934116,18,1,93.37,Chiều,1
Hải Phòng,,6,19.79,Xe Máy,Mưa Bão,0.882851,0.544387,0,1,90.9,Cao điểm Tối,1.54
Hải Phòng,,0,7.73,Xe ViP,Mưa Bão,0.807099,0.653878,15,0,96.93,Cao điểm Tối,1.77
Hồ Chí Minh,,6,4.12,Xe ViP,Nhiều Mây,0.483302,0.592018,11,1,92.63,Cao điểm Sáng,1.5
Hải Phòng,,0,6.29,Xe Máy,Nhiều Mây,0.443417,0.836946,0,0,85.38,Đêm,1.59
Cần Thơ,,5,10.95,Xe Máy,Nhiều Mây,0.861286,0.408756,11,1,85.07,Cao điểm Tối,1.12
Hà Nội,,6,9.97,Ô Tô 4 Chỗ,Nhiều Mây,0.450853,0.950589,4,1,87.45,Cao điểm Tối,1.89
Hải Phòng,,1,3.02,Xe ViP,Nhiều Mây,0.925828,0.661043,15,0,87.94,Chiều,1
Hồ Chí Minh,,3,4.39,Xe Máy,Nhiều Mây,0.439407,0.68279,0,0,97.49,Chiều,1.37
Hà Nội,,0,1.72,Ô Tô 4 Chỗ,Nắng,0.341877,0.985339,18,0,92.45,Chiều,1.97
Hải Phòng,,5,17.69,Xe Máy,Mưa Bão,0.41893,0.634763,21,1,96.81,Chiều,1.67
Cần Thơ,,4,11.97,Xe Máy,Mưa Bão,0.702967,0.976402,21,0,97.81,Cao điểm Sáng,2.16
Đà Nẵng,,5,0.82,Ô Tô 4 Chỗ,Mưa Bão,0.631116,0.889959,15,1,85.17,Đêm,1.57
Hồ Chí Minh,,4,5.27,Xe ViP,Mưa,0.453296,0.588116,6,0,86.75,Đêm,1.59
Cần Thơ,,2,9.64,Xe ViP,Nhiều Mây,0.369789,0.419871,19,0,91.58,Cao điểm Tối,1.27
Hồ Chí Minh,,5,8.93,Ô Tô 4 Chỗ,Mưa,0.55287,0.957089,14,1,97.96,Cao điểm Tối,2.62
Hồ Chí Minh,,1,9.82,Ô Tô 4 Chỗ,Nắng,0.574776,0.869358,3,0,94.81,Cao điểm Tối,1.7
Đà Nẵng,,0,11.36,Xe ViP,Nhiều Mây,0.439442,0.933124,17,0,96.87,Đêm,1.74
Cần Thơ,,5,15.53,Ô Tô 4 Chỗ,Nhiều Mây,0.601285,0.842735,6,1,89.03,Chiều,1.33
Cần Thơ,,4,18.39,Xe Máy,Mưa Bão,0.633808,0.972003,9,0,91.13,Chiều,1.77
Hồ Chí Minh,,3,10.55,Xe ViP,Nắng,0.938738,0.89955,22,0,90.14,Chiều,1
Hồ Chí Minh,,3,8.31,Xe Máy,Nhiều Mây,0.79563,0.432813,16,0,95.12,Cao điểm Tối,1.18
Hà Nội,,6,11.52,Xe ViP,Nắng,0.525084,0.817295,11,1,99.12,Cao điểm Tối,1.82
Đà Nẵng,,6,14.95,Xe ViP,Mưa Bão,0.327177,0.52808,6,1,94.26,Cao điểm Tối,2.62
Đà Nẵng,,5,4.69,Ô Tô 4 Chỗ,Nắng,0.529243,0.526556,21,1,98.1,Chiều,1
Cần Thơ,,2,7.41,Ô Tô 4 Chỗ,Mưa Bão,0.956986,0.441115,20,0,89.96,Cao điểm Sáng,2.35
Hồ Chí Minh,,1,12.18,Ô Tô 4 Chỗ,Mưa Bão,0.962303,0.546501,12,0,94.81,Đêm,1.14
Hà Nội,,5,6.1,Xe Máy,Mưa Bão,0.659785,0.980548,10,1,85.85,Đêm,1.84
Hải Phòng,,4,12.9,Xe ViP,Mưa,0.661272,0.872098,22,0,85.87,Cao điểm Sáng,2.06
Hồ Chí Minh,,5,16.45,Xe ViP,Mưa,0.749685,0.500222,15,1,89.67,Cao điểm Tối,2.47
Hải Phòng,,1,10.33,Xe ViP,Nhiều Mây,0.324286,0.918983,13,0,88.04,Chiều,1.89
Cần Thơ,,5,17.97,Xe ViP,Nắng,0.873274,0.829124,19,1,88.35,Cao điểm Sáng,1.3
Hải Phòng,,3,15.45,Xe Máy,Mưa Bão,0.873205,0.825839,0,0,85.71,Cao điểm Tối,2.23
Cần Thơ,,4,15.1,Xe Máy,Mưa Bão,0.359521,0.724405,3,0,91.77,Cao điểm Sáng,3.05
Hà Nội,,1,6.43,Xe ViP,Nắng,0.566925,0.794463,20,0,89.15,Cao điểm Tối,1.49
Hà Nội,,5,4.1,Xe Máy,Nhiều Mây,0.402386,0.836566,17,1,93.42,Cao điểm Sáng,1.94
Cần Thơ,,2,14.96,Ô Tô 4 Chỗ,Mưa Bão,0.94102,0.825649,9,0,95.24,Cao điểm Sáng,2.27
Cần Thơ,,3,17.52,Xe Máy,Mưa Bão,0.30803,0.793766,11,0,89.73,Đêm,1.98
Cần Thơ,,3,14.99,Xe Máy,Mưa,0.494804,0.983175,11,0,97.14,Cao điểm Tối,2.85
Hải Phòng,,2,18.77,Ô Tô 4 Chỗ,Nắng,0.460798,0.602982,18,0,85.82,Cao điểm Sáng,1.53
Cần Thơ,,0,3.67,Ô Tô 4 Chỗ,Mưa,0.676417,0.522183,21,0,90.97,Đêm,1.4
Hải Phòng,,1,18.73,Ô Tô 4 Chỗ,Mưa Bão,0.296808,0.542297,11,0,91.9,Cao điểm Tối,2.17
Hải Phòng,,2,2.26,Xe Máy,Nắng,0.657616,0.890658,13,0,90.24,Cao điểm Sáng,1.48
Hà Nội,,5,18.75,Xe Máy,Mưa Bão,0.274644,0.495523,22,1,98.14,Cao điểm Sáng,2.26
Đà Nẵng,,1,10.88,Xe Máy,Mưa,0.340441,0.689611,9,0,93.31,Cao điểm Tối,2.11
Đà Nẵng,,3,15.42,Xe Máy,Mưa,0.895713,0.652478,22,0,88.01,Chiều,1.21
Hà Nội,,2,2.22,Xe ViP,Mưa,0.658782,0.75993,7,0,97.46,Cao điểm Sáng,2
Đà Nẵng,,1,14.68,Ô Tô 4 Chỗ,Nhiều Mây,0.296118,0.475409,14,0,96.05,Đêm,1.27
Hồ Chí Minh,,2,9.76,Xe ViP,Mưa Bão,0.860263,0.924285,15,0,94.86,Cao điểm Sáng,1.94
Đà Nẵng,,1,1.26,Xe ViP,Mưa Bão,0.305886,0.677604,14,0,85.69,Chiều,1.84
Đà Nẵng,,2,6.55,Ô Tô 4 Chỗ,Nắng,0.442686,0.472629,13,0,93.33,Đêm,1.04
Hà Nội,,2,0.6,Xe Máy,Mưa Bão,0.267952,0.55532,0,0,89.26,Chiều,1.61
Hà Nội,,6,5.15,Xe ViP,Mưa,0.986881,0.607786,17,1,95.59,Đêm,1.12
Hà Nội,,2,7.03,Xe Máy,Nắng,0.634673,0.818355,22,0,95.96,Cao điểm Tối,1.64
Hồ Chí Minh,,1,19.08,Xe ViP,Nắng,0.212678,0.712794,3,0,85.07,Cao điểm Sáng,1.99
Cần Thơ,,0,7.04,Xe ViP,Mưa,0.98656,0.577993,12,0,87.16,Cao điểm Sáng,1.76
Đà Nẵng,,4,8.5,Ô Tô 4 Chỗ,Nắng,0.208149,0.960041,17,0,83.98,Đêm,2.13
Hà Nội,,5,6.39,Xe Máy,Mưa Bão,0.623776,0.549717,13,1,86.69,Cao điểm Tối,2
Cần Thơ,,2,18.79,Xe Máy,Nắng,0.48347,0.973601,3,0,88.49,Cao điểm Tối,1.98
Hà Nội,,0,19.25,Xe Máy,Nhiều Mây,0.439194,0.981133,15,0,91.79,Cao điểm Tối,2.07
Hà Nội,,5,18.48,Ô Tô 4 Chỗ,Nắng,0.801447,0.755287,16,1,95.52,Cao điểm Tối,1.4
Hà Nội,,5,15.79,Xe Máy,Nhiều Mây,0.323174,0.803218,18,1,89.43,Cao điểm Sáng,2
Đà Nẵng,,0,7.99,Xe ViP,Nắng,0.492471,0.530829,9,0,93.46,Chiều,1.06
Cần Thơ,,1,14.79,Xe Máy,Nắng,0.996393,0.454496,17,0,96.06,Cao điểm Tối,1.29
Hà Nội,,6,13.65,Xe Máy,Mưa,0.817716,0.743762,3,1,86.35,Cao điểm Tối,1.53
Cần Thơ,,4,4.15,Xe Máy,Nhiều Mây,0.949205,0.855035,13,0,88.55,Đêm,1
Cần Thơ,,1,1.57,Xe ViP,Mưa,0.717843,0.929498,2,0,92.29,Cao điểm Sáng,2.28
Đà Nẵng,,0,9.78,Xe Máy,Nắng,0.251305,0.879714,2,0,91.77,Cao điểm Sáng,2.31
Cần Thơ,,3,2.53,Xe Máy,Mưa Bão,0.22749,0.532156,0,0,93.44,Đêm,1.61
Hà Nội,,4,6.59,Xe Máy,Mưa Bão,0.343479,0.875048,23,0,86.31,Cao điểm Sáng,3.08
Cần Thơ,,4,14.85,Xe ViP,Mưa Bão,0.348171,0.768693,12,0,90.26,Cao điểm Tối,2.26
Hải Phòng,,4,16.53,Ô Tô 4 Chỗ,Nắng,0.594138,0.792846,7,0,89.62,Cao điểm Sáng,1.7
Đà Nẵng,,1,16.44,Xe Máy,Mưa,0.722017,0.78015,22,0,93.4,Cao điểm Sáng,2.11
Hồ Chí Minh,,3,12.29,Xe ViP,Nhiều Mây,0.479739,0.422359,18,0,88.49,Chiều,1
Đà Nẵng,,5,15.76,Ô Tô 4 Chỗ,Mưa,0.310757,0.569225,14,1,97.5,Cao điểm Tối,2.81
Hải Phòng,,4,4.73,Xe Máy,Mưa Bão,0.627944,0.868823,0,0,90.01,Cao điểm Tối,2.12
Hải Phòng,,3,2.67,Xe ViP,Nhiều Mây,0.4435,0.636508,18,0,98.37,Cao điểm Sáng,1.69
Đà Nẵng,,1,13.63,Ô Tô 4 Chỗ,Nhiều Mây,0.364239,0.733771,2,0,91.94,Chiều,1.55
Đà Nẵng,,2,13.59,Xe ViP,Mưa Bão,0.561492,0.694701,16,0,92.97,Cao điểm Sáng,1.73
Đà Nẵng,,2,4.68,Ô Tô 4 Chỗ,Mưa,0.399596,0.565967,17,0,87.37,Chiều,1.62
Hồ Chí Minh,,3,1.2,Xe Máy,Mưa,0.447442,0.515151,2,0,97.5,Chiều,1.41
Hà Nội,,2,10.75,Xe ViP,Nhiều Mây,0.971111,0.670667,1,0,92.64,Chiều,1
Hà Nội,,6,7.68,Xe ViP,Nhiều Mây,0.509335,0.542951,16,1,95.91,Chiều,1.05
Đà Nẵng,,4,11.46,Ô Tô 4 Chỗ,Mưa Bão,0.920407,0.670244,13,0,94.55,Chiều,1.35
Đà Nẵng,,5,8.71,Xe Máy,Mưa,0.942999,0.772052,3,1,91.75,Đêm,1.35
Hải Phòng,,4,2.81,Xe ViP,Mưa,0.738969,0.55642,3,0,90.84,Cao điểm Sáng,1.58
Cần Thơ,,4,11.26,Ô Tô 4 Chỗ,Nắng,0.695766,0.994627,9,0,86.42,Cao điểm Sáng,1.64
Cần Thơ,,5,4.27,Xe Máy,Nắng,0.385406,0.967893,23,1,90.73,Cao điểm Tối,1.78
Cần Thơ,,0,0.81,Xe ViP,Nắng,0.29195,0.968465,9,0,85.55,Cao điểm Sáng,2.22
Hải Phòng,,1,16,Ô Tô 4 Chỗ,Mưa Bão,0.69429,0.854343,5,0,93.69,Cao điểm Tối,2.34
Cần Thơ,,5,6.5,Ô Tô 4 Chỗ,Mưa Bão,0.904875,0.428913,4,1,88.76,Đêm,1.25
Hồ Chí Minh,,5,5.06,Ô Tô 4 Chỗ,Mưa,0.780925,0.90642,23,1,84.52,Cao điểm Tối,2.54
Hồ Chí Minh,,5,15.14,Xe Máy,Mưa,0.599446,0.435656,15,1,91.17,Đêm,1.19
Hồ Chí Minh,,5,7.07,Xe ViP,Mưa Bão,0.942273,0.533314,5,1,85.92,Đêm,1.22
Hồ Chí Minh,,5,12.23,Xe ViP,Nhiều Mây,0.716928,0.937113,1,1,89.82,Đêm,1.33
Hồ Chí Minh,,5,17.38,Ô Tô 4 Chỗ,Mưa Bão,0.275962,0.822095,9,1,91.03,Chiều,2.16
Hà Nội,,1,5.47,Ô Tô 4 Chỗ,Nhiều Mây,0.709288,0.929548,12,0,94.89,Chiều,1.33
Hà Nội,,1,3.91,Ô Tô 4 Chỗ,Mưa Bão,0.816516,0.494952,14,0,95.34,Chiều,1.27
Hồ Chí Minh,,6,2.05,Xe ViP,Nắng,0.324395,0.656444,8,1,87.49,Cao điểm Tối,1.71
Hồ Chí Minh,,2,6.67,Xe Máy,Nhiều Mây,0.303573,0.603959,12,0,86.28,Cao điểm Tối,1.82
Hồ Chí Minh,,1,19.65,Xe Máy,Nắng,0.86957,0.657623,20,0,90.54,Chiều,1
Cần Thơ,,1,4.42,Xe Máy,Mưa Bão,0.894353,0.844531,18,0,92.52,Chiều,1.16
Hà Nội,,5,18.31,Ô Tô 4 Chỗ,Mưa,0.639502,0.475915,4,1,90.48,Chiều,1.29
Hồ Chí Minh,,0,10.51,Xe Máy,Nắng,0.852195,0.910637,15,0,95.94,Chiều,1.09
Đà Nẵng,,3,12.73,Ô Tô 4 Chỗ,Mưa,0.304661,0.467865,12,0,89.05,Đêm,1.39
Hải Phòng,,0,3.36,Ô Tô 4 Chỗ,Mưa,0.855322,0.71675,8,0,95.04,Chiều,1.39
Hà Nội,,3,16.56,Xe Máy,Mưa,0.792644,0.6097,9,0,84.6,Đêm,1.18
Hồ Chí Minh,,0,10.17,Xe ViP,Mưa,0.726079,0.78858,17,0,92.18,Chiều,1.3
Đà Nẵng,,3,4.87,Xe ViP,Mưa,0.916138,0.587787,16,0,95.56,Cao điểm Sáng,1.92
Hải Phòng,,1,12.94,Xe ViP,Nhiều Mây,0.697491,0.966974,9,0,88.24,Cao điểm Sáng,1.61
Hồ Chí Minh,,3,6.99,Ô Tô 4 Chỗ,Mưa,0.906464,0.55936,21,0,85.52,Chiều,1.19
Đà Nẵng,,6,2.84,Ô Tô 4 Chỗ,Mưa,0.219806,0.858252,17,1,97.32,Đêm,2.32
Cần Thơ,,4,18.76,Xe Máy,Mưa Bão,0.484333,0.44212,14,0,95.39,Chiều,1.31
Cần Thơ,,5,15.85,Ô Tô 4 Chỗ,Mưa,0.324719,0.606214,10,1,96.09,Chiều,1.52
Hồ Chí Minh,,4,10.4,Xe Máy,Mưa,0.609242,0.969305,19,0,85.38,Cao điểm Tối,2.75
Cần Thơ,,2,5.87,Xe ViP,Nắng,0.667101,0.95376,5,0,91.17,Chiều,1.43
Hải Phòng,,4,16.74,Ô Tô 4 Chỗ,Mưa Bão,0.621948,0.504924,16,0,92.67,Cao điểm Sáng,1.93
Đà Nẵng,,2,14.94,Xe Máy,Mưa Bão,0.448318,0.859204,13,0,97.83,Chiều,1.93
Đà Nẵng,,2,14.89,Ô Tô 4 Chỗ,Nhiều Mây,0.257283,0.597143,16,0,98.06,Đêm,1.51
Đà Nẵng,,2,9.39,Xe Máy,Nắng,0.760554,0.85783,0,0,87.07,Đêm,1.15
Đà Nẵng,,5,8.47,Xe Máy,Nhiều Mây,0.783636,0.972661,1,1,89.38,Đêm,1.2
Cần Thơ,,1,13.38,Xe ViP,Nắng,0.301622,0.532717,12,0,96.39,Chiều,1.35
Đà Nẵng,,1,6.84,Xe ViP,Mưa Bão,0.940858,0.733751,9,0,87.69,Cao điểm Tối,2.12
Hải Phòng,,4,16.43,Xe ViP,Nhiều Mây,0.558695,0.562427,21,0,92.85,Cao điểm Sáng,1.41
Đà Nẵng,,4,16.09,Xe Máy,Mưa Bão,0.893788,0.708277,5,0,89.75,Đêm,1.17
Đà Nẵng,,4,1.16,Xe ViP,Mưa,0.632705,0.407115,14,0,97.44,Cao điểm Tối,1.71
Hà Nội,,5,18.96,Xe Máy,Nhiều Mây,0.796405,0.920647,10,1,87.5,Chiều,1.19
Đà Nẵng,,0,5.28,Xe Máy,Mưa Bão,0.748506,0.825572,5,0,86.24,Cao điểm Tối,2.62
Cần Thơ,,2,3.3,Xe ViP,Mưa,0.282769,0.688818,23,0,95.44,Cao điểm Tối,2.55
Hồ Chí Minh,,2,4.38,Xe Máy,Nắng,0.590632,0.423858,10,0,94.25,Chiều,1
Đà Nẵng,,2,1.45,Ô Tô 4 Chỗ,Nhiều Mây,0.774919,0.934127,22,0,94.37,Đêm,1.24
Hải Phòng,,6,13.75,Ô Tô 4 Chỗ,Nắng,0.583801,0.698763,16,1,84.58,Cao điểm Tối,1.26
Cần Thơ,,4,13.43,Xe Máy,Nắng,0.591698,0.89676,23,0,91.19,Cao điểm Tối,1.65
Đà Nẵng,,6,6,Xe Máy,Nhiều Mây,0.936388,0.655968,16,1,90,Cao điểm Tối,1.05
Hà Nội,,4,16.77,Xe ViP,Nhiều Mây,0.97297,0.826918,22,0,86.69,Đêm,1
Hà Nội,,3,7.83,Ô Tô 4 Chỗ,Mưa,0.329472,0.454645,11,0,95.68,Chiều,1.38
Đà Nẵng,,6,14.27,Ô Tô 4 Chỗ,Mưa Bão,0.411412,0.90316,9,1,88.89,Cao điểm Tối,2.61
Hà Nội,,3,13.03,Ô Tô 4 Chỗ,Mưa,0.225629,0.88794,7,0,87.24,Cao điểm Tối,3.04
Hải Phòng,,6,1.03,Xe ViP,Mưa,0.239352,0.792751,6,1,88.24,Cao điểm Sáng,2.45
Đà Nẵng,,5,3.78,Ô Tô 4 Chỗ,Mưa Bão,0.312836,0.717744,7,1,85.34,Chiều,2
Hà Nội,,6,2.68,Xe ViP,Nắng,0.871176,0.980353,5,1,89.27,Cao điểm Tối,1.37
Hà Nội,,6,16.13,Xe ViP,Mưa,0.668477,0.955579,13,1,93.12,Cao điểm Sáng,2.46
Hải Phòng,,4,8.81,Xe Máy,Mưa,0.464118,0.696969,17,0,96.51,Cao điểm Sáng,2.57
Cần Thơ,,3,3.08,Ô Tô 4 Chỗ,Mưa,0.383185,0.522074,9,0,92.38,Đêm,1.42
Hải Phòng,,0,3.18,Xe Máy,Mưa,0.252608,0.926547,21,0,87.94,Đêm,2.17
Đà Nẵng,,4,13.49,Xe ViP,Nắng,0.462296,0.846783,8,0,93.55,Đêm,1.58
Cần Thơ,,6,16.02,Xe Máy,Nắng,0.339888,0.997964,0,1,88.86,Cao điểm Tối,2.32
Cần Thơ,,4,5.17,Xe ViP,Nắng,0.718807,0.564739,23,0,90.66,Đêm,1
Đà Nẵng,,2,19.88,Xe ViP,Mưa Bão,0.461662,0.823655,5,0,89.1,Đêm,1.77
Cần Thơ,,5,14.24,Ô Tô 4 Chỗ,Nắng,0.768004,0.411054,19,1,86.08,Cao điểm Tối,1
Cần Thơ,,4,6.05,Xe ViP,Nhiều Mây,0.424766,0.98767,8,0,85.89,Cao điểm Sáng,2.13
Đà Nẵng,,2,7.72,Xe Máy,Mưa,0.594255,0.703293,6,0,85.51,Chiều,1.37
Hà Nội,,3,9.25,Xe ViP,Mưa,0.464492,0.690944,2,0,86.81,Đêm,1.7
Đà Nẵng,,0,12.72,Xe Máy,Nhiều Mây,0.375,0.496633,22,0,86.05,Cao điểm Tối,1.53
Cần Thơ,,2,12.38,Ô Tô 4 Chỗ,Mưa,0.804123,0.575754,4,0,85.71,Chiều,1.17
Hà Nội,,2,7.79,Xe ViP,Mưa Bão,0.734016,0.946799,21,0,92.01,Cao điểm Tối,2.14
Hồ Chí Minh,,2,5.24,Xe Máy,Mưa,0.815437,0.976957,22,0,93.75,Chiều,1.5
Cần Thơ,,5,18.21,Xe ViP,Nhiều Mây,0.313026,0.417942,12,1,90.49,Cao điểm Sáng,1.25
Đà Nẵng,,3,1.05,Ô Tô 4 Chỗ,Nắng,0.262809,0.766519,0,0,89.1,Chiều,1.76
Cần Thơ,,6,12.92,Xe Máy,Mưa,0.261576,0.770609,13,1,84.38,Đêm,1.89
Đà Nẵng,,0,10.33,Xe Máy,Mưa Bão,0.924037,0.930837,14,0,95.95,Cao điểm Tối,1.7
Đà Nẵng,,1,6.93,Ô Tô 4 Chỗ,Mưa Bão,0.282334,0.659155,13,0,90.16,Chiều,1.85
Đà Nẵng,,1,9.63,Xe Máy,Nắng,0.247472,0.542677,18,0,96.64,Cao điểm Sáng,1.8
Cần Thơ,,0,7.12,Xe ViP,Nhiều Mây,0.410342,0.671254,16,0,88.06,Chiều,1.39
Hồ Chí Minh,,4,12.42,Ô Tô 4 Chỗ,Nắng,0.798173,0.786999,19,0,90.39,Cao điểm Sáng,1.17
Hải Phòng,,3,3.36,Xe Máy,Nắng,0.719992,0.865346,12,0,83.08,Cao điểm Tối,1.39
Hà Nội,,2,19.88,Ô Tô 4 Chỗ,Mưa Bão,0.416379,0.899913,18,0,94.32,Chiều,2.04
Cần Thơ,,5,13.54,Xe Máy,Nắng,0.32219,0.742659,4,1,93.83,Cao điểm Sáng,1.91
Đà Nẵng,,0,10.53,Xe Máy,Nhiều Mây,0.81561,0.560508,6,0,85.86,Cao điểm Sáng,1.21
Cần Thơ,,4,5.03,Xe ViP,Nắng,0.342794,0.482671,15,0,85.9,Cao điểm Sáng,1.32
Hà Nội,,5,13.89,Xe Máy,Nhiều Mây,0.359534,0.420068,16,1,92.73,Cao điểm Sáng,1.2
Hà Nội,,5,14.36,Ô Tô 4 Chỗ,Mưa Bão,0.927019,0.800384,0,1,84.49,Cao điểm Sáng,2.26
Đà Nẵng,,3,5.64,Xe Máy,Mưa,0.625409,0.411576,20,0,96.35,Cao điểm Sáng,2.18
Cần Thơ,,4,6.59,Ô Tô 4 Chỗ,Mưa,0.476293,0.690228,19,0,88.61,Đêm,1.42
Hồ Chí Minh,,6,7.71,Xe ViP,Mưa Bão,0.633122,0.430901,6,1,88.68,Chiều,1.32
Hà Nội,,3,3.1,Ô Tô 4 Chỗ,Nhiều Mây,0.852313,0.416357,5,0,92.96,Cao điểm Tối,1.16
Hải Phòng,,5,15.08,Xe ViP,Nắng,0.699417,0.552734,8,1,93.35,Đêm,1
Hồ Chí Minh,,4,7.93,Ô Tô 4 Chỗ,Mưa,0.577659,0.603831,13,0,96.97,Chiều,1.43
Hải Phòng,,5,9.95,Xe Máy,Mưa Bão,0.563807,0.862621,17,1,98.44,Cao điểm Sáng,2.62
Hà Nội,,2,14.71,Xe Máy,Mưa Bão,0.592229,0.696355,21,0,93.17,Cao điểm Sáng,2.13
Cần Thơ,,6,19.53,Xe ViP,Mưa,0.755926,0.415768,19,1,93.55,Cao điểm Sáng,2.31
Hải Phòng,,1,2.13,Xe ViP,Mưa,0.899998,0.47096,11,0,88.15,Đêm,1.25
Đà Nẵng,,3,13.53,Xe Máy,Mưa Bão,0.343351,0.485182,10,0,87.34,Cao điểm Sáng,2.71
Hồ Chí Minh,,6,19.63,Xe Máy,Nhiều Mây,0.487764,0.982729,10,1,95.45,Đêm,1.74
Cần Thơ,,1,14.61,Ô Tô 4 Chỗ,Nắng,0.76237,0.52566,12,0,86.79,Cao điểm Sáng,1.39
Hồ Chí Minh,,4,18.04,Ô Tô 4 Chỗ,Mưa,0.2729,0.56803,12,0,94.67,Đêm,1.7
Hà Nội,,2,18.84,Xe Máy,Nhiều Mây,0.328898,0.935539,13,0,94.23,Đêm,1.91
Đà Nẵng,,5,4.98,Xe Máy,Mưa,0.705206,0.869738,5,1,89.22,Chiều,1.37
Đà Nẵng,,0,2.87,Ô Tô 4 Chỗ,Mưa,0.970464,0.534486,6,0,90.76,Cao điểm Tối,1.67
Cần Thơ,,3,7.68,Ô Tô 4 Chỗ,Nhiều Mây,0.873712,0.968867,18,0,88.71,Cao điểm Tối,1.25
Hồ Chí Minh,,2,8.45,Xe Máy,Nhiều Mây,0.462616,0.737175,16,0,92.94,Cao điểm Tối,1.78
Hồ Chí Minh,,1,11.73,Xe ViP,Nắng,0.564612,0.567264,5,0,86.85,Cao điểm Tối,1.24
Cần Thơ,,1,3.22,Ô Tô 4 Chỗ,Mưa Bão,0.384092,0.657444,1,0,88.44,Cao điểm Tối,2.81
Hà Nội,,2,14.05,Ô Tô 4 Chỗ,Mưa,0.208116,0.965907,20,0,92.31,Cao điểm Tối,3.35
Hồ Chí Minh,,3,13.73,Ô Tô 4 Chỗ,Mưa Bão,0.743562,0.760833,21,0,92.88,Cao điểm Tối,1.63
Hải Phòng,,3,5.35,Xe Máy,Nhiều Mây,0.969929,0.515914,1,0,87.77,Đêm,1
Cần Thơ,,5,8.12,Ô Tô 4 Chỗ,Nắng,0.583136,0.712177,20,1,91.61,Cao điểm Sáng,1.27
Đà Nẵng,,3,13.52,Xe Máy,Nắng,0.964277,0.791577,9,0,89.45,Đêm,1
Hải Phòng,,4,4.04,Xe Máy,Nhiều Mây,0.697507,0.635934,8,0,89.95,Cao điểm Sáng,1.35
Hà Nội,,1,2.5,Ô Tô 4 Chỗ,Nắng,0.360895,0.502447,4,0,86.76,Đêm,1.21
Đà Nẵng,,5,2.66,Xe Máy,Nhiều Mây,0.372839,0.650961,1,1,97.72,Cao điểm Sáng,1.31
Hà Nội,,6,13.3,Ô Tô 4 Chỗ,Mưa Bão,0.314393,0.830923,7,1,97.02,Đêm,2.14
Đà Nẵng,,2,14.28,Ô Tô 4 Chỗ,Mưa,0.862827,0.52997,14,0,91.25,Cao điểm Tối,2.13
Đà Nẵng,,4,2.97,Ô Tô 4 Chỗ,Nắng,0.26408,0.624656,13,0,97.38,Cao điểm Sáng,1.67
Đà Nẵng,,1,15.17,Xe Máy,Nhiều Mây,0.724309,0.405343,11,0,94.73,Cao điểm Tối,1.25
Đà Nẵng,,4,7.94,Ô Tô 4 Chỗ,Mưa Bão,0.896113,0.646523,0,0,88.99,Đêm,1.14
Hà Nội,,1,5.36,Xe ViP,Mưa Bão,0.260417,0.966429,0,0,86.35,Cao điểm Sáng,3.15
Hà Nội,,0,4.42,Xe Máy,Nhiều Mây,0.535561,0.432285,0,0,96.64,Cao điểm Tối,1.26
Cần Thơ,,2,9.69,Ô Tô 4 Chỗ,Nhiều Mây,0.284107,0.411744,13,0,83.43,Đêm,1.19
Hà Nội,,1,17.7,Xe Máy,Mưa,0.221849,0.938091,8,0,95.21,Đêm,2.44
Cần Thơ,,3,8.62,Xe Máy,Mưa Bão,0.724907,0.413326,4,0,88.41,Đêm,1.34
Cần Thơ,,5,18.54,Ô Tô 4 Chỗ,Mưa,0.274814,0.425077,17,1,95.3,Chiều,1.37
Hải Phòng,,0,17.88,Xe Máy,Nhiều Mây,0.6712,0.601798,0,0,91.69,Cao điểm Sáng,1.31
Cần Thơ,,3,9.21,Ô Tô 4 Chỗ,Nhiều Mây,0.286055,0.43626,2,0,85.83,Chiều,1.23
Hồ Chí Minh,,2,17.15,Ô Tô 4 Chỗ,Mưa,0.831729,0.408578,1,0,87.1,Đêm,1.19
Hải Phòng,,1,2.58,Xe Máy,Nắng,0.582005,0.971698,19,0,93.47,Cao điểm Sáng,1.87
Hồ Chí Minh,,6,11.78,Ô Tô 4 Chỗ,Nhiều Mây,0.224237,0.465652,13,1,87.63,Cao điểm Tối,1.52
Cần Thơ,,5,9.08,Xe ViP,Mưa,0.436634,0.973306,5,1,87.22,Cao điểm Tối,2.9
Cần Thơ,,6,3.45,Xe ViP,Nắng,0.650548,0.511013,1,1,86.29,Cao điểm Sáng,1.18
Cần Thơ,,2,5.23,Xe Máy,Mưa Bão,0.340565,0.861068,13,0,94.5,Đêm,1.91
Hồ Chí Minh,,0,6.45,Xe Máy,Nhiều Mây,0.947813,0.607659,1,0,95.16,Cao điểm Sáng,1.12
Hải Phòng,,4,4.64,Xe ViP,Nắng,0.248119,0.998874,16,0,93.33,Cao điểm Tối,2.41
Hồ Chí Minh,,2,18.46,Xe ViP,Nắng,0.234034,0.671917,14,0,97.28,Chiều,1.66
Hồ Chí Minh,,3,14.53,Xe ViP,Mưa Bão,0.327896,0.86767,6,0,87.76,Cao điểm Sáng,2.4
Hồ Chí Minh,,6,7.04,Xe Máy,Nhiều Mây,0.402187,0.503258,19,1,86.38,Đêm,1.15
Hải Phòng,,5,8.92,Xe ViP,Nắng,0.241206,0.486209,10,1,95.64,Đêm,1.14
Hải Phòng,,1,18.74,Xe ViP,Mưa,0.668721,0.651173,11,0,94.66,Cao điểm Sáng,1.66
Cần Thơ,,2,9.54,Xe ViP,Nhiều Mây,0.755184,0.465353,11,0,92.09,Chiều,1
Cần Thơ,,5,18.78,Xe ViP,Nhiều Mây,0.815279,0.625045,5,1,97.37,Chiều,1
Hà Nội,,0,12.69,Xe ViP,Mưa Bão,0.582599,0.458902,10,0,89.34,Cao điểm Tối,1.65
Cần Thơ,,2,16.5,Xe Máy,Nhiều Mây,0.52461,0.464544,20,0,94.39,Chiều,1
Hải Phòng,,3,3.51,Xe ViP,Mưa Bão,0.495954,0.592032,8,0,93.35,Đêm,1.5
Hà Nội,,3,13.84,Xe Máy,Nhiều Mây,0.565323,0.434883,17,0,86.52,Đêm,1
Hải Phòng,,5,11.24,Xe ViP,Nhiều Mây,0.54048,0.747436,6,1,93.13,Cao điểm Sáng,1.5
Hà Nội,,3,15.14,Ô Tô 4 Chỗ,Mưa,0.391893,0.616095,3,0,90.47,Đêm,1.66
Cần Thơ,,6,4.05,Xe Máy,Mưa,0.31939,0.720046,23,1,85.27,Cao điểm Tối,2.54
Cần Thơ,,3,6.08,Ô Tô 4 Chỗ,Mưa Bão,0.3781,0.758018,3,0,96.47,Cao điểm Sáng,2.81
Đà Nẵng,,4,7.08,Xe ViP,Nắng,0.911993,0.548365,8,0,95.9,Cao điểm Sáng,1.18
Cần Thơ,,3,12.52,Xe ViP,Nhiều Mây,0.968273,0.897226,19,0,85.25,Đêm,1
Hải Phòng,,0,14.91,Xe ViP,Nhiều Mây,0.54011,0.894164,11,0,93.81,Cao điểm Sáng,1.86
Đà Nẵng,,3,5.78,Xe ViP,Nhiều Mây,0.295022,0.469528,5,0,87.2,Chiều,1.26
Hà Nội,,3,2.38,Ô Tô 4 Chỗ,Nhiều Mây,0.605341,0.922454,17,0,89.31,Cao điểm Tối,1.65
Hà Nội,,2,1.84,Ô Tô 4 Chỗ,Mưa Bão,0.967306,0.699059,5,0,87.52,Cao điểm Sáng,1.62
Đà Nẵng,,0,17.39,Xe Máy,Nhiều Mây,0.878613,0.966294,13,0,97.99,Chiều,1.13
Hà Nội,,4,5.26,Xe ViP,Nắng,0.28452,0.486804,0,0,89.63,Đêm,1.3
Hà Nội,,1,9.92,Ô Tô 4 Chỗ,Mưa Bão,0.809928,0.638907,14,0,87.99,Cao điểm Sáng,2.32
Hồ Chí Minh,,3,18.2,Ô Tô 4 Chỗ,Nhiều Mây,0.327302,0.498478,20,0,87.63,Chiều,1.26
Cần Thơ,,3,1.46,Xe ViP,Nhiều Mây,0.744943,0.829658,1,0,87.83,Cao điểm Sáng,1.3
Cần Thơ,,3,5.27,Xe ViP,Nhiều Mây,0.432033,0.763229,2,0,85.25,Đêm,1.5
Cần Thơ,,0,9.68,Ô Tô 4 Chỗ,Nắng,0.979003,0.695069,23,0,85.03,Đêm,1
Cần Thơ,,0,14.33,Xe Máy,Nhiều Mây,0.848236,0.911647,19,0,93.83,Cao điểm Sáng,1.49
Hà Nội,,3,0.66,Xe ViP,Nhiều Mây,0.844474,0.897224,20,0,97.92,Cao điểm Tối,1.44
Đà Nẵng,,1,16.8,Xe ViP,Nhiều Mây,0.282704,0.7961,15,0,94.54,Cao điểm Sáng,1.91
Hồ Chí Minh,,6,8.64,Ô Tô 4 Chỗ,Nắng,0.417984,0.544598,19,1,87.69,Cao điểm Sáng,1.55
Hải Phòng,,3,17.65,Ô Tô 4 Chỗ,Nắng,0.7895,0.62928,8,0,86.93,Cao điểm Tối,1.39
Hà Nội,,3,4.26,Ô Tô 4 Chỗ,Mưa,0.957076,0.508195,5,0,94.9,Cao điểm Tối,2.07
Đà Nẵng,,5,9.93,Xe ViP,Mưa Bão,0.711245,0.557355,17,1,97.77,Cao điểm Sáng,1.73
Đà Nẵng,,3,16.47,Xe Máy,Nắng,0.829384,0.520015,17,0,90.13,Cao điểm Tối,1.24
Hà Nội,,3,2.31,Xe ViP,Nắng,0.277137,0.492089,3,0,94.53,Cao điểm Sáng,1.66
Hồ Chí Minh,,1,5.96,Xe Máy,Mưa Bão,0.959705,0.596001,23,0,90.74,Đêm,1.35
Hà Nội,,2,14.02,Xe Máy,Mưa,0.534464,0.48023,22,0,90.19,Cao điểm Sáng,1.9
Hồ Chí Minh,,5,16.2,Ô Tô 4 Chỗ,Nắng,0.781482,0.500775,18,1,90.54,Cao điểm Tối,1.14
Đà Nẵng,,5,7.24,Xe ViP,Mưa Bão,0.30448,0.683849,15,1,83.57,Cao điểm Tối,2.46
Hồ Chí Minh,,2,11.93,Xe Máy,Mưa Bão,0.399392,0.770481,10,0,86.88,Cao điểm Sáng,2.53
Đà Nẵng,,2,18.49,Xe Máy,Nắng,0.774904,0.593205,0,0,86.9,Chiều,1
Cần Thơ,,5,9.37,Ô Tô 4 Chỗ,Mưa,0.389008,0.816385,3,1,85.54,Chiều,1.77
Cần Thơ,,6,4.95,Ô Tô 4 Chỗ,Mưa,0.942666,0.714044,10,1,92.49,Cao điểm Tối,1.79
Hải Phòng,,5,12.48,Xe Máy,Mưa,0.439906,0.853395,5,1,95.92,Cao điểm Tối,2.61
Hồ Chí Minh,,1,13.05,Ô Tô 4 Chỗ,Mưa,0.64679,0.941729,2,0,95.62,Đêm,1.69
Hải Phòng,,4,9.12,Xe ViP,Mưa Bão,0.856781,0.409343,18,0,88.19,Cao điểm Tối,2.26
Đà Nẵng,,2,11.7,Ô Tô 4 Chỗ,Mưa,0.886683,0.79597,2,0,92.01,Chiều,1.12
Hồ Chí Minh,,4,17.27,Xe Máy,Nhiều Mây,0.518012,0.840111,19,0,92.21,Đêm,1.48
Đà Nẵng,,5,14.81,Xe ViP,Nắng,0.810771,0.887981,12,1,98.53,Cao điểm Sáng,1
Đà Nẵng,,2,12.3,Xe Máy,Nhiều Mây,0.948657,0.491785,14,0,92.36,Cao điểm Sáng,1.11
Hà Nội,,6,4.75,Xe Máy,Nhiều Mây,0.452695,0.850799,4,1,93.55,Chiều,1.6
Hồ Chí Minh,,5,14.76,Xe Máy,Nhiều Mây,0.520557,0.856396,4,1,85.38,Cao điểm Sáng,1.66
Hải Phòng,,6,16.55,Xe ViP,Mưa,0.762028,0.853463,14,1,98.06,Cao điểm Sáng,1.85
Hải Phòng,,0,10.42,Xe Máy,Mưa Bão,0.957903,0.682988,21,0,89.27,Cao điểm Sáng,2.15
Hải Phòng,,6,12.19,Ô Tô 4 Chỗ,Nắng,0.833071,0.512643,16,1,89.06,Cao điểm Tối,1.05
Hồ Chí Minh,,3,2.94,Ô Tô 4 Chỗ,Mưa Bão,0.614581,0.503822,7,0,98.06,Cao điểm Sáng,2.08
Đà Nẵng,,6,13.56,Ô Tô 4 Chỗ,Nắng,0.724498,0.42324,3,1,87.53,Đêm,1
Hồ Chí Minh,,0,12.04,Ô Tô 4 Chỗ,Nhiều Mây,0.325234,0.401566,15,0,94.88,Cao điểm Sáng,1.26
Hồ Chí Minh,,3,14.64,Xe Máy,Nhiều Mây,0.730239,0.438582,18,0,89.8,Chiều,1
Hải Phòng,,2,7.9,Xe Máy,Mưa Bão,0.253852,0.700676,14,0,96.33,Cao điểm Sáng,2.23
Hồ Chí Minh,,1,19.27,Ô Tô 4 Chỗ,Mưa,0.53581,0.654079,11,0,93.42,Chiều,1.33
Cần Thơ,,2,11.97,Xe Máy,Mưa,0.476974,0.765294,17,0,87.05,Cao điểm Sáng,2.31
Cần Thơ,,0,11.44,Xe ViP,Mưa,0.210954,0.46133,7,0,96.5,Cao điểm Sáng,1.94
Đà Nẵng,,0,7.57,Xe Máy,Mưa,0.315385,0.438063,23,0,87.09,Đêm,1.3
